CustomerID,Age,Gender,TenureYears,MonthlyCharges,TotalCharges,ContractType,InternetService,PaymentMethod,SeniorCitizen,SupportCalls,StreamingService,PaperlessBilling,Churn
CUST00001,56.0,Female,0,20.41,131.92,One year,DSL,Bank transfer,No,3,No,Yes,Yes
CUST00002,69.0,Male,9,21.1,2394.45,Two year,DSL,Credit card,Yes,1,Yes,No,No
CUST00003,46.0,Female,3,61.66,2755.45,Two year,DSL,Bank transfer,No,3,Yes,No,No
CUST00004,32.0,Male,8,35.5,3796.58,Month-to-month,No,Credit card,No,2,No,No,No
CUST00005,60.0,Male,9,86.45,10188.8,Two year,Fiber optic,Electronic check,Yes,3,No,Yes,Yes
CUST00006,25.0,Male,5,90.88,5818.04,Two year,DSL,Mailed check,No,0,No,No,No
CUST00007,38.0,Female,5,37.79,2670.55,Month-to-month,DSL,Mailed check,No,1,Yes,Yes,No
CUST00008,56.0,Male,0,108.85,1106.71,Two year,No,Electronic check,No,4,Yes,No,Yes
CUST00009,36.0,Male,9,64.19,7652.76,One year,DSL,Mailed check,No,3,Yes,No,No
CUST00010,40.0,Male,1,34.28,618.59,One year,Fiber optic,Electronic check,No,3,Yes,Yes,No
CUST00011,28.0,female,10,96.43,12483.28,Month-to-month,Fiber optic,Electronic check,No,1,No,No,No
CUST00012,28.0,Male,5,99.0,6683.32,One year,Fiber optic,Electronic check,No,1,Yes,No,No
CUST00013,41.0,Male,1,83.93,1377.76,Month-to-month,DSL,Credit card,No,2,No,No,No
CUST00014,53.0,Male,2,105.35,3786.15,Two year,No,Mailed check,No,2,Yes,Yes,No
CUST00015,57.0,Female,3,93.74,3507.88,Two year,Fiber optic,Credit card,No,7,No,No,No
CUST00016,41.0,Male,10,108.22,13287.79,One year,DSL,Bank transfer,No,1,Yes,Yes,No
CUST00017,20.0,Male,4,63.39,3728.47,Month-to-month,DSL,Electronic check,No,2,No,Yes,No
CUST00018,39.0,Female,8,94.76,9254.85,One year,DSL,Mailed check,No,3,Yes,Yes,Yes
CUST00019,19.0,Female,3,119.98,5609.67,Month-to-month,DSL,Bank transfer,No,4,No,Yes,Yes
CUST00020,41.0,Female,10,92.49,11918.95,One year,No,Electronic check,No,2,Yes,Yes,No
CUST00021,61.0,Male,8,31.42,3060.42,One year,DSL,Bank transfer,Yes,1,No,No,Yes
CUST00022,47.0,Male,10,71.83,9030.65,Month-to-month,No,Credit card,No,2,Yes,No,No
CUST00023,55.0,Male,9,78.73,9234.96,Month-to-month,Fiber optic,Credit card,No,0,Yes,No,No
CUST00024,19.0,Male,2,37.42,1175.52,One year,DSL,Mailed check,No,2,No,Yes,No
CUST00025,38.0,Female,7,116.29,11081.81,Month-to-month,DSL,Bank transfer,No,1,No,No,No
CUST00026,50.0,Male,0,37.56,396.04,Month to month,Fiber optic,Bank transfer,No,4,Yes,No,No
CUST00027,29.0,Female,10,37.76,4707.13,Month-to-month,Fiber optic,Credit card,No,1,Yes,No,No
CUST00028,39.0,Male,8,111.52,10921.25,Month-to-month,No,Credit card,No,2,Yes,Yes,No
CUST00029,61.0,Male,8,66.52,7143.37,One year,Fiber optic,Mailed check,Yes,2,Yes,No,No
CUST00030,42.0,Male,9,26.32,3018.64,One year,Fiber optic,Electronic check,No,3,Yes,No,Yes
CUST00031,66.0,Female,1,79.82,1102.98,One year,DSL,Mailed check,Yes,2,Yes,Yes,No
CUST00032,44.0,Female,3,80.18,3686.86,One year,No,Credit card,No,3,Yes,No,No
CUST00033,59.0,Female,7,26.45,2500.94,Month-to-month,No,Mailed check,No,1,No,No,Yes
CUST00034,45.0,Female,6,,9383.95,One year,Fiber optic,Electronic check,No,0,No,Yes,No
CUST00035,33.0,Male,0,74.4,440.64,Month-to-month,DSL,Credit card,No,1,No,Yes,Yes
CUST00036,32.0,Male,4,75.98,4276.45,Month-to-month,Fiber optic,Electronic check,No,2,No,Yes,No
CUST00037,64.0,Male,6,72.01,5816.5,Month-to-month,Fiber optic,Mailed check,Yes,2,Yes,Yes,No
CUST00038,68.0,Male,3,81.07,3795.97,Month-to-month,Fiber optic,Electronic check,Yes,1,Yes,No,Yes
CUST00039,61.0,Male,0,46.43,534.62,Month-to-month,Fiber optic,Credit card,Yes,0,Yes,Yes,Yes
CUST00040,69.0,Female,8,48.72,5001.47,Month-to-month,No,Credit card,Yes,1,Yes,No,No
CUST00041,20.0,Female,4,71.13,4110.14,Two year,fiber optic,Electronic check,No,1,Yes,Yes,No
CUST00042,54.0,Male,10,100.67,13249.14,Month-to-month,Fiber optic,Mailed check,No,0,Yes,Yes,No
CUST00043,68.0,Male,1,24.99,366.45,Month-to-month,DSL,Mailed check,Yes,3,No,Yes,No
CUST00044,24.0,Male,7,80.34,6845.04,Two year,DSL,Mailed check,No,0,Yes,No,Yes
CUST00045,38.0,Male,10,100.68,13144.64,Month-to-month,No,Mailed check,No,0,Yes,No,Yes
CUST00046,26.0,Female,1,35.69,540.63,Month-to-month,Fiber optic,Bank transfer,No,1,Yes,No,No
CUST00047,56.0,Male,2,21.5,,Month-to-month,No,Bank transfer,No,0,Yes,No,No
CUST00048,35.0,Male,9,51.27,5678.72,Month-to-month,Fiber optic,Electronic check,No,2,Yes,Yes,No
CUST00049,21.0,Male,0,78.81,411.8,Month-to-month,No,Bank transfer,No,2,Yes,Yes,Yes
CUST00050,42.0,Male,10,33.83,4175.03,Month-to-month,Fiber optic,Bank transfer,No,0,Yes,Yes,Yes
CUST00051,31.0,Female,1,62.61,1024.16,Two year,DSL,Bank transfer,No,2,No,No,Yes
CUST00052,67.0,Male,6,75.23,6298.88,Month-to-month,No,Electronic check,Yes,1,No,No,No
CUST00053,26.0,Female,9,79.89,9327.03,Month-to-month,DSL,Bank transfer,No,1,No,Yes,No
CUST00054,43.0,Female,1,47.44,988.37,One year,Fiber optic,Mailed check,No,3,No,Yes,Yes
CUST00055,19.0,Male,5,60.0,3722.49,Month-to-month,Fiber optic,Mailed check,No,1,Yes,No,Yes
CUST00056,37.0,Male,2,97.83,3233.58,Month-to-month,DSL,Electronic check,No,2,No,No,No
CUST00057,45.0,Male,3,114.12,5150.55,Two year,DSL,Electronic check,No,2,No,Yes,No
CUST00058,64.0,Male,10,106.19,13619.63,Two year,Fiber optic,Electronic check,Yes,1,Yes,Yes,Yes
CUST00059,24.0,Male,7,76.43,6688.6,One year,DSL,Credit card,No,0,No,Yes,No
CUST00060,61.0,Female,2,61.03,1809.75,Month-to-month,Fiber optic,Bank transfer,Yes,0,Yes,No,No
CUST00061,25.0,Female,9,53.3,6305.87,Two year,Fiber optic,Electronic check,No,2,No,No,No
CUST00062,64.0,Female,5,32.5,2222.1,Month-to-month,Fiber optic,Electronic check,Yes,5,No,Yes,No
CUST00063,52.0,Female,0,30.66,277.79,Month-to-month,Fiber optic,Electronic check,No,3,No,Yes,Yes
CUST00064,31.0,Female,6,88.84,7059.33,Month-to-month,No,Mailed check,No,3,Yes,Yes,No
CUST00065,34.0,Male,7,45.98,4135.69,One year,DSL,Electronic check,No,0,Yes,No,No
CUST00066,53.0,Male,10,45.47,5881.53,Month-to-month,Fiber optic,Mailed check,No,2,No,No,No
CUST00067,67.0,Female,7,119.82,10274.23,One year,DSL,Mailed check,Yes,3,No,Yes,No
CUST00068,57.0,Male,2,38.79,1256.98,Two year,Fiber optic,Credit card,No,2,Yes,Yes,No
CUST00069,21.0,Male,9,34.81,4176.13,Month-to-month,Fiber optic,Electronic check,No,3,Yes,Yes,No
CUST00070,19.0,Female,0,29.87,286.22,One year,DSL,Credit card,No,3,No,No,No
CUST00071,23.0,Female,8,77.98,7813.3,Month-to-month,DSL,Electronic check,No,3,No,No,No
CUST00072,59.0,Female,5,82.79,5303.2,Month-to-month,Fiber optic,Bank transfer,No,3,No,No,No
CUST00073,21.0,Male,10,56.52,7253.74,Month-to-month,DSL,Electronic check,No,4,No,No,No
CUST00074,46.0,Female,8,73.54,7858.07,One year,DSL,Electronic check,No,1,Yes,Yes,No
CUST00075,35.0,Female,6,98.84,7843.69,Month-to-month,No,Electronic check,No,1,No,Yes,No
CUST00076,43.0,Male,0,101.81,692.45,Two year,DSL,Electronic check,No,4,Yes,No,No
CUST00077,61.0,Male,0,115.79,320.07,Two year,Fiber optic,Electronic check,Yes,2,Yes,No,No
CUST00078,51.0,Female,5,102.43,7054.36,Two year,DSL,Electronic check,No,3,Yes,No,No
CUST00079,27.0,Male,4,76.48,4338.35,Month-to-month,No,Credit card,No,0,Yes,Yes,Yes
CUST00080,53.0,Female,8,37.97,4086.96,Month-to-month,DSL,Bank transfer,No,3,Yes,No,Yes
CUST00081,31.0,Male,1,29.98,488.74,Month-to-month,Fiber optic,Credit card,No,2,Yes,Yes,No
CUST00082,48.0,Female,7,25.45,2375.02,One year,Fiber optic,Bank transfer,No,2,Yes,Yes,Yes
CUST00083,65.0,Male,10,86.65,10898.38,Two year,No,Credit card,Yes,2,Yes,Yes,No
CUST00084,32.0,Male,4,100.75,5555.68,One year,No,Credit card,No,1,Yes,No,No
CUST00085,25.0,Male,1,70.87,1557.79,One year,DSL,Electronic check,No,3,No,No,No
CUST00086,31.0,Female,9,25.47,2838.43,Month-to-month,No,Credit card,No,6,Yes,No,No
CUST00087,40.0,Female,10,73.55,9176.95,Two year,Fiber optic,Bank transfer,No,3,No,No,No
CUST00088,57.0,Female,10,113.57,14708.04,Month-to-month,No,Mailed check,No,2,Yes,Yes,No
CUST00089,38.0,Male,5,79.76,5365.86,Month-to-month,No,Bank transfer,No,1,Yes,Yes,No
CUST00090,33.0,Male,9,100.94,11105.08,Two year,Fiber optic,Credit card,No,3,No,No,No
CUST00091,62.0,Male,7,100.02,8975.0,One year,Fiber optic,Mailed check,Yes,2,Yes,Yes,No
CUST00092,35.0,Female,3,113.21,4919.31,Month-to-month,Fiber optic,Electronic check,No,2,Yes,Yes,Yes
CUST00093,64.0,Male,1,97.02,2231.92,Month-to-month,Fiber optic,Mailed check,Yes,2,No,No,Yes
CUST00094,41.0,Female,10,94.77,11663.66,Month-to-month,DSL,Electronic check,No,1,No,No,No
CUST00095,43.0,Female,4,43.41,,One year,DSL,Bank transfer,No,0,Yes,Yes,No
CUST00096,42.0,Female,1,25.99,375.21,Month-to-month,DSL,Mailed check,No,2,Yes,No,Yes
CUST00097,62.0,Female,1,71.76,1124.09,Two year,No,Mailed check,Yes,1,No,Yes,No
CUST00098,,Female,5,32.44,2065.67,Month-to-month,DSL,Mailed check,No,2,Yes,No,No
CUST00099,46.0,Male,10,116.22,15184.41,Month-to-month,DSL,Electronic check,No,1,Yes,Yes,No
CUST00100,32.0,Male,9,48.99,5447.16,Month-to-month,DSL,Electronic check,No,5,Yes,No,Yes
CUST00101,62.0,Male,8,105.29,11124.58,Month-to-month,Fiber optic,Bank transfer,Yes,2,No,Yes,No
CUST00102,18.0,Male,3,,2472.61,One year,No,Bank transfer,No,2,Yes,No,Yes
CUST00103,42.0,Male,5,52.32,3766.52,One year,Fiber optic,Credit card,No,1,No,No,No
CUST00104,24.0,Male,6,113.52,9334.75,Month-to-month,DSL,Electronic check,No,1,Yes,No,No
CUST00105,26.0,Female,10,56.33,7274.27,Month-to-month,No,Bank transfer,No,2,Yes,Yes,No
CUST00106,41.0,Male,5,,4166.22,Two year,DSL,Mailed check,No,3,Yes,No,Yes
CUST00107,18.0,Female,7,30.61,2815.33,Month-to-month,No,Mailed check,No,2,No,No,No
CUST00108,61.0,Female,3,87.04,4028.23,Month-to-month,DSL,Mailed check,Yes,6,No,Yes,Yes
CUST00109,25.0,Female,0,48.88,189.28,Month-to-month,Fiber optic,Bank transfer,No,1,No,No,Yes
CUST00110,41.0,Female,6,78.56,5819.31,One year,DSL,Mailed check,No,0,Yes,Yes,No
CUST00111,28.0,Female,2,79.14,2514.69,Month-to-month,No,Mailed check,No,6,Yes,Yes,Yes
CUST00112,68.0,Male,5,91.92,6046.64,Month-to-month,DSL,Electronic check,Yes,0,No,Yes,Yes
CUST00113,34.0,Male,1,94.52,1672.14,One year,DSL,Electronic check,No,2,No,Yes,No
CUST00114,25.0,Male,8,71.45,7344.65,Two year,No,Bank transfer,No,4,No,Yes,No
CUST00115,52.0,Female,0,53.1,264.18,Month-to-month,DSL,Electronic check,No,0,Yes,Yes,Yes
CUST00116,52.0,Male,5,103.75,7043.24,Month-to-month,Fiber optic,Credit card,No,1,Yes,No,No
CUST00117,50.0,Male,5,50.99,3127.54,Month-to-month,Fiber optic,Bank transfer,No,3,No,Yes,Yes
CUST00118,22.0,Female,4,70.75,4221.57,Month-to-month,Fiber optic,Credit card,No,1,Yes,No,No
CUST00119,59.0,Female,4,60.13,3558.0,Month-to-month,Fiber optic,Credit card,No,2,Yes,Yes,No
CUST00120,56.0,Male,0,105.51,1190.99,One year,No,Bank transfer,No,3,No,No,Yes
CUST00121,58.0,Female,9,63.19,7141.42,Two year,No,Electronic check,No,5,Yes,Yes,No
CUST00122,45.0,Female,4,58.61,3214.81,Two year,Fiber optic,Electronic check,No,2,No,Yes,No
CUST00123,24.0,Female,1,88.98,2090.62,Month-to-month,DSL,Bank transfer,No,2,No,No,Yes
CUST00124,26.0,Male,6,80.24,6653.97,One year,DSL,Credit card,No,2,No,No,No
CUST00125,25.0,Female,2,30.72,1035.04,Month-to-month,DSL,Bank transfer,No,1,No,Yes,No
CUST00126,29.0,Female,3,70.82,2937.66,Month-to-month,Fiber optic,Bank transfer,No,2,No,Yes,No
CUST00127,51.0,Female,2,93.55,2919.48,Two year,No,Mailed check,No,4,Yes,No,No
CUST00128,50.0,Female,2,119.21,4020.0,Two year,Fiber optic,Mailed check,No,2,No,No,No
CUST00129,65.0,Female,3,82.91,3316.66,Month-to-month,Fiber optic,Credit card,Yes,0,No,Yes,Yes
CUST00130,40.0,Male,4,57.03,3187.46,Month-to-month,Fiber optic,Electronic check,No,0,Yes,Yes,Yes
CUST00131,41.0,Male,0,42.62,430.77,Month-to-month,DSL,Mailed check,No,1,Yes,No,Yes
CUST00132,54.0,Female,3,107.28,4804.21,One year,Fiber optic,Mailed check,No,1,No,Yes,Yes
CUST00133,52.0,Female,10,101.46,12811.79,Two year,Fiber optic,Credit card,No,1,No,Yes,No
CUST00134,61.0,Male,7,43.39,3967.18,Month-to-month,Fiber optic,Bank transfer,Yes,5,No,No,No
CUST00135,57.0,Male,9,40.06,4802.21,Month-to-month,DSL,Mailed check,No,1,No,No,Yes
CUST00136,39.0,Female,6,91.51,7286.2,Month-to-month,Fiber optic,Electronic check,No,1,Yes,Yes,Yes
CUST00137,44.0,Female,8,51.5,5440.55,Month-to-month,DSL,Credit card,No,2,No,Yes,Yes
CUST00138,52.0,Male,4,50.64,2886.11,One year,DSL,Mailed check,No,3,No,No,No
CUST00139,18.0,Female,9,35.23,4111.92,Two year,Fiber optic,Credit card,No,0,No,No,No
CUST00140,52.0,Female,3,46.4,2082.43,Month-to-month,DSL,Mailed check,No,3,No,No,Yes
CUST00141,54.0,Male,7,62.75,5647.41,Month-to-month,No,Mailed check,No,3,Yes,No,No
CUST00142,64.0,Male,8,93.28,9534.69,Month-to-month,DSL,Credit card,Yes,2,Yes,No,Yes
CUST00143,31.0,Male,6,53.63,4191.0,Month-to-month,Fiber optic,Electronic check,No,1,No,Yes,No
CUST00144,20.0,Male,6,52.86,3878.12,Month-to-month,No,Electronic check,No,1,No,No,No
CUST00145,18.0,Female,4,48.49,2504.59,Month-to-month,Fiber optic,Bank transfer,No,0,No,No,No
CUST00146,22.0,Female,3,67.83,2625.03,Month-to-month,No,Mailed check,No,3,Yes,No,No
CUST00147,43.0,Female,9,38.06,4519.66,Month-to-month,Fiber optic,Bank transfer,No,2,No,Yes,No
CUST00148,31.0,Female,0,68.56,275.93,One year,No,Credit card,No,2,Yes,Yes,Yes
CUST00149,56.0,Male,9,90.42,9993.48,Month-to-month,DSL,Bank transfer,No,0,Yes,No,No
CUST00150,44.0,Male,9,22.98,2535.09,One year,DSL,Credit card,No,2,No,Yes,No
CUST00151,26.0,Female,6,20.98,1693.08,One year,Fiber optic,Electronic check,No,2,Yes,No,No
CUST00152,32.0,Female,0,27.51,29.35,Two year,Fiber optic,Credit card,No,3,Yes,No,No
CUST00153,32.0,Female,0,73.57,454.98,Month-to-month,Fiber optic,Credit card,No,1,No,No,Yes
CUST00154,43.0,Male,4,105.45,5304.93,One year,DSL,Bank transfer,No,1,No,Yes,No
CUST00155,59.0,Male,8,20.49,2179.04,Month-to-month,DSL,Mailed check,No,1,Yes,Yes,No
CUST00156,30.0,Male,5,113.67,8132.29,Two year,DSL,Bank transfer,No,1,Yes,Yes,No
CUST00157,68.0,Female,2,30.63,1088.78,One year,Fiber optic,Electronic check,Yes,2,Yes,No,No
CUST00158,49.0,Female,2,104.2,3111.58,Month-to-month,DSL,Electronic check,No,3,No,Yes,Yes
CUST00159,56.0,Female,6,68.29,5469.32,Month-to-month,DSL,Electronic check,No,0,Yes,No,No
CUST00160,66.0,Male,5,85.94,5809.26,Two year,DSL,Mailed check,Yes,1,No,Yes,No
CUST00161,69.0,Female,8,71.07,7167.44,Two year,Fiber optic,Bank transfer,Yes,2,Yes,No,Yes
CUST00162,49.0,Male,5,67.7,4460.39,Two year,No,Credit card,No,2,No,No,No
CUST00163,21.0,Female,4,103.49,5144.24,Two year,Fiber optic,Credit card,No,2,Yes,Yes,No
CUST00164,47.0,Female,9,95.59,11255.98,Two year,DSL,Mailed check,No,1,Yes,No,No
CUST00165,54.0,Male,6,68.34,5169.84,One year,DSL,Electronic check,No,5,No,Yes,No
CUST00166,40.0,Male,0,31.16,189.01,Month-to-month,Fiber optic,Mailed check,No,1,No,No,Yes
CUST00167,56.0,Female,6,31.54,2469.17,Month-to-month,Fiber optic,Credit card,No,2,Yes,No,No
CUST00168,62.0,Male,2,100.15,3121.46,One year,Fiber optic,Electronic check,Yes,5,Yes,Yes,No
CUST00169,32.0,Male,8,72.94,7731.4,Month-to-month,No,Mailed check,No,2,Yes,No,No
CUST00170,60.0,Male,5,68.16,4676.5,One year,No,Credit card,Yes,2,Yes,No,Yes
CUST00171,46.0,Male,8,88.06,9184.1,Month-to-month,DSL,Credit card,No,2,No,No,No
CUST00172,53.0,Male,4,105.88,5801.61,One year,DSL,Mailed check,No,3,Yes,No,Yes
CUST00173,30.0,Female,6,82.89,6138.46,Month-to-month,Fiber optic,Credit card,No,3,No,Yes,No
CUST00174,49.0,Female,3,96.28,3988.12,Month-to-month,Fiber optic,Bank transfer,No,1,No,Yes,No
CUST00175,24.0,Female,6,96.53,8063.2,Month-to-month,Fiber optic,Bank transfer,No,0,No,Yes,Yes
CUST00176,68.0,Female,0,55.63,664.84,Month-to-month,Fiber optic,Electronic check,Yes,0,No,No,Yes
CUST00177,39.0,Male,6,47.41,3841.89,Two year,DSL,Bank transfer,No,3,No,Yes,No
CUST00178,45.0,Female,7,100.12,8760.77,Month-to-month,No,Bank transfer,No,4,No,Yes,Yes
CUST00179,19.0,Male,4,57.72,2892.97,Two year,Fiber optic,Mailed check,No,4,Yes,No,No
CUST00180,59.0,Female,1,110.33,1937.66,Month-to-month,No,Electronic check,No,2,Yes,No,No
CUST00181,62.0,Female,4,26.97,1575.65,Month-to-month,Fiber optic,Mailed check,Yes,3,No,Yes,No
CUST00182,23.0,Male,5,25.82,1780.04,Month-to-month,Fiber optic,Mailed check,No,1,Yes,Yes,No
CUST00183,45.0,Female,1,112.7,2560.86,Month-to-month,DSL,Bank transfer,No,1,No,No,No
CUST00184,45.0,Female,5,84.85,5750.58,Month-to-month,Fiber optic,Bank transfer,No,1,No,No,No
CUST00185,61.0,Female,5,57.96,3618.65,Month-to-month,DSL,Credit card,Yes,3,No,No,No
CUST00186,61.0,Female,0,95.51,216.12,Two year,Fiber optic,Credit card,Yes,2,Yes,No,No
CUST00187,37.0,Female,0,87.23,133.29,Two year,DSL,Electronic check,No,1,Yes,Yes,Yes
CUST00188,47.0,Female,10,73.12,9303.63,Two year,DSL,Bank transfer,No,1,Yes,Yes,No
CUST00189,28.0,Female,9,29.89,3337.87,Two year,DSL,Credit card,No,1,No,No,No
CUST00190,45.0,Male,2,101.22,3348.18,Month-to-month,DSL,Mailed check,No,3,Yes,No,Yes
CUST00191,42.0,Female,9,106.6,12424.1,Month-to-month,DSL,Bank transfer,No,3,No,Yes,No
CUST00192,56.0,Female,9,37.22,4187.22,Month-to-month,No,Electronic check,No,4,No,Yes,No
CUST00193,50.0,Female,2,105.05,2830.55,Month-to-month,DSL,Electronic check,No,3,Yes,Yes,No
CUST00194,18.0,Female,3,107.78,4109.26,One year,Fiber optic,Mailed check,No,3,No,Yes,Yes
CUST00195,44.0,Female,1,74.94,1582.02,Two year,DSL,Credit card,No,3,No,No,No
CUST00196,69.0,Female,8,85.62,8729.37,One year,Fiber optic,Mailed check,Yes,1,No,Yes,No
CUST00197,30.0,Male,9,58.22,6553.18,Two year,DSL,Credit card,No,1,No,No,No
CUST00198,58.0,Female,10,48.18,6283.79,Month-to-month,DSL,Bank transfer,No,3,No,No,No
CUST00199,20.0,Female,6,,7332.64,Month-to-month,DSL,Electronic check,No,0,Yes,Yes,Yes
CUST00200,56.0,Male,6,106.19,8356.94,Month-to-month,Fiber optic,Credit card,No,1,No,No,Yes
CUST00201,23.0,Male,5,85.41,5908.42,Two year,DSL,Mailed check,No,2,No,No,Yes
CUST00202,25.0,Female,2,71.16,2417.41,Two year,No,Bank transfer,No,3,Yes,No,No
CUST00203,44.0,Female,5,35.89,2460.14,One year,Fiber optic,Credit card,No,0,Yes,No,No
CUST00204,26.0,Female,7,25.35,2277.45,Month-to-month,No,Bank transfer,No,1,No,Yes,No
CUST00205,54.0,Male,7,64.57,5757.85,Month-to-month,No,Bank transfer,No,1,Yes,Yes,No
CUST00206,50.0,Male,10,24.93,3228.14,Month-to-month,Fiber optic,Mailed check,No,2,No,Yes,No
CUST00207,68.0,Female,8,,7900.48,Two year,No,Mailed check,Yes,2,Yes,No,Yes
CUST00208,59.0,Female,0,58.27,509.76,Month-to-month,DSL,Bank transfer,No,1,Yes,No,Yes
CUST00209,61.0,Male,0,95.72,1033.24,Month-to-month,No,Bank transfer,Yes,0,Yes,Yes,No
CUST00210,41.0,Male,2,50.56,1773.38,Month-to-month,DSL,Credit card,No,1,No,No,No
CUST00211,32.0,Male,2,79.3,2224.75,Two year,Fiber optic,Mailed check,No,1,Yes,Yes,No
CUST00212,49.0,Male,9,73.77,8193.4,Month-to-month,Fiber optic,Credit card,No,3,Yes,Yes,No
CUST00213,49.0,Female,7,20.47,1798.78,One year,No,Electronic check,No,2,Yes,No,Yes
CUST00214,41.0,Male,9,27.24,3194.3,Month-to-month,No,Credit card,No,4,No,Yes,No
CUST00215,58.0,Male,0,49.04,248.66,Month-to-month,DSL,Bank transfer,No,3,Yes,No,No
CUST00216,69.0,Female,1,108.22,1613.27,Month-to-month,Fiber optic,Electronic check,Yes,1,Yes,Yes,No
CUST00217,66.0,Male,1,34.7,488.65,Two year,Fiber optic,Credit card,Yes,3,Yes,No,No
CUST00218,66.0,Female,2,91.09,2605.21,Two year,Fiber optic,Electronic check,Yes,4,Yes,No,Yes
CUST00219,69.0,Male,5,117.34,7333.46,Month-to-month,DSL,Mailed check,Yes,0,Yes,Yes,No
CUST00220,29.0,Female,0,99.06,269.45,Month-to-month,Fiber optic,Credit card,No,2,Yes,Yes,No
CUST00221,56.0,Male,1,44.29,908.95,Two year,No,Credit card,No,3,Yes,No,Yes
CUST00222,19.0,Female,0,110.84,134.9,One year,Fiber optic,Mailed check,No,3,No,No,No
CUST00223,20.0,Female,4,29.31,1474.09,Month-to-month,Fiber optic,Credit card,No,3,No,No,No
CUST00224,66.0,Male,6,66.81,5497.66,Month-to-month,Fiber optic,Electronic check,Yes,2,Yes,No,No
CUST00225,54.0,Female,7,108.75,10254.48,One year,Fiber optic,Mailed check,No,3,No,Yes,No
CUST00226,66.0,Female,9,84.13,9474.86,One year,No,Electronic check,Yes,4,Yes,Yes,No
CUST00227,34.0,Male,0,61.36,120.72,Two year,Fiber optic,Credit card,No,4,Yes,No,Yes
CUST00228,66.0,Female,6,49.28,3979.59,Two year,Fiber optic,Credit card,Yes,0,Yes,No,No
CUST00229,19.0,Female,4,57.51,3045.81,Month-to-month,No,Credit card,No,2,No,No,No
CUST00230,19.0,Male,9,70.89,7762.46,One year,DSL,Credit card,No,3,No,Yes,No
CUST00231,45.0,Male,0,51.9,142.0,Month-to-month,No,Electronic check,No,1,No,Yes,Yes
CUST00232,40.0,Female,2,116.9,3098.94,One year,Fiber optic,Credit card,No,1,Yes,No,No
CUST00233,54.0,Female,6,113.31,9005.91,One year,No,Mailed check,No,2,No,No,Yes
CUST00234,49.0,Female,9,107.07,12728.41,Month-to-month,DSL,Mailed check,No,1,No,No,No
CUST00235,50.0,Female,0,62.18,604.63,Two year,Fiber optic,Bank transfer,No,2,Yes,Yes,No
CUST00236,18.0,Female,6,89.13,7042.31,One year,No,Mailed check,No,2,Yes,Yes,No
CUST00237,36.0,Male,4,110.28,5915.83,Two year,Fiber optic,Bank transfer,No,2,Yes,No,No
CUST00238,19.0,Female,0,105.04,819.88,Month-to-month,DSL,Mailed check,No,2,Yes,No,No
CUST00239,61.0,Male,0,61.43,361.33,Month-to-month,DSL,Mailed check,Yes,2,Yes,No,No
CUST00240,43.0,Male,0,31.24,115.81,One year,Fiber optic,Credit card,No,1,Yes,Yes,Yes
CUST00241,49.0,Male,10,27.56,3540.67,Two year,Fiber optic,Mailed check,No,3,Yes,No,No
CUST00242,23.0,Male,8,77.71,8284.33,Month-to-month,Fiber optic,Credit card,No,2,Yes,No,No
CUST00243,49.0,Female,10,84.26,10541.06,Month-to-month,Fiber optic,Credit card,No,2,No,Yes,Yes
CUST00244,21.0,Female,2,104.98,3596.29,Month-to-month,No,Mailed check,No,0,No,No,Yes
CUST00245,28.0,Female,4,49.25,2646.79,Month-to-month,Fiber optic,Electronic check,No,3,Yes,Yes,No
CUST00246,34.0,Male,10,36.75,4608.99,Two year,DSL,Credit card,No,2,No,No,No
CUST00247,55.0,Male,9,57.9,6329.14,One year,DSL,Mailed check,No,2,Yes,Yes,No
CUST00248,41.0,Female,8,55.36,5793.32,Two year,Fiber optic,Electronic check,No,0,No,Yes,No
CUST00249,22.0,Male,5,33.25,2323.59,One year,Fiber optic,Mailed check,No,3,No,Yes,Yes
CUST00250,69.0,Female,8,87.23,9098.01,Month-to-month,Fiber optic,Mailed check,Yes,1,No,No,Yes
CUST00251,51.0,Male,7,,6141.95,One year,Fiber optic,Electronic check,No,0,Yes,No,No
CUST00252,23.0,Male,7,92.11,7934.01,One year,Fiber optic,Mailed check,No,2,Yes,Yes,No
CUST00253,39.0,Male,0,55.27,403.55,Two year,No,Credit card,No,0,Yes,No,No
CUST00254,28.0,Male,8,52.57,5331.47,Month-to-month,No,Bank transfer,No,0,Yes,Yes,No
CUST00255,65.0,Male,5,67.26,4420.33,Month-to-month,DSL,Bank transfer,Yes,3,Yes,Yes,No
CUST00256,33.0,Male,8,107.74,11597.76,Month-to-month,No,Mailed check,No,4,Yes,Yes,No
CUST00257,50.0,Male,2,24.03,792.1,One year,Fiber optic,Bank transfer,No,2,No,No,No
CUST00258,26.0,Female,2,100.48,2967.14,Month-to-month,Fiber optic,Bank transfer,No,3,No,Yes,No
CUST00259,23.0,Female,5,56.9,3482.85,One year,Fiber optic,Bank transfer,No,2,Yes,No,No
CUST00260,33.0,Male,8,105.46,10269.17,Two year,No,Credit card,No,2,Yes,No,No
CUST00261,46.0,Male,6,100.22,8071.0,Month-to-month,No,Credit card,No,3,No,Yes,No
CUST00262,20.0,Female,2,54.88,1877.73,One year,Fiber optic,Bank transfer,No,0,No,No,No
CUST00263,37.0,Male,2,89.39,2930.63,Two year,DSL,Electronic check,No,2,No,No,No
CUST00264,53.0,Female,1,35.96,628.03,One year,Fiber optic,Electronic check,No,1,Yes,No,Yes
CUST00265,36.0,Female,8,109.63,10671.66,Month-to-month,DSL,Electronic check,No,1,Yes,Yes,No
CUST00266,43.0,Female,2,60.45,2154.52,Month-to-month,Fiber optic,Credit card,No,0,No,No,No
CUST00267,20.0,Female,10,65.56,8644.07,Month-to-month,No,Credit card,No,3,No,Yes,No
CUST00268,36.0,Female,4,90.58,4985.8,Month-to-month,Fiber optic,Credit card,No,0,No,Yes,No
CUST00269,37.0,Male,8,102.08,9981.12,One year,DSL,Credit card,No,2,No,No,No
CUST00270,49.0,Male,7,43.63,3968.18,Two year,Fiber optic,Bank transfer,No,1,No,Yes,Yes
CUST00271,24.0,Female,1,86.14,,One year,DSL,Credit card,No,2,No,No,No
CUST00272,69.0,Male,2,59.2,1922.81,Month-to-month,DSL,Bank transfer,Yes,1,No,Yes,No
CUST00273,58.0,Female,1,56.87,1189.71,Month-to-month,Fiber optic,Electronic check,No,2,Yes,No,Yes
CUST00274,50.0,Male,7,89.0,7648.19,Two year,No,Bank transfer,No,0,Yes,No,No
CUST00275,57.0,Male,5,58.72,3650.72,Two year,Fiber optic,Electronic check,No,2,No,Yes,No
CUST00276,56.0,Male,5,54.61,3407.71,Month-to-month,Fiber optic,Credit card,No,2,No,Yes,No
CUST00277,35.0,Male,8,103.59,11078.76,Month-to-month,Fiber optic,Electronic check,No,2,No,Yes,Yes
CUST00278,57.0,Male,7,30.13,2735.33,One year,DSL,Electronic check,No,6,No,Yes,Yes
CUST00279,18.0,Male,3,87.59,4003.5,Month-to-month,No,Bank transfer,No,0,No,Yes,Yes
CUST00280,28.0,Male,3,44.87,1717.09,Month-to-month,Fiber optic,Electronic check,No,4,Yes,No,No
CUST00281,45.0,Male,8,21.55,2310.25,Month-to-month,No,Mailed check,No,1,No,No,No
CUST00282,42.0,Female,0,36.68,367.99,Month-to-month,No,Electronic check,No,2,No,Yes,No
CUST00283,67.0,Female,1,80.67,1248.16,Month-to-month,Fiber optic,Credit card,Yes,5,No,Yes,Yes
CUST00284,40.0,Male,1,90.91,2056.02,Month-to-month,No,Electronic check,No,1,No,No,No
CUST00285,48.0,Male,5,22.11,1412.78,Month-to-month,No,Mailed check,No,2,Yes,No,Yes
CUST00286,47.0,Male,3,23.64,928.08,One year,Fiber optic,Bank transfer,No,0,Yes,No,No
CUST00287,59.0,Female,10,110.25,13660.71,One year,DSL,Electronic check,No,3,Yes,Yes,No
CUST00288,52.0,Male,9,27.33,3252.53,Month-to-month,Fiber optic,Mailed check,No,2,Yes,No,No
CUST00289,24.0,Male,2,109.42,3837.52,Two year,DSL,Credit card,No,2,Yes,Yes,Yes
CUST00290,33.0,Female,2,42.82,1225.46,Month-to-month,Fiber optic,Credit card,No,5,Yes,Yes,No
CUST00291,43.0,Female,2,94.0,3079.42,Month-to-month,DSL,Bank transfer,No,4,Yes,Yes,Yes
CUST00292,65.0,Female,5,50.97,3488.04,Month-to-month,Fiber optic,Credit card,Yes,0,No,No,Yes
CUST00293,69.0,Male,7,105.88,9939.19,One year,No,Mailed check,Yes,1,Yes,Yes,Yes
CUST00294,66.0,Female,10,90.05,11189.76,Month-to-month,DSL,Electronic check,Yes,1,Yes,No,No
CUST00295,19.0,Male,6,60.18,4730.84,Month-to-month,Fiber optic,Mailed check,No,6,Yes,Yes,Yes
CUST00296,18.0,Female,3,27.63,1225.24,One year,DSL,Bank transfer,No,1,Yes,No,No
CUST00297,65.0,Male,10,93.27,11312.61,Month-to-month,Fiber optic,Electronic check,Yes,2,Yes,No,Yes
CUST00298,29.0,Male,3,81.69,3361.06,One year,Fiber optic,Mailed check,No,2,Yes,Yes,No
CUST00299,22.0,Male,10,20.29,2610.41,One year,DSL,Bank transfer,No,1,No,Yes,No
CUST00300,54.0,Female,9,20.94,2340.64,Two year,Fiber optic,Bank transfer,No,2,No,Yes,No
CUST00301,49.0,Male,10,100.88,13269.23,Month-to-month,No,Electronic check,No,3,No,No,No
CUST00302,26.0,Male,10,45.94,5573.98,Month-to-month,Fiber optic,Electronic check,No,2,No,No,Yes
CUST00303,58.0,Male,10,83.61,10997.97,Two year,Fiber optic,Credit card,No,2,No,No,No
CUST00304,52.0,Female,1,65.42,1006.45,One year,Fiber optic,Credit card,No,2,Yes,No,No
CUST00305,36.0,Male,0,106.34,163.45,One year,DSL,Electronic check,No,4,No,Yes,Yes
CUST00306,65.0,Male,8,111.7,11194.26,Month-to-month,No,Credit card,Yes,1,Yes,No,Yes
CUST00307,33.0,Male,1,119.68,2590.96,Month-to-month,Fiber optic,Electronic check,No,0,No,Yes,No
CUST00308,20.0,Male,7,35.37,3299.2,Month-to-month,Fiber optic,Credit card,No,2,No,No,Yes
CUST00309,37.0,Female,8,106.3,10555.3,Month-to-month,DSL,Mailed check,No,1,No,No,No
CUST00310,41.0,Male,3,46.6,1825.07,Month-to-month,Fiber optic,Bank transfer,No,4,No,Yes,Yes
CUST00311,50.0,Female,7,79.08,7280.77,Month-to-month,Fiber optic,Electronic check,No,3,No,Yes,No
CUST00312,41.0,Female,8,70.58,7201.91,One year,Fiber optic,Electronic check,No,3,No,No,No
CUST00313,69.0,Male,9,21.8,2566.19,Month-to-month,Fiber optic,Electronic check,Yes,5,Yes,No,No
CUST00314,28.0,Female,9,113.28,12377.59,Month-to-month,Fiber optic,Mailed check,No,2,No,Yes,Yes
CUST00315,66.0,Female,4,27.83,1550.54,Month-to-month,Fiber optic,Bank transfer,Yes,0,No,No,Yes
CUST00316,25.0,Female,6,88.82,7197.74,Month-to-month,Fiber optic,Credit card,No,2,No,No,No
CUST00317,53.0,Male,9,98.5,11812.83,Month-to-month,No,Credit card,No,1,No,Yes,No
CUST00318,55.0,Female,3,99.53,4425.76,Month-to-month,No,Bank transfer,No,2,Yes,Yes,Yes
CUST00319,57.0,Female,0,33.55,119.11,Month-to-month,Fiber optic,Credit card,No,2,Yes,Yes,Yes
CUST00320,37.0,Male,2,,1696.07,One year,Fiber optic,Electronic check,No,0,No,No,Yes
CUST00321,52.0,Male,4,102.94,5769.8,Month-to-month,DSL,Bank transfer,No,3,No,Yes,No
CUST00322,65.0,Female,2,50.27,1546.05,One year,DSL,Mailed check,Yes,3,Yes,Yes,No
CUST00323,42.0,Female,10,66.77,8739.57,Two year,Fiber optic,Bank transfer,No,1,No,Yes,Yes
CUST00324,52.0,Female,6,47.28,3829.33,One year,Fiber optic,Electronic check,No,4,No,No,No
CUST00325,42.0,Male,8,66.36,6809.01,Month-to-month,DSL,Bank transfer,No,2,No,Yes,No
CUST00326,46.0,Female,5,108.78,7118.51,Month-to-month,Fiber optic,Mailed check,No,2,Yes,No,No
CUST00327,35.0,Male,9,65.51,7431.99,One year,No,Mailed check,No,1,Yes,No,No
CUST00328,63.0,Female,0,75.59,263.76,Two year,No,Bank transfer,Yes,1,Yes,Yes,Yes
CUST00329,35.0,Female,6,60.4,4420.71,Two year,Fiber optic,Bank transfer,No,2,Yes,No,No
CUST00330,19.0,Male,2,66.01,2067.7,Month-to-month,Fiber optic,Credit card,No,1,No,Yes,No
CUST00331,52.0,Female,4,21.52,1104.76,One year,DSL,Credit card,No,4,Yes,No,No
CUST00332,33.0,Male,9,48.37,5383.17,Two year,Fiber optic,Electronic check,No,2,No,Yes,No
CUST00333,58.0,Female,3,63.66,2443.22,Two year,No,Credit card,No,3,Yes,No,Yes
CUST00334,53.0,Male,9,83.38,9262.31,Month-to-month,No,Electronic check,No,2,Yes,No,Yes
CUST00335,50.0,Male,4,65.01,3208.22,Month-to-month,Fiber optic,Electronic check,No,3,No,No,No
CUST00336,21.0,Female,4,53.78,3034.08,Month-to-month,DSL,Bank transfer,No,1,No,Yes,No
CUST00337,50.0,Male,5,58.81,3847.08,Month-to-month,Fiber optic,Credit card,No,1,Yes,Yes,No
CUST00338,31.0,Female,9,44.23,5094.27,One year,Fiber optic,Mailed check,No,1,Yes,No,No
CUST00339,38.0,Male,9,112.45,13044.93,Two year,No,Mailed check,No,3,No,Yes,No
CUST00340,65.0,Male,10,72.17,9504.6,Two year,DSL,Bank transfer,Yes,4,Yes,No,No
CUST00341,37.0,Male,5,21.34,1317.76,Month-to-month,Fiber optic,Mailed check,No,0,Yes,Yes,Yes
CUST00342,25.0,Female,7,21.94,1965.76,One year,DSL,Mailed check,No,1,Yes,Yes,No
CUST00343,24.0,Male,7,117.3,10287.78,Month-to-month,Fiber optic,Bank transfer,No,1,Yes,No,No
CUST00344,20.0,Male,10,42.15,5321.18,One year,Fiber optic,Mailed check,No,2,No,Yes,No
CUST00345,34.0,Male,8,100.56,10772.51,One year,Fiber optic,Bank transfer,No,0,No,Yes,No
CUST00346,50.0,Female,7,25.83,2401.26,Month-to-month,Fiber optic,Electronic check,No,3,Yes,No,No
CUST00347,65.0,Female,10,112.12,14382.92,Month-to-month,Fiber optic,Credit card,Yes,1,Yes,No,No
CUST00348,29.0,Male,1,107.44,1918.2,Month-to-month,DSL,Mailed check,No,1,No,Yes,No
CUST00349,68.0,Male,9,77.11,8974.23,Month-to-month,Fiber optic,Bank transfer,Yes,1,No,No,No
CUST00350,39.0,Female,10,20.9,2536.34,Two year,No,Mailed check,No,2,Yes,Yes,Yes
CUST00351,39.0,Male,0,45.78,341.0,Month-to-month,DSL,Credit card,No,3,No,Yes,No
CUST00352,63.0,Male,9,60.68,6983.75,Month-to-month,DSL,Mailed check,Yes,3,Yes,Yes,No
CUST00353,47.0,Male,1,66.01,1109.83,Month-to-month,Fiber optic,Electronic check,No,1,Yes,Yes,No
CUST00354,55.0,Male,1,49.77,757.33,Two year,Fiber optic,Bank transfer,No,2,No,Yes,Yes
CUST00355,55.0,Male,2,23.29,789.14,Month-to-month,Fiber optic,Credit card,No,1,No,No,No
CUST00356,62.0,Male,9,79.01,,Month-to-month,Fiber optic,Electronic check,Yes,3,Yes,No,No
CUST00357,68.0,Female,6,72.42,5342.16,One year,No,Mailed check,Yes,0,Yes,Yes,No
CUST00358,25.0,Male,1,48.3,861.95,Month-to-month,Fiber optic,Mailed check,No,1,Yes,Yes,No
CUST00359,44.0,Male,0,23.8,89.92,Month-to-month,DSL,Mailed check,No,2,Yes,No,Yes
CUST00360,44.0,Female,5,119.46,8266.63,One year,Fiber optic,Credit card,No,0,No,No,No
CUST00361,51.0,Female,8,68.2,7091.17,Month-to-month,No,Bank transfer,No,3,No,No,No
CUST00362,38.0,Female,2,95.6,3202.4,Two year,No,Credit card,No,1,No,Yes,Yes
CUST00363,47.0,Female,5,65.23,4212.0,One year,Fiber optic,Electronic check,No,2,No,No,No
CUST00364,50.0,Male,2,24.32,806.1,Month-to-month,DSL,Bank transfer,No,0,Yes,No,No
CUST00365,45.0,Female,0,50.96,534.33,Month-to-month,No,Credit card,No,1,Yes,Yes,No
CUST00366,64.0,Male,4,52.01,2746.02,Two year,Fiber optic,Mailed check,Yes,2,No,No,No
CUST00367,50.0,Female,9,103.84,11706.8,One year,Fiber optic,Electronic check,No,1,Yes,No,No
CUST00368,22.0,Female,10,85.42,11181.43,Month-to-month,DSL,Mailed check,No,3,Yes,No,No
CUST00369,65.0,Female,3,47.54,1785.02,Month-to-month,Fiber optic,Credit card,Yes,2,No,Yes,No
CUST00370,36.0,Male,6,116.77,8974.02,Month-to-month,DSL,Electronic check,No,2,Yes,Yes,Yes
CUST00371,21.0,Female,5,52.15,3249.23,One year,DSL,Bank transfer,No,1,Yes,Yes,No
CUST00372,52.0,Female,9,119.82,13098.58,Two year,DSL,Bank transfer,No,2,Yes,No,No
CUST00373,66.0,Female,6,119.62,8880.78,One year,Fiber optic,Credit card,Yes,0,No,No,No
CUST00374,34.0,Male,4,39.12,2102.45,Month-to-month,Fiber optic,Credit card,No,2,Yes,No,No
CUST00375,61.0,Male,3,51.27,2284.41,Month-to-month,DSL,Bank transfer,Yes,1,No,Yes,No
CUST00376,45.0,Female,6,68.6,5226.09,One year,DSL,Bank transfer,No,1,No,Yes,No
CUST00377,47.0,Male,6,86.41,7115.55,Two year,DSL,Credit card,No,1,Yes,No,No
CUST00378,46.0,Female,5,72.8,4791.24,Month-to-month,DSL,Bank transfer,No,4,No,No,No
CUST00379,63.0,Male,7,116.94,11185.37,Month-to-month,Fiber optic,Electronic check,Yes,4,No,No,Yes
CUST00380,23.0,Female,3,92.4,4388.6,Month-to-month,DSL,Credit card,No,1,Yes,Yes,No
CUST00381,52.0,Male,9,41.2,4841.25,Month-to-month,DSL,Electronic check,No,1,No,No,No
CUST00382,58.0,Female,4,30.51,1807.91,One year,Fiber optic,Mailed check,No,1,Yes,No,No
CUST00383,54.0,Male,3,88.84,3978.08,Two year,DSL,Electronic check,No,3,No,No,No
CUST00384,41.0,Male,0,35.85,389.02,Month-to-month,DSL,Credit card,No,3,No,Yes,No
CUST00385,46.0,Female,7,98.77,8652.37,Month-to-month,No,Mailed check,No,1,Yes,No,No
CUST00386,66.0,Female,0,51.1,245.26,Month-to-month,Fiber optic,Bank transfer,Yes,3,No,Yes,No
CUST00387,63.0,Male,4,52.69,3018.2,Two year,No,Electronic check,Yes,2,Yes,Yes,No
CUST00388,48.0,Female,5,21.08,1384.33,Month-to-month,Fiber optic,Electronic check,No,0,Yes,No,No
CUST00389,52.0,Female,5,90.1,6325.98,Month-to-month,No,Credit card,No,1,No,Yes,No
CUST00390,,Female,4,31.33,1837.63,Month-to-month,DSL,Bank transfer,No,2,Yes,Yes,No
CUST00391,69.0,Female,2,97.29,2753.02,Month-to-month,Fiber optic,Credit card,Yes,3,Yes,No,Yes
CUST00392,38.0,Male,4,69.19,4017.03,Two year,Fiber optic,Bank transfer,No,1,No,Yes,No
CUST00393,49.0,Female,7,98.43,8533.58,Month-to-month,No,Credit card,No,4,No,No,Yes
CUST00394,40.0,Male,1,78.39,1307.24,Month-to-month,Fiber optic,Bank transfer,No,1,Yes,No,No
CUST00395,50.0,Male,5,28.24,1883.54,One year,No,Mailed check,No,2,Yes,No,No
CUST00396,20.0,Female,8,96.57,9607.83,Month-to-month,Fiber optic,Credit card,No,2,Yes,No,Yes
CUST00397,35.0,Female,7,26.98,2465.22,Month-to-month,Fiber optic,Mailed check,No,1,Yes,Yes,No
CUST00398,42.0,Male,10,67.87,8644.31,Two year,No,Credit card,No,4,Yes,Yes,No
CUST00399,59.0,Female,7,37.23,3249.28,One year,No,Credit card,No,3,Yes,Yes,Yes
CUST00400,48.0,Female,7,95.23,8928.01,One year,Fiber optic,Credit card,No,1,No,No,No
CUST00401,20.0,Male,6,111.16,8887.03,One year,DSL,Electronic check,No,1,Yes,No,No
CUST00402,57.0,Male,7,75.41,6673.44,Two year,DSL,Credit card,No,1,Yes,Yes,No
CUST00403,63.0,Male,5,72.71,4621.01,Month-to-month,DSL,Bank transfer,Yes,3,No,No,No
CUST00404,41.0,Female,1,96.4,2185.03,Month-to-month,DSL,Electronic check,No,1,Yes,No,Yes
CUST00405,67.0,Female,1,20.51,455.18,Month-to-month,DSL,Bank transfer,Yes,0,No,Yes,No
CUST00406,49.0,Male,7,111.78,9783.81,Month-to-month,Fiber optic,Bank transfer,No,1,No,Yes,Yes
CUST00407,64.0,Male,10,39.74,4824.1,Month-to-month,No,Bank transfer,Yes,3,Yes,No,No
CUST00408,39.0,Female,0,118.41,1166.32,Two year,DSL,Bank transfer,No,1,Yes,No,Yes
CUST00409,40.0,Female,5,93.63,6345.36,Two year,Fiber optic,Bank transfer,No,1,Yes,No,No
CUST00410,19.0,Female,5,97.43,6051.35,Month-to-month,Fiber optic,Mailed check,No,1,No,Yes,No
CUST00411,44.0,Male,10,85.62,10913.21,Month-to-month,No,Electronic check,No,3,No,No,Yes
CUST00412,59.0,Female,3,67.17,2819.39,Month-to-month,DSL,Bank transfer,No,2,No,Yes,Yes
CUST00413,19.0,Female,10,77.16,9993.77,Two year,Fiber optic,Mailed check,No,2,Yes,Yes,No
CUST00414,43.0,Male,10,24.64,3038.11,Month-to-month,No,Mailed check,No,4,No,Yes,No
CUST00415,34.0,Female,9,82.4,9392.34,One year,DSL,Bank transfer,No,3,No,No,No
CUST00416,57.0,Male,2,82.61,2207.23,Two year,Fiber optic,Credit card,No,5,Yes,Yes,No
CUST00417,50.0,Female,10,109.12,14352.86,Month-to-month,No,Bank transfer,No,5,No,Yes,No
CUST00418,26.0,Male,2,,2368.76,Two year,DSL,Mailed check,No,3,No,Yes,No
CUST00419,60.0,Male,0,27.71,252.27,Month-to-month,No,Bank transfer,Yes,2,No,No,No
CUST00420,65.0,Male,2,50.62,1649.82,One year,No,Mailed check,Yes,5,No,Yes,No
CUST00421,56.0,Female,3,85.56,3564.15,Month-to-month,DSL,Bank transfer,No,5,Yes,No,No
CUST00422,46.0,Female,10,43.93,5761.69,Month-to-month,DSL,Mailed check,No,2,No,No,Yes
CUST00423,59.0,Female,10,48.05,5852.59,Two year,Fiber optic,Bank transfer,No,1,No,No,Yes
CUST00424,43.0,Female,4,102.05,5902.15,One year,No,Credit card,No,0,Yes,Yes,Yes
CUST00425,52.0,Male,2,78.43,2146.44,Month-to-month,DSL,Credit card,No,4,No,Yes,No
CUST00426,67.0,Female,5,70.85,4574.38,Month-to-month,Fiber optic,Mailed check,Yes,2,Yes,No,No
CUST00427,42.0,Female,10,51.85,6570.11,Month-to-month,DSL,Credit card,No,2,Yes,Yes,Yes
CUST00428,41.0,Male,4,93.09,5362.84,One year,No,Credit card,No,1,No,No,No
CUST00429,30.0,Male,2,48.77,1669.1,Month-to-month,Fiber optic,Electronic check,No,2,No,No,No
CUST00430,24.0,Male,5,93.71,6318.03,Two year,Fiber optic,Bank transfer,No,3,No,No,Yes
CUST00431,53.0,Male,5,27.01,1767.36,Month-to-month,Fiber optic,Bank transfer,No,1,Yes,No,No
CUST00432,62.0,Female,7,106.45,10156.56,Month-to-month,No,Credit card,Yes,2,No,Yes,Yes
CUST00433,37.0,Male,1,69.96,1099.19,One year,Fiber optic,Credit card,No,4,No,Yes,No
CUST00434,18.0,Female,0,63.85,627.9,Month-to-month,Fiber optic,Mailed check,No,2,Yes,Yes,Yes
CUST00435,25.0,Female,3,81.1,3546.71,Two year,DSL,Bank transfer,No,3,No,Yes,No
CUST00436,63.0,Male,6,82.42,6358.36,One year,Fiber optic,Electronic check,Yes,3,Yes,No,No
CUST00437,33.0,Male,10,33.2,4017.7,Month-to-month,Fiber optic,Electronic check,No,4,Yes,No,No
CUST00438,31.0,Male,9,95.62,10892.32,One year,Fiber optic,Credit card,No,1,Yes,Yes,No
CUST00439,29.0,Male,2,47.59,1334.61,Month-to-month,Fiber optic,Mailed check,No,2,No,No,Yes
CUST00440,68.0,Male,2,110.5,2889.33,Month-to-month,Fiber optic,Mailed check,Yes,1,Yes,Yes,No
CUST00441,40.0,Female,4,101.79,5071.86,Month-to-month,No,Bank transfer,No,3,No,No,Yes
CUST00442,32.0,Male,4,54.63,2885.73,One year,DSL,Credit card,No,3,No,No,No
CUST00443,45.0,Female,9,100.77,11665.37,Month-to-month,DSL,Credit card,No,1,No,Yes,No
CUST00444,51.0,Male,2,55.64,1903.6,Month-to-month,No,Mailed check,No,0,Yes,No,No
CUST00445,19.0,Female,8,30.09,2979.49,Month-to-month,No,Electronic check,No,2,Yes,No,Yes
CUST00446,49.0,Female,3,116.19,4841.76,Month-to-month,Fiber optic,Electronic check,No,1,Yes,Yes,No
CUST00447,40.0,Female,2,85.26,2499.1,Month-to-month,No,Bank transfer,No,1,Yes,Yes,No
CUST00448,39.0,Male,10,65.61,8309.33,Month-to-month,Fiber optic,Credit card,No,1,No,Yes,No
CUST00449,68.0,Male,1,59.78,1309.51,Month-to-month,No,Credit card,Yes,1,Yes,No,No
CUST00450,42.0,Male,9,52.47,6038.78,Month-to-month,Fiber optic,Electronic check,No,2,Yes,No,No
CUST00451,39.0,Female,10,,15395.2,Month-to-month,DSL,Credit card,No,1,Yes,No,No
CUST00452,39.0,Female,8,33.47,3437.51,Two year,Fiber optic,Credit card,No,2,Yes,Yes,No
CUST00453,66.0,Male,3,51.48,2246.71,One year,No,Mailed check,Yes,5,No,No,No
CUST00454,69.0,Male,2,68.55,2043.56,Month-to-month,Fiber optic,Bank transfer,Yes,4,No,Yes,No
CUST00455,59.0,Female,6,67.8,5563.26,Two year,No,Bank transfer,No,1,Yes,No,No
CUST00456,23.0,Female,7,67.14,6389.18,Month-to-month,Fiber optic,Bank transfer,No,0,No,No,Yes
CUST00457,32.0,Male,10,37.58,4811.39,Month-to-month,Fiber optic,Mailed check,No,5,Yes,No,No
CUST00458,60.0,Male,1,34.49,759.77,Two year,Fiber optic,Bank transfer,Yes,3,Yes,Yes,No
CUST00459,54.0,Male,6,45.48,3349.56,One year,Fiber optic,Bank transfer,No,4,Yes,No,No
CUST00460,50.0,Female,4,111.45,6571.9,Two year,Fiber optic,Electronic check,No,0,Yes,No,No
CUST00461,25.0,Female,10,31.31,3853.58,Two year,DSL,Electronic check,No,3,No,Yes,No
CUST00462,61.0,Male,4,95.74,4961.41,Month-to-month,No,Bank transfer,Yes,2,Yes,No,Yes
CUST00463,61.0,Male,2,95.75,2449.92,Two year,Fiber optic,Mailed check,Yes,3,Yes,No,No
CUST00464,22.0,Male,4,100.98,6020.37,Two year,No,Mailed check,No,5,No,No,No
CUST00465,56.0,Male,1,108.66,2430.95,Month-to-month,Fiber optic,Mailed check,No,1,Yes,Yes,Yes
CUST00466,21.0,Male,3,46.3,2178.18,Two year,Fiber optic,Credit card,No,1,Yes,No,No
CUST00467,23.0,Female,5,42.46,2985.76,Month-to-month,Fiber optic,Credit card,No,3,No,No,No
CUST00468,62.0,Male,0,66.55,417.59,One year,No,Mailed check,Yes,1,No,Yes,No
CUST00469,49.0,Female,9,46.51,5542.36,Month-to-month,DSL,Electronic check,No,1,No,Yes,No
CUST00470,69.0,Female,3,93.43,4453.27,Month-to-month,No,Credit card,Yes,3,No,No,No
CUST00471,47.0,Female,5,83.59,5561.1,One year,Fiber optic,Mailed check,No,1,Yes,Yes,No
CUST00472,64.0,Female,8,107.5,10635.18,Month-to-month,No,Credit card,Yes,3,Yes,No,No
CUST00473,52.0,Female,10,28.27,3625.48,One year,No,Credit card,No,1,Yes,Yes,No
CUST00474,57.0,Female,10,111.51,14689.19,Month-to-month,Fiber optic,Credit card,No,2,Yes,No,No
CUST00475,69.0,Female,1,49.33,1114.54,Month-to-month,Fiber optic,Credit card,Yes,0,No,Yes,No
CUST00476,33.0,Female,10,69.07,,Month-to-month,Fiber optic,Mailed check,No,1,No,Yes,Yes
CUST00477,30.0,Male,6,63.86,5317.75,One year,No,Credit card,No,2,Yes,No,No
CUST00478,67.0,Male,5,96.03,6802.14,Two year,Fiber optic,Bank transfer,Yes,3,No,Yes,No
CUST00479,59.0,Male,1,62.03,1336.07,One year,Fiber optic,Mailed check,No,1,No,Yes,No
CUST00480,47.0,Male,7,114.36,10624.16,One year,Fiber optic,Mailed check,No,1,Yes,Yes,No
CUST00481,36.0,Male,6,110.25,8369.35,Month-to-month,Fiber optic,Mailed check,No,3,Yes,Yes,No
CUST00482,34.0,Female,10,107.22,13706.44,Month-to-month,Fiber optic,Credit card,No,4,No,No,Yes
CUST00483,36.0,Female,4,27.13,1485.0,Month-to-month,DSL,Mailed check,No,1,No,No,No
CUST00484,45.0,Female,4,105.43,6165.69,Two year,DSL,Electronic check,No,6,No,No,Yes
CUST00485,43.0,Female,6,98.16,7696.61,One year,No,Bank transfer,No,1,Yes,No,No
CUST00486,54.0,Female,8,30.35,2986.6,Month-to-month,No,Electronic check,No,3,Yes,Yes,No
CUST00487,43.0,Male,10,30.74,3721.22,Month-to-month,DSL,Bank transfer,No,2,No,Yes,No
CUST00488,40.0,Male,8,30.12,3146.23,Month-to-month,No,Bank transfer,No,1,No,No,Yes
CUST00489,26.0,Female,8,21.13,2177.43,One year,DSL,Credit card,No,0,Yes,Yes,No
CUST00490,29.0,Male,5,74.86,4838.99,Month-to-month,Fiber optic,Bank transfer,No,1,No,Yes,No
CUST00491,18.0,Male,9,117.34,13008.16,One year,DSL,Bank transfer,No,1,No,Yes,No
CUST00492,18.0,Male,5,63.87,4223.97,Month-to-month,No,Electronic check,No,1,No,Yes,No
CUST00493,64.0,Male,2,74.08,1933.72,Month-to-month,No,Bank transfer,Yes,2,No,No,No
CUST00494,51.0,Male,0,116.8,548.63,Two year,Fiber optic,Mailed check,No,6,Yes,Yes,Yes
CUST00495,49.0,Female,6,45.52,3512.84,Month-to-month,Fiber optic,Mailed check,No,2,Yes,No,No
CUST00496,65.0,Male,3,105.85,4458.59,Two year,Fiber optic,Bank transfer,Yes,3,No,Yes,No
CUST00497,42.0,Male,0,74.64,457.75,Month-to-month,Fiber optic,Mailed check,No,2,Yes,No,Yes
CUST00498,57.0,Female,7,76.95,6758.29,Month-to-month,DSL,Credit card,No,5,Yes,No,No
CUST00499,62.0,Female,5,54.32,3821.54,Month-to-month,Fiber optic,Mailed check,Yes,0,No,No,No
CUST00500,18.0,Female,5,76.16,4943.62,One year,Fiber optic,Credit card,No,1,Yes,No,No
CUST00501,33.0,Female,1,27.31,424.0,One year,Fiber optic,Bank transfer,No,3,No,No,Yes
CUST00502,56.0,Female,0,96.46,283.0,Month-to-month,DSL,Credit card,No,3,No,Yes,Yes
CUST00503,22.0,Female,1,48.47,,Month-to-month,Fiber optic,Credit card,No,1,Yes,Yes,Yes
CUST00504,39.0,Female,3,108.76,4104.94,One year,Fiber optic,Bank transfer,No,0,No,Yes,No
CUST00505,46.0,Female,1,56.79,758.83,Month-to-month,No,Bank transfer,No,1,Yes,No,Yes
CUST00506,20.0,Male,0,34.28,262.47,Month-to-month,DSL,Credit card,No,4,No,Yes,No
CUST00507,29.0,Female,6,89.59,7150.23,Month-to-month,Fiber optic,Electronic check,No,2,No,No,No
CUST00508,43.0,Female,10,36.46,4624.06,One year,Fiber optic,Bank transfer,No,2,No,No,No
CUST00509,33.0,Male,10,95.37,12339.46,Month-to-month,DSL,Bank transfer,No,1,Yes,No,No
CUST00510,68.0,Female,7,116.81,9979.15,Month-to-month,Fiber optic,Electronic check,Yes,2,No,No,Yes
CUST00511,54.0,Female,5,97.96,6984.13,Month-to-month,DSL,Mailed check,No,1,Yes,No,No
CUST00512,39.0,Female,3,22.24,846.14,Month-to-month,DSL,Electronic check,No,1,No,No,No
CUST00513,46.0,Female,5,79.99,5472.46,Month-to-month,Fiber optic,Mailed check,No,1,No,No,Yes
CUST00514,31.0,Male,2,89.54,2369.89,Two year,Fiber optic,Electronic check,No,1,No,Yes,Yes
CUST00515,45.0,Male,7,102.55,9709.33,Month-to-month,No,Credit card,No,1,No,No,No
CUST00516,22.0,Female,9,25.6,2934.22,Month-to-month,Fiber optic,Bank transfer,No,3,No,No,No
CUST00517,64.0,Male,1,68.01,945.69,Month-to-month,Fiber optic,Electronic check,Yes,2,Yes,Yes,No
CUST00518,66.0,Male,4,73.54,4102.35,Two year,DSL,Bank transfer,Yes,1,No,Yes,No
CUST00519,47.0,Male,0,36.91,40.61,Month-to-month,DSL,Mailed check,No,5,No,Yes,No
CUST00520,63.0,Male,5,52.24,3632.57,Two year,No,Credit card,Yes,3,Yes,Yes,No
CUST00521,69.0,Male,1,64.02,1290.41,Month-to-month,Fiber optic,Bank transfer,Yes,2,No,No,Yes
CUST00522,22.0,Male,3,103.32,4064.49,Month-to-month,DSL,Electronic check,No,1,Yes,Yes,Yes
CUST00523,29.0,Female,5,112.94,,Month-to-month,Fiber optic,Electronic check,No,0,Yes,Yes,No
CUST00524,33.0,Female,9,82.84,9036.67,One year,No,Credit card,No,2,Yes,No,No
CUST00525,43.0,Male,10,59.49,7652.23,One year,DSL,Mailed check,No,0,Yes,Yes,No
CUST00526,43.0,Male,7,45.4,4020.14,Month-to-month,DSL,Credit card,No,1,Yes,Yes,No
CUST00527,65.0,Male,7,118.21,10791.09,Month-to-month,DSL,Credit card,Yes,3,Yes,No,No
CUST00528,38.0,Female,10,118.3,15559.29,Month-to-month,No,Bank transfer,No,3,Yes,No,No
CUST00529,56.0,Female,5,112.5,,Month-to-month,DSL,Mailed check,No,0,Yes,Yes,No
CUST00530,53.0,Female,3,98.57,4720.78,Month-to-month,DSL,Credit card,No,1,Yes,No,Yes
CUST00531,50.0,Female,7,52.58,4835.26,Month-to-month,Fiber optic,Bank transfer,No,2,Yes,No,No
CUST00532,47.0,Female,7,101.7,8915.32,One year,Fiber optic,Bank transfer,No,4,Yes,No,Yes
CUST00533,54.0,Female,9,60.88,6928.42,Month-to-month,No,Mailed check,No,4,Yes,Yes,No
CUST00534,40.0,Male,0,52.68,481.76,Month-to-month,Fiber optic,Mailed check,No,3,No,Yes,Yes
CUST00535,27.0,Female,3,94.49,3960.19,Month-to-month,Fiber optic,Bank transfer,No,0,No,No,No
CUST00536,22.0,Female,3,27.97,1055.97,Month-to-month,No,Mailed check,No,0,No,No,No
CUST00537,53.0,Female,6,24.86,1860.89,Month-to-month,DSL,Bank transfer,No,1,Yes,No,No
CUST00538,51.0,Male,10,64.8,8404.84,Month-to-month,DSL,Mailed check,No,0,Yes,Yes,No
CUST00539,69.0,Female,6,64.56,5173.33,Month-to-month,Fiber optic,Mailed check,Yes,1,No,Yes,No
CUST00540,48.0,Male,10,109.56,13943.49,Two year,Fiber optic,Mailed check,No,1,Yes,Yes,No
CUST00541,27.0,Male,7,32.62,2832.85,Month-to-month,Fiber optic,Electronic check,No,3,Yes,Yes,Yes
CUST00542,36.0,Female,10,32.33,4209.86,Month-to-month,DSL,Mailed check,No,0,No,Yes,No
CUST00543,49.0,Female,4,34.75,2069.99,Two year,Fiber optic,Electronic check,No,2,Yes,Yes,No
CUST00544,18.0,Female,6,22.97,1687.14,Month-to-month,Fiber optic,Bank transfer,No,2,No,No,Yes
CUST00545,22.0,Male,7,27.17,2332.77,Two year,No,Credit card,No,2,No,Yes,No
CUST00546,62.0,Female,8,85.99,9177.88,Month-to-month,No,Credit card,Yes,1,Yes,Yes,Yes
CUST00547,21.0,Male,2,63.16,2145.61,One year,DSL,Credit card,No,1,Yes,Yes,No
CUST00548,33.0,Male,2,96.36,3063.99,One year,No,Bank transfer,No,1,Yes,No,No
CUST00549,41.0,Female,3,119.26,5652.28,Two year,DSL,Mailed check,No,1,No,No,No
CUST00550,33.0,Female,4,85.9,4819.91,One year,No,Electronic check,No,2,Yes,No,Yes
CUST00551,19.0,Female,9,25.05,2789.96,Month-to-month,Fiber optic,Bank transfer,No,3,Yes,No,No
CUST00552,66.0,Male,0,30.46,274.6,One year,Fiber optic,Credit card,Yes,3,Yes,No,Yes
CUST00553,45.0,Female,6,108.1,8659.11,Month-to-month,Fiber optic,Credit card,No,0,No,No,Yes
CUST00554,49.0,Male,8,72.75,7845.59,One year,DSL,Credit card,No,3,Yes,No,No
CUST00555,44.0,Female,7,102.48,8951.92,Month-to-month,DSL,Credit card,No,3,Yes,No,No
CUST00556,37.0,Male,4,105.66,5872.24,One year,DSL,Electronic check,No,8,No,Yes,Yes
CUST00557,41.0,Female,3,112.77,5140.26,One year,No,Credit card,No,2,Yes,Yes,Yes
CUST00558,29.0,Female,6,114.98,8822.28,Two year,Fiber optic,Electronic check,No,2,Yes,Yes,No
CUST00559,67.0,Male,4,75.48,4013.76,Month-to-month,DSL,Credit card,Yes,0,No,Yes,No
CUST00560,52.0,Male,6,54.1,4477.69,One year,No,Bank transfer,No,3,Yes,No,No
CUST00561,50.0,Female,0,116.19,632.79,Month-to-month,DSL,Electronic check,No,0,Yes,Yes,Yes
CUST00562,50.0,Male,0,74.74,588.36,Month-to-month,No,Electronic check,No,3,Yes,Yes,Yes
CUST00563,68.0,Male,9,26.43,3139.4,Month-to-month,Fiber optic,Bank transfer,Yes,2,No,Yes,No
CUST00564,60.0,Male,2,84.28,2301.53,One year,Fiber optic,Credit card,Yes,4,No,Yes,No
CUST00565,54.0,Male,10,78.77,10381.94,One year,DSL,Credit card,No,2,No,Yes,Yes
CUST00566,29.0,Female,1,109.58,,One year,No,Mailed check,No,1,No,No,No
CUST00567,20.0,Male,1,85.32,1574.78,Month-to-month,DSL,Mailed check,No,4,Yes,Yes,No
CUST00568,18.0,Female,6,54.91,4268.71,One year,DSL,Electronic check,No,3,No,No,Yes
CUST00569,50.0,Female,9,116.62,13935.86,Month-to-month,Fiber optic,Mailed check,No,1,Yes,No,Yes
CUST00570,,Female,1,100.16,1528.74,Month-to-month,No,Bank transfer,No,0,Yes,No,No
CUST00571,27.0,Male,10,83.04,10332.54,Month-to-month,DSL,Bank transfer,No,2,Yes,Yes,No
CUST00572,60.0,Female,3,49.29,1990.61,One year,Fiber optic,Bank transfer,Yes,3,Yes,No,No
CUST00573,61.0,Female,1,57.35,927.87,Month-to-month,Fiber optic,Electronic check,Yes,1,No,Yes,Yes
CUST00574,46.0,Female,5,87.0,5755.39,Month-to-month,Fiber optic,Bank transfer,No,3,Yes,Yes,No
CUST00575,30.0,Female,7,27.2,2607.96,One year,Fiber optic,Electronic check,No,3,No,Yes,No
CUST00576,29.0,Female,9,45.67,5424.53,Month-to-month,DSL,Electronic check,No,3,No,No,No
CUST00577,48.0,Male,3,91.39,3711.11,Two year,Fiber optic,Bank transfer,No,0,No,Yes,No
CUST00578,63.0,Female,4,68.0,3648.31,Month-to-month,Fiber optic,Bank transfer,Yes,2,Yes,Yes,Yes
CUST00579,19.0,Male,3,60.24,2672.5,Month-to-month,DSL,Electronic check,No,3,No,No,No
CUST00580,68.0,Female,2,35.15,885.38,Two year,Fiber optic,Bank transfer,Yes,1,Yes,No,No
CUST00581,67.0,Female,4,64.18,3723.83,Month-to-month,DSL,Mailed check,Yes,0,Yes,Yes,No
CUST00582,52.0,Male,8,97.07,10355.21,One year,Fiber optic,Electronic check,No,0,No,No,No
CUST00583,40.0,Male,7,46.4,4381.52,Month-to-month,Fiber optic,Credit card,No,3,Yes,No,No
CUST00584,34.0,Female,7,20.54,1830.64,Month-to-month,No,Electronic check,No,1,No,No,No
CUST00585,43.0,Female,7,86.85,7823.62,One year,Fiber optic,Bank transfer,No,1,Yes,Yes,No
CUST00586,25.0,Female,7,117.26,9983.08,Month-to-month,DSL,Bank transfer,No,2,Yes,No,No
CUST00587,46.0,Female,6,80.68,6244.1,Two year,DSL,Electronic check,No,2,Yes,Yes,No
CUST00588,43.0,Female,7,31.99,2881.17,Month-to-month,Fiber optic,Electronic check,No,0,Yes,Yes,No
CUST00589,27.0,Male,10,52.07,6819.96,Month-to-month,Fiber optic,Credit card,No,6,No,Yes,No
CUST00590,43.0,Female,7,106.76,10124.46,One year,Fiber optic,Credit card,No,1,No,Yes,No
CUST00591,51.0,Female,7,43.26,4136.83,Month-to-month,Fiber optic,Electronic check,No,1,No,Yes,No
CUST00592,68.0,Male,9,80.77,9590.32,Month-to-month,No,Bank transfer,Yes,1,Yes,No,No
CUST00593,58.0,Male,6,60.27,4405.15,Two year,No,Electronic check,No,1,Yes,Yes,No
CUST00594,24.0,Female,0,40.78,328.53,One year,DSL,Mailed check,No,1,Yes,Yes,No
CUST00595,21.0,Male,3,101.34,3825.65,Month-to-month,Fiber optic,Mailed check,No,1,No,Yes,Yes
CUST00596,67.0,Male,3,94.28,3771.06,One year,DSL,Bank transfer,Yes,2,No,No,No
CUST00597,62.0,Male,4,86.16,4769.94,Two year,Fiber optic,Electronic check,Yes,2,No,Yes,No
CUST00598,28.0,Female,9,43.63,5091.92,Month-to-month,Fiber optic,Electronic check,No,1,No,No,No
CUST00599,46.0,Female,5,29.79,2031.71,Month-to-month,Fiber optic,Mailed check,No,1,No,No,No
CUST00600,53.0,Female,3,77.62,2913.83,Month-to-month,Fiber optic,Electronic check,No,1,Yes,No,Yes
CUST00601,42.0,Male,1,75.37,1065.7,Two year,No,Bank transfer,No,2,No,Yes,No
CUST00602,38.0,Female,5,38.84,2424.18,One year,DSL,Bank transfer,No,2,Yes,Yes,No
CUST00603,53.0,Female,7,25.62,2203.46,Two year,DSL,Credit card,No,4,No,Yes,No
CUST00604,27.0,Male,7,28.07,2440.98,Two year,DSL,Bank transfer,No,2,Yes,No,No
CUST00605,54.0,Female,6,119.28,9610.79,Month-to-month,Fiber optic,Electronic check,No,4,Yes,Yes,No
CUST00606,26.0,Male,5,98.36,6898.89,Month-to-month,DSL,Electronic check,No,3,No,Yes,Yes
CUST00607,41.0,Male,1,112.2,1963.16,Month-to-month,Fiber optic,Mailed check,No,3,Yes,No,No
CUST00608,52.0,Male,6,39.51,3185.32,Month-to-month,DSL,Mailed check,No,5,Yes,Yes,No
CUST00609,66.0,Male,10,116.06,14298.61,One year,DSL,Bank transfer,Yes,1,Yes,No,No
CUST00610,52.0,Female,4,34.27,2046.13,One year,DSL,Credit card,No,1,Yes,Yes,No
CUST00611,65.0,Female,5,70.91,4598.51,Month-to-month,DSL,Electronic check,Yes,0,Yes,Yes,No
CUST00612,53.0,Female,9,102.97,12181.82,Month-to-month,Fiber optic,Credit card,No,1,Yes,No,No
CUST00613,35.0,Male,7,54.98,5245.04,One year,Fiber optic,Electronic check,No,3,Yes,No,No
CUST00614,66.0,Female,7,62.48,5905.1,Month-to-month,DSL,Bank transfer,Yes,1,Yes,Yes,Yes
CUST00615,56.0,Female,2,32.82,844.71,Month-to-month,Fiber optic,Bank transfer,No,3,Yes,Yes,No
CUST00616,49.0,Male,6,32.29,2588.15,One year,DSL,Mailed check,No,3,No,Yes,Yes
CUST00617,41.0,Male,0,81.96,190.23,Month-to-month,Fiber optic,Credit card,No,1,No,No,Yes
CUST00618,40.0,Female,0,87.55,93.0,Two year,Fiber optic,Mailed check,No,1,Yes,Yes,Yes
CUST00619,49.0,Male,6,97.73,7189.96,Month-to-month,Fiber optic,Bank transfer,No,2,No,Yes,No
CUST00620,54.0,Female,9,75.67,9010.61,One year,No,Credit card,No,1,Yes,No,Yes
CUST00621,29.0,Male,8,84.58,9049.48,One year,Fiber optic,Electronic check,No,1,No,Yes,Yes
CUST00622,66.0,Male,6,21.35,1611.58,Month-to-month,No,Mailed check,Yes,4,No,Yes,No
CUST00623,,Female,9,,4165.94,Month-to-month,Fiber optic,Bank transfer,No,2,No,Yes,Yes
CUST00624,40.0,Male,4,118.49,7050.78,Month-to-month,No,Electronic check,No,0,No,No,No
CUST00625,42.0,Male,7,27.6,2496.8,Month-to-month,No,Bank transfer,No,2,No,Yes,No
CUST00626,52.0,Male,1,87.88,1522.9,Month-to-month,DSL,Electronic check,No,2,Yes,No,Yes
CUST00627,58.0,Female,8,37.61,3848.09,One year,DSL,Mailed check,No,4,Yes,Yes,No
CUST00628,47.0,Female,5,91.67,6388.7,One year,Fiber optic,Electronic check,No,2,Yes,No,No
CUST00629,,Female,8,90.6,9263.85,One year,Fiber optic,Credit card,No,1,Yes,No,No
CUST00630,66.0,Male,1,43.42,938.57,Month-to-month,No,Electronic check,Yes,4,Yes,No,No
CUST00631,37.0,Male,2,46.96,1397.0,One year,DSL,Bank transfer,No,1,Yes,No,No
CUST00632,65.0,Male,7,85.48,7502.76,Month-to-month,No,Electronic check,Yes,0,No,No,No
CUST00633,42.0,Male,0,59.01,270.93,Two year,DSL,Mailed check,No,0,Yes,No,No
CUST00634,39.0,Female,9,39.45,4333.82,Two year,DSL,Bank transfer,No,1,Yes,Yes,No
CUST00635,30.0,Female,6,93.17,7311.16,One year,No,Bank transfer,No,3,No,No,No
CUST00636,36.0,Male,6,35.41,2642.62,One year,DSL,Bank transfer,No,4,No,Yes,Yes
CUST00637,66.0,Female,0,105.56,1047.9,Month-to-month,DSL,Bank transfer,Yes,1,No,Yes,No
CUST00638,53.0,Female,8,71.47,7263.25,Month-to-month,DSL,Credit card,No,2,No,No,No
CUST00639,29.0,Female,7,30.57,2855.7,Two year,No,Bank transfer,No,2,Yes,Yes,No
CUST00640,58.0,Male,3,89.41,4246.89,Month-to-month,Fiber optic,Bank transfer,No,1,Yes,Yes,Yes
CUST00641,36.0,Female,9,71.92,8511.32,Month-to-month,No,Bank transfer,No,5,No,Yes,No
CUST00642,29.0,Female,10,49.81,6548.33,Two year,Fiber optic,Mailed check,No,1,Yes,No,Yes
CUST00643,26.0,Female,4,,3439.14,One year,Fiber optic,Mailed check,No,2,Yes,Yes,No
CUST00644,24.0,Female,1,49.83,738.41,Month-to-month,DSL,Bank transfer,No,4,Yes,Yes,Yes
CUST00645,45.0,Female,8,46.3,4967.5,Month-to-month,DSL,Credit card,No,2,No,Yes,No
CUST00646,31.0,Male,5,36.36,2565.33,Month-to-month,Fiber optic,Electronic check,No,1,No,No,No
CUST00647,48.0,Female,2,56.28,1942.14,One year,Fiber optic,Credit card,No,2,No,No,No
CUST00648,69.0,Female,6,45.1,3636.23,Month-to-month,DSL,Bank transfer,Yes,3,Yes,Yes,No
CUST00649,36.0,Male,8,88.34,9176.24,Two year,DSL,Bank transfer,No,0,No,Yes,No
CUST00650,64.0,Female,2,88.39,2224.07,One year,DSL,Credit card,Yes,1,No,No,Yes
CUST00651,33.0,Male,1,70.18,1489.82,Month-to-month,Fiber optic,Bank transfer,No,3,No,Yes,No
CUST00652,22.0,Male,6,97.79,7237.13,Month-to-month,DSL,Electronic check,No,5,Yes,Yes,No
CUST00653,52.0,Male,6,104.13,7899.02,Month-to-month,DSL,Mailed check,No,1,No,No,No
CUST00654,29.0,Male,3,77.98,3358.32,Two year,DSL,Electronic check,No,1,No,Yes,No
CUST00655,42.0,Female,10,81.89,10315.61,Month-to-month,No,Electronic check,No,1,Yes,Yes,No
CUST00656,69.0,Female,8,48.29,4692.51,Two year,DSL,Electronic check,Yes,3,Yes,Yes,No
CUST00657,38.0,Male,7,109.49,10299.05,Month-to-month,No,Credit card,No,2,Yes,No,No
CUST00658,53.0,Female,0,22.42,239.15,Month-to-month,Fiber optic,Credit card,No,1,Yes,No,Yes
CUST00659,40.0,Male,0,54.86,466.34,Two year,Fiber optic,Electronic check,No,3,Yes,No,Yes
CUST00660,33.0,Female,4,92.18,5065.45,Month-to-month,DSL,Credit card,No,0,No,No,No
CUST00661,56.0,Female,5,28.01,2004.62,One year,Fiber optic,Bank transfer,No,2,No,Yes,No
CUST00662,62.0,Male,2,38.32,1008.56,Month-to-month,DSL,Mailed check,Yes,1,No,No,No
CUST00663,59.0,Female,8,78.93,8296.89,Two year,DSL,Credit card,No,1,Yes,No,Yes
CUST00664,56.0,Male,9,76.0,8391.31,Two year,No,Credit card,No,3,Yes,No,No
CUST00665,31.0,Female,5,93.89,6121.66,Two year,Fiber optic,Electronic check,No,5,Yes,Yes,No
CUST00666,48.0,Female,3,101.26,4398.77,Month-to-month,DSL,Mailed check,No,3,Yes,Yes,Yes
CUST00667,22.0,Female,6,32.86,2665.21,Month-to-month,Fiber optic,Bank transfer,No,0,Yes,No,No
CUST00668,52.0,Male,7,21.84,1857.29,Month-to-month,Fiber optic,Bank transfer,No,1,No,Yes,Yes
CUST00669,40.0,Male,8,88.96,8884.13,Month-to-month,Fiber optic,Mailed check,No,3,No,No,No
CUST00670,46.0,Male,10,50.14,6363.78,One year,Fiber optic,Bank transfer,No,2,No,Yes,No
CUST00671,60.0,Female,5,82.6,5522.77,Month-to-month,DSL,Mailed check,Yes,2,Yes,No,No
CUST00672,28.0,Male,5,35.05,2383.89,Month-to-month,DSL,Electronic check,No,6,No,Yes,Yes
CUST00673,35.0,Male,7,66.9,5910.11,One year,Fiber optic,Bank transfer,No,2,Yes,No,No
CUST00674,64.0,Male,4,70.44,3870.38,Two year,Fiber optic,Bank transfer,Yes,1,Yes,Yes,No
CUST00675,29.0,Female,2,78.51,2126.65,Two year,Fiber optic,Mailed check,No,2,No,Yes,Yes
CUST00676,26.0,Female,2,71.32,1929.6,Month-to-month,Fiber optic,Bank transfer,No,1,Yes,No,No
CUST00677,27.0,Female,5,69.57,4685.0,Month-to-month,Fiber optic,Credit card,No,3,No,No,No
CUST00678,61.0,Female,1,53.27,1094.18,Month-to-month,Fiber optic,Electronic check,Yes,3,Yes,Yes,Yes
CUST00679,34.0,Male,5,27.12,1690.24,Month-to-month,No,Bank transfer,No,1,Yes,Yes,No
CUST00680,55.0,Female,5,28.95,1805.05,Month-to-month,DSL,Bank transfer,No,1,No,No,No
CUST00681,24.0,Male,7,63.38,5781.42,Two year,Fiber optic,Bank transfer,No,3,Yes,No,No
CUST00682,63.0,Female,6,55.58,4222.47,Month-to-month,No,Mailed check,Yes,3,No,Yes,Yes
CUST00683,30.0,Male,7,71.61,6395.95,Month-to-month,Fiber optic,Electronic check,No,1,No,Yes,Yes
CUST00684,57.0,Male,8,50.48,5119.09,Month-to-month,Fiber optic,Electronic check,No,5,No,No,No
CUST00685,59.0,Female,5,88.79,5590.58,Month-to-month,DSL,Bank transfer,No,2,No,No,No
CUST00686,26.0,Male,2,106.4,2661.54,Month-to-month,No,Bank transfer,No,2,No,Yes,No
CUST00687,67.0,Male,9,49.89,5906.21,Month-to-month,Fiber optic,Mailed check,Yes,2,No,Yes,No
CUST00688,44.0,Male,2,39.3,1291.6,Month-to-month,Fiber optic,Electronic check,No,3,No,Yes,Yes
CUST00689,19.0,Male,10,31.62,4066.2,Month-to-month,DSL,Credit card,No,2,No,No,No
CUST00690,22.0,Female,0,81.63,572.35,Month-to-month,DSL,Bank transfer,No,3,No,Yes,No
CUST00691,46.0,Female,10,64.39,8287.68,One year,DSL,Credit card,No,0,Yes,No,No
CUST00692,54.0,Male,4,38.8,2300.55,Month-to-month,DSL,Credit card,No,0,Yes,Yes,Yes
CUST00693,55.0,Female,3,85.31,3781.14,Month-to-month,No,Electronic check,No,3,Yes,Yes,Yes
CUST00694,36.0,Male,8,34.85,3482.07,Two year,No,Credit card,No,4,No,No,No
CUST00695,25.0,Male,8,75.43,7790.12,Month-to-month,Fiber optic,Bank transfer,No,3,Yes,No,No
CUST00696,65.0,Female,4,72.71,3916.57,One year,DSL,Bank transfer,Yes,4,Yes,No,No
CUST00697,62.0,Male,9,93.42,10754.57,Two year,DSL,Mailed check,Yes,0,Yes,Yes,No
CUST00698,18.0,Female,3,25.51,1089.12,Month-to-month,Fiber optic,Electronic check,No,2,No,Yes,No
CUST00699,39.0,Male,6,108.79,8969.36,Two year,DSL,Electronic check,No,2,Yes,No,No
CUST00700,69.0,Female,5,90.3,6155.73,Two year,Fiber optic,Credit card,Yes,2,No,Yes,Yes
CUST00701,34.0,Female,3,41.61,1625.97,Month-to-month,DSL,Bank transfer,No,2,Yes,No,No
CUST00702,24.0,Male,9,38.34,4205.64,Two year,Fiber optic,Bank transfer,No,3,No,Yes,No
CUST00703,42.0,Female,1,63.17,1116.09,Month-to-month,No,Mailed check,No,2,No,Yes,No
CUST00704,62.0,Male,0,101.76,119.23,Month-to-month,Fiber optic,Credit card,Yes,2,Yes,No,No
CUST00705,21.0,Female,3,104.29,4223.88,Two year,No,Bank transfer,No,1,No,No,No
CUST00706,53.0,Male,3,72.05,2957.53,Two year,Fiber optic,Electronic check,No,3,No,No,No
CUST00707,23.0,Female,0,106.08,544.35,One year,Fiber optic,Mailed check,No,0,Yes,Yes,No
CUST00708,48.0,Female,5,20.54,1474.21,Month-to-month,Fiber optic,Electronic check,No,4,Yes,Yes,Yes
CUST00709,36.0,Female,3,23.52,948.87,Month-to-month,DSL,Mailed check,No,0,No,Yes,Yes
CUST00710,61.0,Male,0,111.18,435.55,One year,No,Electronic check,Yes,2,No,Yes,No
CUST00711,56.0,Female,0,97.53,236.33,Month-to-month,Fiber optic,Credit card,No,1,Yes,No,Yes
CUST00712,44.0,Male,0,65.07,430.83,Two year,Fiber optic,Bank transfer,No,2,No,No,Yes
CUST00713,27.0,Female,7,95.36,8266.8,Month-to-month,Fiber optic,Electronic check,No,5,Yes,Yes,Yes
CUST00714,43.0,Female,9,115.56,13379.45,Month-to-month,DSL,Credit card,No,2,No,No,No
CUST00715,36.0,Male,7,97.21,8428.76,Month-to-month,No,Electronic check,No,1,No,Yes,No
CUST00716,56.0,Female,1,104.24,2016.36,Month-to-month,DSL,Credit card,No,0,Yes,No,No
CUST00717,20.0,Male,10,96.06,12496.35,One year,No,Mailed check,No,3,Yes,No,No
CUST00718,62.0,Male,6,36.82,2705.08,Month-to-month,DSL,Credit card,Yes,1,No,Yes,No
CUST00719,30.0,Male,7,103.36,9262.84,One year,Fiber optic,Electronic check,No,0,No,Yes,No
CUST00720,67.0,Male,7,39.51,3558.73,Month-to-month,Fiber optic,Bank transfer,Yes,2,Yes,No,No
CUST00721,45.0,Male,10,109.26,14171.22,Month-to-month,No,Mailed check,No,1,No,Yes,No
CUST00722,37.0,Female,9,65.86,7517.73,One year,No,Mailed check,No,0,Yes,No,No
CUST00723,45.0,Male,10,87.7,11159.2,Month-to-month,No,Credit card,No,1,Yes,Yes,Yes
CUST00724,25.0,Female,6,69.72,5696.35,One year,Fiber optic,Electronic check,No,0,Yes,No,No
CUST00725,58.0,Male,4,29.4,1621.63,One year,DSL,Credit card,No,3,Yes,Yes,Yes
CUST00726,56.0,Male,0,49.07,242.47,One year,Fiber optic,Mailed check,No,3,Yes,No,No
CUST00727,18.0,Female,8,118.37,11593.66,Month-to-month,Fiber optic,Bank transfer,No,1,Yes,Yes,No
CUST00728,20.0,Female,6,116.07,9405.04,Two year,Fiber optic,Credit card,No,1,No,No,Yes
CUST00729,30.0,Male,1,52.05,1175.42,Two year,Fiber optic,Electronic check,No,5,Yes,No,No
CUST00730,45.0,Male,5,119.63,8573.97,Month-to-month,Fiber optic,Credit card,No,4,No,Yes,Yes
CUST00731,66.0,Female,1,104.56,2425.02,One year,Fiber optic,Credit card,Yes,2,No,No,No
CUST00732,42.0,Female,0,81.1,792.48,Month-to-month,No,Credit card,No,1,Yes,Yes,No
CUST00733,50.0,Male,6,24.01,1922.68,Month-to-month,No,Bank transfer,No,2,Yes,Yes,No
CUST00734,55.0,Male,1,110.14,2378.59,Month-to-month,Fiber optic,Electronic check,No,2,No,No,No
CUST00735,23.0,Male,1,75.74,1344.61,Two year,Fiber optic,Electronic check,No,4,No,Yes,No
CUST00736,61.0,Female,10,106.85,13627.92,One year,Fiber optic,Mailed check,Yes,3,Yes,Yes,No
CUST00737,62.0,Male,4,103.44,5465.32,Month-to-month,DSL,Mailed check,Yes,1,No,Yes,No
CUST00738,49.0,Female,4,103.3,5432.94,Month-to-month,DSL,Credit card,No,2,No,Yes,No
CUST00739,62.0,Female,6,89.82,7304.49,Two year,DSL,Mailed check,Yes,2,Yes,Yes,No
CUST00740,64.0,Male,0,49.14,294.51,Month-to-month,DSL,Electronic check,Yes,0,Yes,No,No
CUST00741,38.0,Male,7,53.62,4682.84,Month-to-month,DSL,Credit card,No,4,No,Yes,No
CUST00742,33.0,Female,2,50.85,1384.2,Two year,No,Mailed check,No,3,No,Yes,No
CUST00743,38.0,Male,3,,1021.92,One year,Fiber optic,Bank transfer,No,3,Yes,No,No
CUST00744,28.0,Male,8,78.26,8174.68,Month-to-month,Fiber optic,Mailed check,No,5,Yes,Yes,No
CUST00745,54.0,Female,3,89.88,3865.42,Month-to-month,Fiber optic,Bank transfer,No,1,Yes,Yes,No
CUST00746,53.0,Male,9,105.39,11952.31,Two year,Fiber optic,Mailed check,No,2,No,No,No
CUST00747,52.0,Female,4,34.02,1828.2,Two year,DSL,Electronic check,No,2,No,No,Yes
CUST00748,36.0,Female,6,74.42,5479.68,Month-to-month,DSL,Mailed check,No,2,Yes,No,No
CUST00749,37.0,Male,3,20.8,873.68,Month-to-month,No,Bank transfer,No,2,No,Yes,No
CUST00750,35.0,Female,0,29.51,287.72,Month-to-month,Fiber optic,Bank transfer,No,2,No,Yes,No
CUST00751,64.0,Female,8,25.42,2574.23,Month-to-month,Fiber optic,Mailed check,Yes,2,No,No,No
CUST00752,58.0,Male,3,92.55,3814.85,One year,Fiber optic,Credit card,No,0,Yes,No,No
CUST00753,66.0,Female,8,28.11,2731.53,Month-to-month,DSL,Bank transfer,Yes,1,No,No,No
CUST00754,31.0,Male,5,91.65,6052.22,One year,Fiber optic,Electronic check,No,1,Yes,Yes,Yes
CUST00755,32.0,Female,0,44.96,57.49,One year,Fiber optic,Mailed check,No,2,No,No,No
CUST00756,48.0,Female,2,107.77,3370.38,One year,Fiber optic,Bank transfer,No,0,Yes,Yes,No
CUST00757,18.0,Female,10,101.31,12823.27,Two year,DSL,Mailed check,No,0,Yes,No,No
CUST00758,20.0,Female,1,115.78,2574.96,Month-to-month,No,Mailed check,No,1,Yes,Yes,No
CUST00759,33.0,Female,8,108.38,11206.45,Month-to-month,DSL,Credit card,No,1,No,No,No
CUST00760,40.0,Female,0,113.33,516.52,One year,Fiber optic,Mailed check,No,3,Yes,No,No
CUST00761,28.0,Female,8,105.87,10870.58,Two year,Fiber optic,Mailed check,No,1,No,No,No
CUST00762,29.0,Male,8,89.34,9353.61,Month-to-month,Fiber optic,Mailed check,No,0,No,No,Yes
CUST00763,27.0,Female,7,37.03,3185.82,Two year,Fiber optic,Electronic check,No,2,No,Yes,No
CUST00764,49.0,Male,7,47.17,4331.71,Month-to-month,DSL,Mailed check,No,2,No,No,No
CUST00765,33.0,Female,10,41.27,5409.79,Month-to-month,Fiber optic,Electronic check,No,2,No,No,No
CUST00766,25.0,Female,0,80.36,344.78,Month-to-month,DSL,Mailed check,No,1,Yes,No,No
CUST00767,55.0,Male,10,70.36,8998.54,Two year,DSL,Credit card,No,0,Yes,Yes,No
CUST00768,29.0,Male,7,106.71,10034.43,Month-to-month,DSL,Credit card,No,1,No,No,No
CUST00769,41.0,Male,9,115.27,13213.39,Month-to-month,Fiber optic,Bank transfer,No,3,Yes,No,No
CUST00770,45.0,Female,2,60.49,,Two year,DSL,Mailed check,No,1,No,No,No
CUST00771,25.0,Male,10,70.64,8789.11,One year,DSL,Credit card,No,1,Yes,Yes,No
CUST00772,45.0,Female,6,117.15,8946.35,Two year,Fiber optic,Credit card,No,2,No,Yes,Yes
CUST00773,53.0,Female,10,47.62,6111.71,Month-to-month,No,Mailed check,No,1,Yes,Yes,No
CUST00774,43.0,Male,0,99.24,869.29,Month-to-month,Fiber optic,Bank transfer,No,0,No,Yes,Yes
CUST00775,25.0,Female,0,42.52,480.78,Month-to-month,No,Electronic check,No,0,No,Yes,No
CUST00776,67.0,Male,9,88.15,9826.36,One year,Fiber optic,Credit card,Yes,0,Yes,Yes,No
CUST00777,45.0,Male,4,45.36,2456.26,One year,Fiber optic,Credit card,No,3,No,No,Yes
CUST00778,45.0,Male,4,108.37,5608.76,One year,Fiber optic,Electronic check,No,1,Yes,Yes,Yes
CUST00779,54.0,Male,7,76.15,6539.84,One year,DSL,Credit card,No,4,Yes,No,No
CUST00780,58.0,Female,6,38.59,2988.24,Month-to-month,DSL,Electronic check,No,2,Yes,No,Yes
CUST00781,53.0,Female,7,42.44,3782.04,One year,DSL,Electronic check,No,2,Yes,No,No
CUST00782,44.0,Male,5,69.38,4438.57,Month-to-month,DSL,Bank transfer,No,2,No,Yes,Yes
CUST00783,34.0,Male,5,116.16,7465.25,Month-to-month,Fiber optic,Electronic check,No,1,No,Yes,Yes
CUST00784,26.0,Female,1,96.96,1644.88,Month-to-month,Fiber optic,Electronic check,No,2,No,No,Yes
CUST00785,50.0,Female,5,68.83,4947.31,One year,DSL,Electronic check,No,1,No,No,No
CUST00786,37.0,Male,4,53.77,3097.83,Two year,No,Electronic check,No,2,No,No,No
CUST00787,30.0,Female,2,74.93,1932.1,Month-to-month,Fiber optic,Credit card,No,1,Yes,Yes,Yes
CUST00788,45.0,Female,5,94.84,6695.38,Month-to-month,Fiber optic,Electronic check,No,2,Yes,No,No
CUST00789,65.0,Female,7,98.39,9048.57,Month-to-month,No,Credit card,Yes,2,No,No,No
CUST00790,46.0,Female,8,52.46,5602.55,Two year,DSL,Mailed check,No,2,No,No,Yes
CUST00791,30.0,Male,0,92.12,438.38,One year,Fiber optic,Mailed check,No,1,Yes,Yes,No
CUST00792,63.0,Female,2,85.78,2582.81,Two year,Fiber optic,Electronic check,Yes,0,No,Yes,Yes
CUST00793,52.0,Male,2,115.91,4040.45,Two year,Fiber optic,Bank transfer,No,2,No,Yes,No
CUST00794,23.0,Male,10,113.11,14025.45,Month-to-month,No,Bank transfer,No,1,Yes,Yes,No
CUST00795,35.0,Male,7,98.94,9406.28,Month-to-month,Fiber optic,Credit card,No,4,No,Yes,No
CUST00796,68.0,Female,0,92.34,933.88,Month-to-month,DSL,Credit card,Yes,4,Yes,No,No
CUST00797,22.0,Female,4,47.4,2833.86,Month-to-month,DSL,Mailed check,No,2,Yes,No,No
CUST00798,64.0,Male,2,104.6,2988.09,Month-to-month,DSL,Credit card,Yes,2,Yes,No,No
CUST00799,42.0,Female,1,62.75,978.48,Month-to-month,Fiber optic,Bank transfer,No,2,No,Yes,No
CUST00800,19.0,Male,7,47.22,4185.56,One year,DSL,Mailed check,No,4,No,No,No
CUST00801,27.0,Male,2,58.42,2073.98,Month-to-month,DSL,Electronic check,No,5,No,Yes,Yes
CUST00802,47.0,Female,6,103.59,7941.6,Month-to-month,Fiber optic,Credit card,No,2,No,Yes,No
CUST00803,67.0,Female,10,34.86,4434.8,One year,DSL,Electronic check,Yes,2,Yes,No,No
CUST00804,62.0,Female,0,65.62,357.0,Month-to-month,No,Credit card,Yes,1,No,No,Yes
CUST00805,22.0,Male,5,69.24,4525.42,One year,DSL,Bank transfer,No,2,No,No,Yes
CUST00806,50.0,Male,2,23.66,641.83,One year,DSL,Credit card,No,0,No,Yes,No
CUST00807,18.0,Female,7,39.57,3597.22,Month-to-month,DSL,Bank transfer,No,1,Yes,No,No
CUST00808,35.0,Male,5,102.67,7222.16,One year,No,Bank transfer,No,1,Yes,No,No
CUST00809,49.0,Male,1,103.08,1396.15,Month-to-month,Fiber optic,Electronic check,No,3,Yes,No,No
CUST00810,64.0,Male,5,49.24,3485.28,Month-to-month,DSL,Credit card,Yes,0,Yes,Yes,Yes
CUST00811,66.0,Female,6,107.49,8633.62,Month-to-month,Fiber optic,Electronic check,Yes,3,No,Yes,Yes
CUST00812,28.0,Female,4,97.18,5421.1,Two year,Fiber optic,Bank transfer,No,1,Yes,No,No
CUST00813,38.0,Female,2,61.79,1970.17,Month-to-month,DSL,Bank transfer,No,2,Yes,Yes,No
CUST00814,43.0,Male,3,94.84,3818.16,Month-to-month,Fiber optic,Bank transfer,No,2,No,No,Yes
CUST00815,42.0,Female,3,116.13,4827.13,Two year,DSL,Bank transfer,No,1,Yes,Yes,No
CUST00816,39.0,Male,5,65.9,4599.31,Month-to-month,DSL,Mailed check,No,4,Yes,No,No
CUST00817,44.0,Male,9,43.84,4926.31,Month-to-month,Fiber optic,Bank transfer,No,2,No,Yes,No
CUST00818,66.0,Male,0,114.18,704.52,Two year,DSL,Credit card,Yes,2,Yes,Yes,No
CUST00819,30.0,Female,10,80.37,9742.13,Month-to-month,No,Bank transfer,No,4,No,No,No
CUST00820,50.0,Male,3,30.53,1375.96,One year,DSL,Mailed check,No,0,Yes,Yes,No
CUST00821,51.0,Female,9,77.27,8777.46,One year,Fiber optic,Credit card,No,4,No,No,No
CUST00822,58.0,Male,3,70.06,2997.09,One year,DSL,Mailed check,No,3,No,No,Yes
CUST00823,52.0,Female,9,105.56,11639.21,Two year,No,Mailed check,No,2,No,No,No
CUST00824,18.0,Female,0,73.07,870.18,Two year,DSL,Credit card,No,2,Yes,Yes,Yes
CUST00825,38.0,Female,8,45.52,4566.89,One year,No,Mailed check,No,2,No,Yes,No
CUST00826,65.0,Female,3,87.56,3851.32,Two year,DSL,Bank transfer,Yes,0,No,No,No
CUST00827,23.0,Female,6,74.26,5895.77,Two year,Fiber optic,Electronic check,No,2,Yes,No,No
CUST00828,,Female,2,43.3,1456.44,Two year,Fiber optic,Electronic check,No,1,No,Yes,No
CUST00829,34.0,Female,9,77.36,8682.28,One year,Fiber optic,Electronic check,No,2,No,No,No
CUST00830,22.0,Female,2,102.15,3403.15,Month-to-month,DSL,Credit card,No,1,No,No,Yes
CUST00831,48.0,Male,7,22.86,2039.28,One year,No,Credit card,No,2,No,No,Yes
CUST00832,22.0,Male,7,83.09,7438.45,Month-to-month,DSL,Credit card,No,0,Yes,No,Yes
CUST00833,55.0,Male,10,54.96,7056.86,Month-to-month,Fiber optic,Electronic check,No,2,No,Yes,Yes
CUST00834,20.0,Male,0,49.27,474.33,Month-to-month,Fiber optic,Electronic check,No,3,No,No,Yes
CUST00835,40.0,Male,9,59.26,,Two year,No,Credit card,No,2,No,Yes,No
CUST00836,54.0,Female,1,54.2,1241.11,Month-to-month,Fiber optic,Electronic check,No,4,Yes,Yes,No
CUST00837,54.0,Female,7,103.22,9097.48,One year,DSL,Mailed check,No,1,Yes,Yes,No
CUST00838,27.0,Female,0,47.48,517.85,One year,Fiber optic,Mailed check,No,4,No,Yes,No
CUST00839,27.0,Female,7,93.32,8066.53,Month-to-month,DSL,Electronic check,No,2,No,No,No
CUST00840,36.0,Female,7,29.41,2713.21,One year,DSL,Credit card,No,1,Yes,No,No
CUST00841,34.0,Male,1,115.14,2190.42,One year,DSL,Bank transfer,No,1,No,No,No
CUST00842,38.0,Male,3,82.23,3489.92,Two year,No,Bank transfer,No,2,Yes,No,No
CUST00843,31.0,Female,5,90.67,5840.96,Month-to-month,No,Electronic check,No,1,No,Yes,No
CUST00844,26.0,Male,10,49.8,6301.74,Month-to-month,DSL,Bank transfer,No,2,Yes,Yes,No
CUST00845,63.0,Male,8,61.21,6046.29,One year,Fiber optic,Credit card,Yes,1,No,Yes,No
CUST00846,18.0,Female,7,42.38,3774.47,Month-to-month,DSL,Mailed check,No,2,No,No,No
CUST00847,68.0,Female,7,113.25,9749.18,Month-to-month,DSL,Mailed check,Yes,1,Yes,Yes,No
CUST00848,62.0,Male,6,,5455.97,Month-to-month,DSL,Credit card,Yes,2,No,Yes,No
CUST00849,30.0,Male,8,83.04,8142.36,One year,Fiber optic,Bank transfer,No,3,Yes,No,No
CUST00850,21.0,Female,1,93.43,1379.38,Month-to-month,No,Electronic check,No,3,No,Yes,No
CUST00851,18.0,Male,2,57.11,1481.44,One year,DSL,Mailed check,No,1,No,Yes,No
CUST00852,66.0,Female,9,92.01,,Two year,DSL,Bank transfer,Yes,1,Yes,No,No
CUST00853,57.0,Male,7,87.6,8257.31,One year,DSL,Bank transfer,No,4,Yes,Yes,No
CUST00854,49.0,Male,5,90.57,6428.28,Month-to-month,No,Mailed check,No,5,Yes,Yes,No
CUST00855,51.0,Female,9,68.92,7566.78,Month-to-month,DSL,Mailed check,No,0,No,Yes,No
CUST00856,45.0,Male,8,58.29,6061.0,Month-to-month,Fiber optic,Electronic check,No,0,No,Yes,No
CUST00857,48.0,Female,9,42.21,4918.66,Month-to-month,No,Credit card,No,2,No,Yes,No
CUST00858,25.0,Male,3,102.46,4392.61,Month-to-month,DSL,Bank transfer,No,0,No,No,No
CUST00859,56.0,Male,7,80.84,7464.51,Month-to-month,Fiber optic,Electronic check,No,1,No,Yes,No
CUST00860,43.0,Female,9,64.44,7189.61,One year,DSL,Mailed check,No,2,No,Yes,No
CUST00861,51.0,Male,2,114.4,3476.17,Two year,No,Credit card,No,4,Yes,No,No
CUST00862,20.0,Female,2,24.78,726.04,Two year,DSL,Credit card,No,4,No,No,Yes
CUST00863,67.0,Female,7,105.02,9030.33,Month-to-month,No,Bank transfer,Yes,1,Yes,Yes,Yes
CUST00864,29.0,Male,4,119.76,6692.32,One year,No,Credit card,No,0,No,No,Yes
CUST00865,18.0,Female,2,108.69,3309.32,Month-to-month,Fiber optic,Mailed check,No,1,Yes,Yes,Yes
CUST00866,61.0,Female,9,101.04,11319.2,One year,Fiber optic,Mailed check,Yes,0,Yes,Yes,No
CUST00867,22.0,Female,10,57.43,7248.27,Month-to-month,Fiber optic,Mailed check,No,2,No,No,No
CUST00868,47.0,Male,0,43.13,410.95,Two year,DSL,Electronic check,No,3,Yes,Yes,Yes
CUST00869,47.0,Female,2,93.49,3161.67,Two year,DSL,Mailed check,No,2,No,No,No
CUST00870,,Female,8,50.46,5255.15,Month-to-month,DSL,Electronic check,No,4,Yes,Yes,No
CUST00871,65.0,Male,4,37.6,2035.86,One year,Fiber optic,Mailed check,Yes,0,Yes,No,No
CUST00872,64.0,Female,9,98.65,11377.62,One year,No,Mailed check,Yes,4,Yes,No,No
CUST00873,40.0,Female,1,51.25,883.3,Month-to-month,No,Credit card,No,1,Yes,Yes,Yes
CUST00874,32.0,Female,6,111.44,8290.26,One year,Fiber optic,Bank transfer,No,1,Yes,No,No
CUST00875,54.0,Male,1,104.06,1794.18,One year,Fiber optic,Mailed check,No,2,Yes,Yes,Yes
CUST00876,38.0,Male,3,104.76,4487.25,Two year,No,Credit card,No,3,Yes,Yes,No
CUST00877,31.0,Male,6,97.16,7732.69,One year,No,Credit card,No,3,No,Yes,No
CUST00878,19.0,Male,3,108.09,5111.99,One year,Fiber optic,Bank transfer,No,0,No,Yes,No
CUST00879,28.0,Male,6,100.57,8201.55,Two year,DSL,Credit card,No,2,No,No,No
CUST00880,68.0,Male,6,80.25,5992.42,Two year,Fiber optic,Credit card,Yes,3,No,Yes,No
CUST00881,56.0,Female,0,,144.58,Month-to-month,Fiber optic,Bank transfer,No,1,Yes,No,Yes
CUST00882,55.0,Male,5,108.82,6758.31,Month-to-month,Fiber optic,Electronic check,No,1,Yes,No,Yes
CUST00883,51.0,Male,8,104.06,10938.79,One year,No,Bank transfer,No,2,No,Yes,No
CUST00884,55.0,Male,1,67.29,1397.43,Two year,No,Bank transfer,No,0,No,Yes,No
CUST00885,67.0,Male,2,23.91,857.17,Month-to-month,Fiber optic,Mailed check,Yes,1,Yes,Yes,Yes
CUST00886,51.0,Female,9,83.85,9621.14,Month-to-month,DSL,Mailed check,No,1,No,Yes,No
CUST00887,35.0,Female,4,25.06,1455.75,Month-to-month,DSL,Electronic check,No,2,Yes,No,No
CUST00888,47.0,Male,8,112.63,11639.28,One year,DSL,Bank transfer,No,3,No,No,Yes
CUST00889,32.0,Female,3,116.16,5414.79,Two year,Fiber optic,Bank transfer,No,5,Yes,No,No
CUST00890,44.0,Male,0,38.95,347.87,Month-to-month,No,Electronic check,No,4,No,Yes,No
CUST00891,68.0,Female,3,87.64,3862.45,Month-to-month,Fiber optic,Mailed check,Yes,1,No,Yes,Yes
CUST00892,51.0,Male,5,29.23,1964.73,Two year,Fiber optic,Bank transfer,No,0,No,Yes,Yes
CUST00893,69.0,Male,4,92.95,5293.75,Month-to-month,DSL,Electronic check,Yes,3,Yes,No,No
CUST00894,55.0,Male,0,54.73,307.37,Two year,Fiber optic,Mailed check,No,0,No,Yes,No
CUST00895,50.0,Male,3,88.11,3353.67,Month-to-month,No,Credit card,No,3,No,No,Yes
CUST00896,41.0,Female,5,57.29,3519.89,One year,Fiber optic,Electronic check,No,0,Yes,Yes,No
CUST00897,32.0,Male,9,34.56,3949.15,Month-to-month,DSL,Electronic check,No,2,Yes,No,No
CUST00898,47.0,Female,9,60.61,7006.04,One year,No,Bank transfer,No,3,No,Yes,No
CUST00899,59.0,Female,3,31.27,1184.11,Two year,DSL,Credit card,No,2,Yes,Yes,Yes
CUST00900,68.0,Female,8,77.69,7781.11,Two year,Fiber optic,Mailed check,Yes,3,Yes,No,Yes
CUST00901,34.0,Male,4,24.1,1266.27,Two year,DSL,Credit card,No,2,Yes,No,Yes
CUST00902,22.0,Female,7,72.73,6632.3,Month-to-month,Fiber optic,Bank transfer,No,0,No,No,Yes
CUST00903,46.0,Female,8,108.64,10870.88,Month-to-month,DSL,Bank transfer,No,1,Yes,No,Yes
CUST00904,21.0,Female,9,103.79,11422.31,Month-to-month,Fiber optic,Mailed check,No,2,No,No,No
CUST00905,27.0,Male,4,108.28,5502.08,Two year,Fiber optic,Mailed check,No,1,Yes,No,Yes
CUST00906,34.0,Female,5,112.2,7058.89,Month-to-month,DSL,Mailed check,No,0,No,No,No
CUST00907,27.0,Male,0,30.45,312.71,Two year,No,Bank transfer,No,0,Yes,No,No
CUST00908,34.0,Female,10,32.87,4080.07,Two year,DSL,Mailed check,No,0,Yes,No,No
CUST00909,37.0,Female,6,75.7,6121.22,One year,No,Mailed check,No,3,No,No,No
CUST00910,41.0,Male,3,109.4,4731.14,Two year,Fiber optic,Mailed check,No,3,No,No,No
CUST00911,22.0,Male,10,117.43,15471.1,Two year,Fiber optic,Electronic check,No,4,No,Yes,No
CUST00912,51.0,Female,1,24.63,394.11,Two year,Fiber optic,Mailed check,No,2,No,No,No
CUST00913,23.0,Male,4,55.58,2820.25,One year,DSL,Bank transfer,No,3,No,No,No
CUST00914,19.0,Female,2,41.29,1055.89,Two year,DSL,Electronic check,No,0,No,No,No
CUST00915,30.0,Female,5,95.6,6084.99,Month-to-month,Fiber optic,Bank transfer,No,2,No,No,Yes
CUST00916,60.0,Male,7,84.02,7773.93,One year,No,Credit card,Yes,3,No,No,No
CUST00917,60.0,Male,6,31.99,2365.27,Month-to-month,No,Electronic check,Yes,0,Yes,Yes,No
CUST00918,65.0,Male,2,68.35,1892.73,Month-to-month,DSL,Mailed check,Yes,3,No,Yes,No
CUST00919,28.0,Female,7,88.54,8358.92,Two year,Fiber optic,Electronic check,No,5,No,No,No
CUST00920,68.0,Female,1,97.9,1900.48,One year,Fiber optic,Bank transfer,Yes,4,No,No,Yes
CUST00921,64.0,Female,9,22.01,2415.92,Month-to-month,Fiber optic,Electronic check,Yes,2,Yes,No,Yes
CUST00922,40.0,Male,8,109.05,10635.05,Month-to-month,No,Credit card,No,3,No,No,No
CUST00923,33.0,Male,3,76.93,2898.13,Two year,DSL,Mailed check,No,0,Yes,Yes,No
CUST00924,48.0,Male,0,101.19,1149.58,Two year,Fiber optic,Mailed check,No,1,Yes,No,No
CUST00925,28.0,Female,7,100.79,9509.39,Month-to-month,Fiber optic,Credit card,No,1,Yes,Yes,No
CUST00926,33.0,Male,6,38.99,3208.66,Two year,DSL,Bank transfer,No,1,Yes,Yes,Yes
CUST00927,25.0,Male,10,31.02,4068.78,Month-to-month,Fiber optic,Electronic check,No,3,Yes,Yes,No
CUST00928,21.0,Female,4,92.13,5026.41,One year,DSL,Bank transfer,No,1,Yes,Yes,No
CUST00929,57.0,Male,9,35.64,3981.73,One year,Fiber optic,Bank transfer,No,3,Yes,No,Yes
CUST00930,21.0,Male,4,104.99,5608.02,Two year,Fiber optic,Bank transfer,No,1,Yes,Yes,No
CUST00931,42.0,Female,6,92.62,7493.65,Two year,DSL,Mailed check,No,1,No,No,No
CUST00932,20.0,Female,4,104.18,6108.74,Month-to-month,DSL,Electronic check,No,1,Yes,Yes,Yes
CUST00933,49.0,Female,7,49.9,4480.32,One year,No,Mailed check,No,0,Yes,No,No
CUST00934,20.0,Female,10,51.66,6555.1,Month-to-month,No,Mailed check,No,1,No,No,No
CUST00935,44.0,Female,5,87.12,,Month-to-month,No,Mailed check,No,2,No,Yes,No
CUST00936,46.0,Female,4,23.14,1161.22,One year,No,Electronic check,No,3,No,Yes,No
CUST00937,49.0,Male,8,92.65,9865.86,Month-to-month,DSL,Credit card,No,3,No,Yes,Yes
CUST00938,67.0,Male,10,103.58,12714.69,Month-to-month,DSL,Mailed check,Yes,5,No,Yes,No
CUST00939,68.0,Female,1,61.52,1127.2,Month-to-month,DSL,Mailed check,Yes,1,No,No,Yes
CUST00940,36.0,Female,0,96.49,328.32,One year,No,Mailed check,No,3,No,Yes,No
CUST00941,38.0,Male,7,37.46,3432.55,One year,Fiber optic,Electronic check,No,0,No,Yes,Yes
CUST00942,22.0,Female,2,52.23,1626.67,Month-to-month,Fiber optic,Electronic check,No,0,No,No,Yes
CUST00943,35.0,Female,10,117.43,14699.9,Two year,No,Bank transfer,No,5,Yes,No,No
CUST00944,45.0,Male,6,118.63,9786.54,Month-to-month,Fiber optic,Mailed check,No,4,No,No,Yes
CUST00945,59.0,Male,9,71.26,8284.54,One year,DSL,Mailed check,No,1,Yes,No,No
CUST00946,39.0,Female,10,113.43,14624.9,One year,DSL,Electronic check,No,1,No,No,No
CUST00947,38.0,Female,7,72.27,6262.72,Month-to-month,DSL,Electronic check,No,2,No,Yes,No
CUST00948,23.0,Male,5,49.16,3476.34,Month-to-month,DSL,Mailed check,No,1,Yes,Yes,No
CUST00949,18.0,Female,9,46.69,5175.0,Two year,Fiber optic,Credit card,No,2,Yes,Yes,No
CUST00950,22.0,Male,8,112.95,11232.95,Month-to-month,Fiber optic,Bank transfer,No,4,No,No,No
CUST00951,58.0,Male,6,37.24,2770.98,Month-to-month,DSL,Bank transfer,No,0,Yes,Yes,No
CUST00952,29.0,Female,9,77.96,8875.27,Month-to-month,Fiber optic,Mailed check,No,2,Yes,Yes,No
CUST00953,43.0,Male,4,75.55,4439.68,Two year,Fiber optic,Bank transfer,No,2,Yes,Yes,No
CUST00954,63.0,Male,7,93.96,8247.52,Month-to-month,No,Bank transfer,Yes,2,No,No,No
CUST00955,51.0,Male,1,69.92,1196.42,Two year,Fiber optic,Mailed check,No,2,Yes,No,No
CUST00956,66.0,Female,6,47.23,3887.35,Month-to-month,No,Bank transfer,Yes,8,Yes,Yes,Yes
CUST00957,31.0,Female,3,36.94,1617.82,Month-to-month,DSL,Electronic check,No,1,Yes,Yes,Yes
CUST00958,43.0,Female,8,82.08,8640.38,Month-to-month,DSL,Mailed check,No,4,No,Yes,No
CUST00959,62.0,Male,0,91.9,308.23,Two year,Fiber optic,Electronic check,Yes,1,No,Yes,Yes
CUST00960,44.0,Male,6,76.95,6223.82,One year,DSL,Mailed check,No,5,Yes,No,No
CUST00961,26.0,Female,5,93.84,5959.19,Month-to-month,Fiber optic,Electronic check,No,1,Yes,No,Yes
CUST00962,43.0,Male,7,34.15,3273.63,Month-to-month,DSL,Bank transfer,No,3,Yes,No,No
CUST00963,64.0,Male,4,108.25,5970.93,Month-to-month,Fiber optic,Credit card,Yes,1,No,No,Yes
CUST00964,39.0,Female,0,78.24,676.93,Month-to-month,No,Electronic check,No,1,Yes,No,No
CUST00965,64.0,Male,0,32.68,75.24,Month-to-month,DSL,Electronic check,Yes,2,Yes,Yes,Yes
CUST00966,,Male,8,66.19,6602.93,Two year,No,Credit card,No,1,Yes,No,Yes
CUST00967,60.0,Male,9,104.48,11548.92,One year,DSL,Credit card,Yes,3,Yes,No,No
CUST00968,65.0,Male,5,109.76,7166.44,Month-to-month,DSL,Electronic check,Yes,1,Yes,Yes,Yes
CUST00969,34.0,Male,9,46.46,5209.35,Two year,Fiber optic,Electronic check,No,3,Yes,No,No
CUST00970,43.0,Male,4,91.13,5200.07,Two year,No,Electronic check,No,1,No,Yes,No
CUST00971,53.0,Female,0,30.0,65.87,Month-to-month,Fiber optic,Mailed check,No,1,No,No,Yes
CUST00972,18.0,Female,5,23.35,1617.52,Month-to-month,Fiber optic,Electronic check,No,3,No,No,No
CUST00973,25.0,Male,5,76.04,4676.67,Two year,DSL,Electronic check,No,1,Yes,No,No
CUST00974,66.0,Female,2,89.48,2435.84,One year,DSL,Credit card,Yes,1,No,Yes,No
CUST00975,52.0,Female,7,99.58,9331.8,Month-to-month,DSL,Credit card,No,5,No,Yes,No
CUST00976,69.0,Female,0,54.02,495.39,One year,DSL,Mailed check,Yes,1,Yes,Yes,No
CUST00977,32.0,Male,0,20.65,128.85,Month-to-month,No,Mailed check,No,1,Yes,No,No
CUST00978,64.0,Female,5,67.95,4182.31,Two year,No,Bank transfer,Yes,2,Yes,Yes,No
CUST00979,39.0,Male,9,21.59,2498.15,Month-to-month,DSL,Electronic check,No,5,Yes,Yes,Yes
CUST00980,31.0,Female,0,29.2,159.84,One year,Fiber optic,Electronic check,No,3,No,No,Yes
CUST00981,43.0,Female,5,52.67,3396.26,Month-to-month,Fiber optic,Credit card,No,5,Yes,No,No
CUST00982,45.0,Male,0,63.72,512.6,Month-to-month,DSL,Bank transfer,No,2,No,No,No
CUST00983,40.0,Female,5,47.95,3155.24,Month-to-month,Fiber optic,Electronic check,No,4,Yes,No,No
CUST00984,31.0,Male,2,78.19,2034.24,Month-to-month,Fiber optic,Bank transfer,No,1,Yes,Yes,Yes
CUST00985,41.0,Female,7,25.53,2427.28,One year,Fiber optic,Mailed check,No,2,No,Yes,No
CUST00986,19.0,Female,5,34.46,2397.16,Month-to-month,DSL,Electronic check,No,3,No,Yes,Yes
CUST00987,62.0,Female,10,89.53,10888.65,Month-to-month,No,Electronic check,Yes,1,No,No,No
CUST00988,43.0,Female,0,34.21,231.8,One year,Fiber optic,Mailed check,No,5,No,No,No
CUST00989,31.0,Male,4,83.98,4192.04,One year,DSL,Electronic check,No,0,No,No,No
CUST00990,68.0,Male,7,25.47,2399.53,Month-to-month,DSL,Mailed check,Yes,4,Yes,Yes,No
CUST00991,24.0,Female,2,60.74,1928.08,Month-to-month,Fiber optic,Mailed check,No,2,Yes,Yes,Yes
CUST00992,20.0,Male,5,37.74,2373.73,Two year,Fiber optic,Bank transfer,No,2,No,Yes,No
CUST00993,64.0,Female,4,30.96,1524.1,Month-to-month,Fiber optic,Credit card,Yes,2,Yes,Yes,No
CUST00994,40.0,Male,5,76.7,4705.34,Two year,DSL,Credit card,No,4,Yes,No,No
CUST00995,63.0,Male,9,112.83,12928.18,Month-to-month,DSL,Mailed check,Yes,2,Yes,No,No
CUST00996,60.0,Male,0,25.48,231.31,One year,Fiber optic,Bank transfer,Yes,1,Yes,No,No
CUST00997,64.0,Female,6,62.16,4620.31,Month-to-month,DSL,Mailed check,Yes,6,No,Yes,No
CUST00998,62.0,Male,8,90.75,9023.65,Two year,Fiber optic,Bank transfer,Yes,0,Yes,Yes,No
CUST00999,35.0,Male,1,66.27,1100.07,Month-to-month,DSL,Bank transfer,No,1,No,Yes,No
CUST01000,55.0,Female,9,100.65,11212.29,Month-to-month,DSL,Credit card,No,4,No,Yes,Yes
CUST01001,52.0,Female,4,37.96,2023.45,Month-to-month,DSL,Credit card,No,4,No,No,Yes
CUST01002,68.0,Female,9,115.96,13353.46,Two year,Fiber optic,Bank transfer,Yes,4,No,No,No
CUST01003,32.0,Male,3,,2606.15,Two year,Fiber optic,Credit card,No,5,No,Yes,No
CUST01004,42.0,Male,5,54.16,3877.94,Month-to-month,No,Bank transfer,No,5,No,Yes,No
CUST01005,54.0,Male,5,107.46,7655.37,Month-to-month,No,Electronic check,No,3,Yes,Yes,No
CUST01006,45.0,Male,10,76.39,9722.26,One year,Fiber optic,Mailed check,No,1,Yes,No,No
CUST01007,27.0,Male,1,71.64,1509.86,Two year,DSL,Credit card,No,1,No,Yes,No
CUST01008,56.0,Male,1,92.7,2174.7,One year,Fiber optic,Mailed check,No,3,No,Yes,No
CUST01009,34.0,Female,3,77.98,2956.86,Two year,DSL,Credit card,No,0,No,Yes,No
CUST01010,56.0,Male,0,36.25,38.5,Month-to-month,Fiber optic,Mailed check,No,3,No,Yes,No
CUST01011,39.0,Male,8,,8508.4,Month-to-month,Fiber optic,Mailed check,No,3,No,No,No
CUST01012,43.0,Male,6,33.35,2641.21,Month-to-month,Fiber optic,Credit card,No,3,No,No,No
CUST01013,61.0,Female,6,100.59,8187.14,One year,DSL,Credit card,Yes,3,Yes,No,No
CUST01014,42.0,Male,2,118.97,3454.63,Month-to-month,No,Credit card,No,1,Yes,No,No
CUST01015,34.0,Female,10,57.74,7332.84,Month-to-month,Fiber optic,Credit card,No,1,Yes,No,No
CUST01016,30.0,Male,2,64.48,1978.25,Month-to-month,Fiber optic,Bank transfer,No,1,Yes,Yes,Yes
CUST01017,37.0,Female,0,24.64,50.33,Month-to-month,DSL,Credit card,No,4,Yes,Yes,No
CUST01018,42.0,Female,2,21.37,609.85,Month-to-month,Fiber optic,Credit card,No,2,No,Yes,No
CUST01019,21.0,Female,2,,2827.47,Month-to-month,DSL,Credit card,No,2,Yes,Yes,Yes
CUST01020,27.0,Male,3,32.86,1255.84,Two year,Fiber optic,Electronic check,No,1,No,Yes,No
CUST01021,20.0,Female,3,64.58,2966.19,Month-to-month,Fiber optic,Mailed check,No,2,Yes,Yes,No
CUST01022,58.0,Male,2,101.54,3464.91,Month-to-month,No,Credit card,No,1,Yes,No,No
CUST01023,62.0,Female,9,108.93,12834.29,One year,DSL,Credit card,Yes,2,No,Yes,No
CUST01024,35.0,Male,7,71.94,6690.06,Two year,Fiber optic,Mailed check,No,1,No,Yes,No
CUST01025,64.0,Female,7,76.5,7170.07,One year,DSL,Mailed check,Yes,1,Yes,No,Yes
CUST01026,53.0,Female,0,86.97,728.88,Month-to-month,Fiber optic,Bank transfer,No,3,Yes,No,No
CUST01027,64.0,Male,6,116.14,9333.96,Two year,No,Mailed check,Yes,2,No,No,No
CUST01028,39.0,Female,10,80.27,10301.93,Month-to-month,Fiber optic,Mailed check,No,4,Yes,Yes,No
CUST01029,51.0,Male,1,75.95,1416.81,Month-to-month,Fiber optic,Electronic check,No,1,No,Yes,Yes
CUST01030,64.0,Female,0,21.45,107.18,One year,DSL,Bank transfer,Yes,1,Yes,No,No
CUST01031,25.0,Female,2,28.09,927.87,One year,Fiber optic,Electronic check,No,1,No,No,No
CUST01032,57.0,Male,3,77.72,3130.96,One year,DSL,Mailed check,No,0,No,No,No
CUST01033,66.0,Male,5,113.62,7609.35,Two year,Fiber optic,Credit card,Yes,1,No,No,No
CUST01034,61.0,Male,9,106.67,12135.52,One year,DSL,Bank transfer,Yes,1,Yes,Yes,No
CUST01035,36.0,Female,4,118.26,6154.59,Two year,Fiber optic,Mailed check,No,4,No,No,No
CUST01036,59.0,Male,3,72.78,3473.18,One year,DSL,Mailed check,No,2,Yes,No,Yes
CUST01037,58.0,Male,7,98.79,8678.33,Month-to-month,DSL,Credit card,No,0,Yes,Yes,No
CUST01038,54.0,Female,10,104.04,12942.81,Month-to-month,Fiber optic,Credit card,No,0,Yes,Yes,No
CUST01039,23.0,Male,3,84.8,3288.33,Month-to-month,No,Credit card,No,3,No,No,No
CUST01040,69.0,Male,9,53.87,6359.5,Month-to-month,No,Bank transfer,Yes,2,Yes,Yes,No
CUST01041,43.0,Female,1,67.0,1303.32,One year,No,Electronic check,No,0,No,Yes,No
CUST01042,51.0,Female,2,105.79,3358.14,One year,DSL,Bank transfer,No,1,No,No,No
CUST01043,62.0,Female,5,49.85,3490.8,Month-to-month,DSL,Credit card,Yes,0,Yes,No,No
CUST01044,23.0,Female,7,112.37,9975.32,Month-to-month,No,Bank transfer,No,1,No,Yes,Yes
CUST01045,54.0,Female,7,42.98,3744.85,Month-to-month,No,Credit card,No,0,No,No,No
CUST01046,50.0,Male,10,94.95,11696.17,Two year,Fiber optic,Electronic check,No,2,No,No,Yes
CUST01047,39.0,Female,8,83.06,8726.19,Month-to-month,DSL,Bank transfer,No,4,Yes,Yes,No
CUST01048,38.0,Female,6,94.96,7573.56,One year,DSL,Electronic check,No,4,No,Yes,No
CUST01049,23.0,Female,1,63.73,973.14,One year,No,Electronic check,No,2,No,Yes,No
CUST01050,23.0,Male,7,113.26,9807.83,Month-to-month,DSL,Credit card,No,2,Yes,Yes,No
CUST01051,65.0,Male,6,83.25,6187.77,Month-to-month,Fiber optic,Bank transfer,Yes,3,No,Yes,Yes
CUST01052,21.0,Male,7,48.83,4487.76,Month-to-month,No,Bank transfer,No,5,No,No,Yes
CUST01053,47.0,Male,2,83.85,2096.36,Two year,Fiber optic,Electronic check,No,1,No,Yes,No
CUST01054,28.0,Female,6,48.68,3563.45,One year,DSL,Credit card,No,2,Yes,No,No
CUST01055,47.0,Female,9,49.36,5591.75,One year,DSL,Electronic check,No,1,No,No,No
CUST01056,48.0,Female,8,59.96,6272.11,One year,DSL,Electronic check,No,3,No,No,No
CUST01057,41.0,Male,2,105.24,3435.61,Month-to-month,Fiber optic,Electronic check,No,1,Yes,No,No
CUST01058,26.0,Female,9,70.03,7964.6,Month-to-month,Fiber optic,Electronic check,No,0,No,No,No
CUST01059,20.0,Male,5,87.89,6029.41,Two year,DSL,Bank transfer,No,0,No,Yes,No
CUST01060,68.0,Male,1,59.2,1108.94,Two year,DSL,Mailed check,Yes,1,No,No,No
CUST01061,48.0,Male,1,46.36,1100.88,One year,DSL,Bank transfer,No,3,No,No,No
CUST01062,57.0,Female,4,115.46,5863.87,One year,No,Credit card,No,1,Yes,Yes,No
CUST01063,,Female,4,80.36,4468.61,Month-to-month,No,Mailed check,No,0,Yes,No,No
CUST01064,53.0,Female,6,113.4,,Month-to-month,Fiber optic,Electronic check,No,3,Yes,Yes,No
CUST01065,41.0,Female,1,40.34,610.71,One year,No,Bank transfer,No,2,No,No,No
CUST01066,48.0,Male,10,34.69,4483.68,Two year,Fiber optic,Mailed check,No,1,No,Yes,No
CUST01067,23.0,Female,6,105.58,8027.31,Month-to-month,Fiber optic,Electronic check,No,3,No,Yes,No
CUST01068,19.0,Male,4,88.09,4686.28,Month-to-month,Fiber optic,Bank transfer,No,0,No,No,No
CUST01069,37.0,Male,5,38.66,2517.66,Month-to-month,Fiber optic,Mailed check,No,2,Yes,Yes,No
CUST01070,45.0,Male,7,46.94,4115.99,Month-to-month,DSL,Bank transfer,No,0,Yes,Yes,Yes
CUST01071,28.0,Male,9,100.07,11381.74,Month-to-month,Fiber optic,Mailed check,No,1,No,No,Yes
CUST01072,21.0,Male,3,65.39,2759.9,Two year,No,Credit card,No,4,Yes,No,No
CUST01073,32.0,Male,6,87.05,7067.28,Two year,DSL,Bank transfer,No,2,Yes,No,Yes
CUST01074,23.0,Male,5,51.84,3598.51,Two year,DSL,Bank transfer,No,0,Yes,No,No
CUST01075,66.0,Female,9,58.12,6436.45,One year,DSL,Mailed check,Yes,4,Yes,No,No
CUST01076,47.0,Female,1,119.07,2324.31,Month-to-month,DSL,Credit card,No,1,Yes,No,No
CUST01077,55.0,Male,7,44.76,4245.85,Two year,DSL,Bank transfer,No,3,No,Yes,No
CUST01078,68.0,Female,9,70.65,7785.39,Month-to-month,Fiber optic,Credit card,Yes,1,No,No,No
CUST01079,,Female,8,104.44,10673.98,Two year,DSL,Credit card,No,6,Yes,No,No
CUST01080,32.0,Female,4,43.92,2514.59,One year,DSL,Bank transfer,No,2,Yes,No,No
CUST01081,28.0,Female,9,61.52,,Month-to-month,No,Electronic check,No,3,Yes,No,No
CUST01082,25.0,Male,3,81.51,3106.06,Month-to-month,Fiber optic,Mailed check,No,1,Yes,No,Yes
CUST01083,43.0,Female,5,68.12,4452.5,Month-to-month,DSL,Bank transfer,No,1,No,No,No
CUST01084,68.0,Male,7,65.95,5973.73,Month-to-month,Fiber optic,Credit card,Yes,2,Yes,No,No
CUST01085,62.0,Male,10,56.25,7422.43,Month-to-month,Fiber optic,Mailed check,Yes,1,Yes,No,No
CUST01086,61.0,Female,2,78.66,2121.04,Two year,Fiber optic,Bank transfer,Yes,1,Yes,No,No
CUST01087,22.0,Female,9,82.44,9876.86,One year,DSL,Mailed check,No,1,No,Yes,No
CUST01088,23.0,Male,10,85.33,10678.0,Month-to-month,No,Mailed check,No,6,Yes,Yes,No
CUST01089,43.0,Male,10,27.04,3331.42,Month-to-month,Fiber optic,Credit card,No,2,Yes,Yes,Yes
CUST01090,21.0,Female,0,83.1,461.64,One year,No,Electronic check,No,1,Yes,No,Yes
CUST01091,36.0,Female,3,115.32,5045.71,Month-to-month,DSL,Electronic check,No,2,Yes,No,No
CUST01092,37.0,Male,3,74.1,2915.72,Month-to-month,DSL,Mailed check,No,0,Yes,Yes,No
CUST01093,50.0,Female,0,91.53,384.96,One year,DSL,Credit card,No,2,Yes,No,Yes
CUST01094,37.0,Male,8,75.67,8051.29,Month-to-month,DSL,Credit card,No,2,No,Yes,No
CUST01095,66.0,Male,2,105.47,3795.77,Month-to-month,DSL,Bank transfer,Yes,1,No,No,No
CUST01096,29.0,Male,4,112.96,5930.39,Month-to-month,DSL,Mailed check,No,1,Yes,No,No
CUST01097,64.0,Male,5,38.42,2406.53,Month-to-month,Fiber optic,Bank transfer,Yes,3,No,No,Yes
CUST01098,18.0,Female,7,63.69,5969.34,Month-to-month,DSL,Credit card,No,1,Yes,No,Yes
CUST01099,43.0,Male,5,59.24,4004.92,Month-to-month,DSL,Mailed check,No,3,No,Yes,No
CUST01100,31.0,Male,2,60.52,1579.84,Month-to-month,No,Electronic check,No,3,Yes,No,No
CUST01101,55.0,Female,5,32.55,2324.54,Two year,DSL,Electronic check,No,1,Yes,Yes,No
CUST01102,54.0,Female,0,101.36,188.38,One year,Fiber optic,Bank transfer,No,3,No,No,No
CUST01103,28.0,Male,3,23.58,1034.66,One year,Fiber optic,Mailed check,No,2,No,Yes,No
CUST01104,53.0,Female,5,72.82,4781.6,Month-to-month,No,Credit card,No,3,Yes,No,No
CUST01105,30.0,Female,6,86.19,6819.6,Month-to-month,No,Bank transfer,No,0,Yes,No,Yes
CUST01106,60.0,Male,10,40.75,5026.32,Month-to-month,Fiber optic,Electronic check,Yes,2,Yes,No,Yes
CUST01107,20.0,Female,10,110.59,14218.47,Two year,No,Credit card,No,3,No,No,No
CUST01108,50.0,Female,9,103.85,12415.99,Month-to-month,Fiber optic,Mailed check,No,4,No,Yes,No
CUST01109,23.0,Female,2,67.11,2016.16,One year,Fiber optic,Electronic check,No,1,No,Yes,Yes
CUST01110,67.0,Female,8,61.11,6279.21,Month-to-month,DSL,Credit card,Yes,1,Yes,Yes,No
CUST01111,27.0,Female,6,43.66,3302.35,Two year,Fiber optic,Electronic check,No,1,No,Yes,No
CUST01112,22.0,Male,0,93.0,1005.38,Two year,Fiber optic,Mailed check,No,6,No,Yes,Yes
CUST01113,40.0,Female,1,33.17,785.56,Month-to-month,Fiber optic,Bank transfer,No,2,Yes,No,Yes
CUST01114,27.0,Male,0,88.02,849.33,One year,Fiber optic,Credit card,No,3,No,Yes,No
CUST01115,61.0,Male,10,104.25,13236.68,Month-to-month,DSL,Credit card,Yes,1,No,Yes,No
CUST01116,19.0,Female,8,42.85,4607.44,One year,DSL,Mailed check,No,0,Yes,Yes,No
CUST01117,30.0,Female,8,106.64,10524.55,Month-to-month,Fiber optic,Electronic check,No,1,No,No,Yes
CUST01118,57.0,Female,6,23.33,1825.89,Month-to-month,DSL,Electronic check,No,3,Yes,Yes,Yes
CUST01119,19.0,Female,9,111.28,12787.59,Month-to-month,DSL,Electronic check,No,1,No,Yes,Yes
CUST01120,37.0,Female,2,31.84,968.29,Two year,Fiber optic,Credit card,No,2,Yes,Yes,No
CUST01121,18.0,Female,4,84.58,4890.97,Two year,No,Credit card,No,4,Yes,Yes,No
CUST01122,54.0,Female,3,45.01,1997.29,Month-to-month,DSL,Electronic check,No,2,Yes,No,No
CUST01123,26.0,Female,6,103.66,7711.6,One year,Fiber optic,Credit card,No,1,Yes,No,No
CUST01124,34.0,Female,8,71.23,7180.76,Month-to-month,DSL,Bank transfer,No,5,No,Yes,No
CUST01125,26.0,Female,1,33.52,560.78,Month-to-month,Fiber optic,Mailed check,No,1,Yes,No,No
CUST01126,28.0,Female,7,77.1,7033.21,Two year,DSL,Mailed check,No,1,Yes,No,No
CUST01127,32.0,Female,8,60.79,6091.53,Month-to-month,Fiber optic,Credit card,No,5,Yes,Yes,Yes
CUST01128,41.0,Male,9,86.14,9500.38,One year,Fiber optic,Bank transfer,No,1,No,No,No
CUST01129,55.0,Female,9,108.19,12570.65,Month-to-month,DSL,Bank transfer,No,0,Yes,No,No
CUST01130,52.0,Male,8,60.94,6481.66,Month-to-month,Fiber optic,Electronic check,No,0,Yes,No,No
CUST01131,47.0,Male,9,,5841.94,Month-to-month,Fiber optic,Mailed check,No,0,No,No,No
CUST01132,48.0,Female,6,21.45,1795.33,Two year,DSL,Mailed check,No,1,No,No,No
CUST01133,66.0,Male,8,77.48,8181.29,One year,Fiber optic,Mailed check,Yes,2,Yes,No,No
CUST01134,22.0,Female,8,60.23,5934.87,Month-to-month,Fiber optic,Credit card,No,2,No,No,No
CUST01135,61.0,Female,2,57.46,1975.72,Two year,DSL,Bank transfer,Yes,1,Yes,No,No
CUST01136,67.0,Male,3,38.29,1585.19,Two year,Fiber optic,Electronic check,Yes,1,Yes,Yes,No
CUST01137,31.0,Female,1,63.01,1325.04,Month-to-month,Fiber optic,Credit card,No,1,No,No,No
CUST01138,28.0,Male,9,118.44,13602.12,Month-to-month,No,Electronic check,No,1,Yes,No,No
CUST01139,26.0,Male,2,49.78,1698.23,Month-to-month,Fiber optic,Credit card,No,1,No,No,No
CUST01140,51.0,Female,10,79.97,10050.67,Month-to-month,DSL,Mailed check,No,1,Yes,Yes,Yes
CUST01141,29.0,Male,10,,11882.03,One year,No,Electronic check,No,1,Yes,Yes,No
CUST01142,52.0,Male,4,94.92,5232.47,Month-to-month,DSL,Bank transfer,No,1,No,No,Yes
CUST01143,52.0,Female,4,52.88,2690.76,Month-to-month,Fiber optic,Bank transfer,No,1,Yes,Yes,Yes
CUST01144,18.0,Male,5,81.09,5807.72,Month-to-month,No,Credit card,No,1,No,Yes,No
CUST01145,57.0,Female,6,107.13,,Month-to-month,Fiber optic,Mailed check,No,3,Yes,No,Yes
CUST01146,39.0,Female,6,21.54,1703.58,One year,Fiber optic,Credit card,No,2,Yes,Yes,No
CUST01147,46.0,Female,0,63.57,697.99,One year,No,Electronic check,No,1,No,Yes,Yes
CUST01148,25.0,Female,1,42.43,843.1,Month-to-month,Fiber optic,Bank transfer,No,1,Yes,Yes,No
CUST01149,28.0,Male,8,58.86,5905.43,Month-to-month,Fiber optic,Bank transfer,No,1,No,Yes,No
CUST01150,58.0,Female,9,61.6,6915.03,Month-to-month,Fiber optic,Bank transfer,No,2,No,Yes,No
CUST01151,54.0,Male,1,94.67,1753.04,Two year,DSL,Bank transfer,No,1,No,Yes,No
CUST01152,31.0,Male,5,29.38,2072.25,Month-to-month,Fiber optic,Electronic check,No,3,No,Yes,No
CUST01153,47.0,Female,10,71.26,9245.42,Month-to-month,No,Bank transfer,No,3,No,No,Yes
CUST01154,52.0,Female,10,76.42,10056.12,Month-to-month,DSL,Credit card,No,3,No,Yes,No
CUST01155,38.0,Female,0,69.42,124.31,Month-to-month,Fiber optic,Bank transfer,No,1,No,Yes,No
CUST01156,54.0,Male,2,93.19,2604.81,Month-to-month,Fiber optic,Electronic check,No,3,No,Yes,Yes
CUST01157,22.0,Female,1,58.38,810.45,One year,Fiber optic,Mailed check,No,0,No,No,No
CUST01158,36.0,Male,2,114.5,3808.48,Two year,Fiber optic,Mailed check,No,0,No,No,No
CUST01159,31.0,Female,4,68.18,3446.44,Month-to-month,No,Bank transfer,No,1,Yes,No,No
CUST01160,43.0,Female,10,77.12,9416.26,One year,DSL,Mailed check,No,0,No,Yes,No
CUST01161,21.0,Male,9,102.55,11811.54,One year,Fiber optic,Electronic check,No,2,No,No,Yes
CUST01162,42.0,Male,5,47.52,3113.81,Month-to-month,Fiber optic,Bank transfer,No,2,Yes,Yes,Yes
CUST01163,62.0,Female,8,27.52,2885.92,Month-to-month,Fiber optic,Electronic check,Yes,4,No,No,No
CUST01164,59.0,Female,10,90.78,11470.7,Month-to-month,DSL,Mailed check,No,2,No,Yes,No
CUST01165,42.0,Female,9,68.3,7764.25,Two year,Fiber optic,Mailed check,No,4,No,Yes,No
CUST01166,35.0,Male,3,109.65,4570.27,Two year,No,Bank transfer,No,2,No,Yes,No
CUST01167,57.0,Female,6,118.27,9768.0,Month-to-month,DSL,Mailed check,No,3,Yes,No,No
CUST01168,25.0,Female,5,59.91,3914.97,Month-to-month,Fiber optic,Bank transfer,No,2,Yes,No,No
CUST01169,56.0,Male,1,61.54,1025.71,One year,No,Bank transfer,No,2,No,No,No
CUST01170,57.0,Female,9,60.8,6853.61,Month-to-month,Fiber optic,Credit card,No,1,No,No,No
CUST01171,31.0,Male,10,52.46,6461.11,One year,Fiber optic,Credit card,No,2,No,No,No
CUST01172,49.0,Male,10,98.17,12808.0,Month-to-month,No,Credit card,No,1,No,Yes,Yes
CUST01173,68.0,Female,10,95.9,11758.58,Two year,DSL,Electronic check,Yes,2,Yes,Yes,No
CUST01174,55.0,Female,7,67.86,6446.34,One year,Fiber optic,Mailed check,No,3,No,No,Yes
CUST01175,50.0,Male,6,24.47,1862.61,Month-to-month,Fiber optic,Mailed check,No,3,No,Yes,No
CUST01176,40.0,Male,6,50.96,4224.26,One year,Fiber optic,Credit card,No,4,Yes,No,No
CUST01177,32.0,Female,7,49.23,4612.8,Month-to-month,Fiber optic,Bank transfer,No,2,Yes,Yes,No
CUST01178,50.0,Male,10,101.11,12881.6,Month-to-month,DSL,Bank transfer,No,1,Yes,Yes,Yes
CUST01179,42.0,Male,0,28.76,240.55,One year,DSL,Bank transfer,No,1,No,No,No
CUST01180,,Female,0,100.57,461.04,Month-to-month,DSL,Bank transfer,No,2,No,Yes,Yes
CUST01181,50.0,Male,7,86.92,7937.23,One year,DSL,Electronic check,No,3,Yes,No,No
CUST01182,64.0,Male,3,93.24,3749.78,Month-to-month,DSL,Mailed check,Yes,3,No,Yes,Yes
CUST01183,19.0,Male,4,63.22,3377.53,One year,No,Credit card,No,2,No,Yes,Yes
CUST01184,31.0,Male,7,87.97,8217.39,Month-to-month,DSL,Electronic check,No,3,Yes,Yes,No
CUST01185,57.0,Male,4,80.9,4181.18,One year,Fiber optic,Mailed check,No,1,Yes,Yes,No
CUST01186,57.0,Male,9,96.9,11456.23,Month-to-month,Fiber optic,Electronic check,No,5,No,No,No
CUST01187,68.0,Female,3,64.68,2660.59,Month-to-month,DSL,Bank transfer,Yes,2,No,No,Yes
CUST01188,56.0,Female,5,67.28,4497.93,Month-to-month,No,Electronic check,No,3,Yes,Yes,Yes
CUST01189,68.0,Female,4,84.36,5007.74,Month-to-month,No,Electronic check,Yes,4,No,No,Yes
CUST01190,23.0,Female,6,30.81,2480.01,Month-to-month,DSL,Bank transfer,No,1,No,No,Yes
CUST01191,23.0,Male,9,63.62,7386.39,Month-to-month,No,Bank transfer,No,0,No,No,No
CUST01192,20.0,Female,6,117.2,9473.0,Two year,Fiber optic,Credit card,No,5,No,Yes,No
CUST01193,24.0,Male,3,23.76,1119.08,Month-to-month,DSL,Credit card,No,2,No,No,No
CUST01194,68.0,Female,4,51.6,2669.46,One year,Fiber optic,Mailed check,Yes,2,Yes,No,Yes
CUST01195,25.0,Male,2,51.41,1632.04,One year,Fiber optic,Credit card,No,1,No,No,Yes
CUST01196,59.0,Female,3,83.35,3451.05,Month-to-month,Fiber optic,Credit card,No,1,No,No,Yes
CUST01197,69.0,Male,3,30.58,1135.45,One year,Fiber optic,Mailed check,Yes,3,No,Yes,Yes
CUST01198,32.0,Female,2,82.85,2185.44,Two year,DSL,Electronic check,No,1,Yes,Yes,No
CUST01199,64.0,Female,9,29.5,3320.96,Month-to-month,No,Electronic check,Yes,0,No,No,No
CUST01200,46.0,Female,4,29.5,1628.84,Two year,No,Electronic check,No,0,No,No,Yes
CUST01201,50.0,Female,4,92.82,5448.18,Month-to-month,Fiber optic,Bank transfer,No,3,Yes,No,No
CUST01202,69.0,Female,10,52.41,6797.7,One year,DSL,Mailed check,Yes,1,No,Yes,No
CUST01203,47.0,Male,6,117.74,9311.66,Month-to-month,Fiber optic,Electronic check,No,1,No,No,Yes
CUST01204,56.0,Female,3,23.74,897.67,Month-to-month,Fiber optic,Credit card,No,2,No,No,No
CUST01205,44.0,Male,3,64.51,2589.75,One year,No,Credit card,No,2,Yes,Yes,No
CUST01206,53.0,Female,8,31.31,3163.37,Month-to-month,No,Credit card,No,4,Yes,Yes,No
CUST01207,46.0,Female,5,55.14,3740.64,Month-to-month,No,Mailed check,No,2,Yes,No,Yes
CUST01208,55.0,Female,3,119.82,4518.91,Month-to-month,Fiber optic,Mailed check,No,3,No,Yes,No
CUST01209,50.0,Male,1,108.88,2050.44,One year,No,Credit card,No,1,No,Yes,No
CUST01210,54.0,Female,5,24.83,1760.85,Month-to-month,DSL,Bank transfer,No,2,Yes,Yes,No
CUST01211,44.0,Female,1,76.33,1584.59,Month-to-month,Fiber optic,Bank transfer,No,2,Yes,Yes,Yes
CUST01212,50.0,Male,4,84.78,4897.56,Month-to-month,DSL,Electronic check,No,2,No,Yes,No
CUST01213,21.0,Male,5,40.95,2805.01,One year,No,Electronic check,No,3,Yes,Yes,No
CUST01214,39.0,Male,3,34.51,1355.29,One year,No,Electronic check,No,2,Yes,Yes,Yes
CUST01215,19.0,Male,2,110.44,2895.22,Month-to-month,DSL,Electronic check,No,3,No,Yes,No
CUST01216,27.0,Female,6,116.88,9598.7,Month-to-month,Fiber optic,Electronic check,No,2,Yes,No,Yes
CUST01217,22.0,Male,1,119.19,2461.34,Month-to-month,No,Mailed check,No,0,No,No,No
CUST01218,27.0,Male,10,98.98,12602.7,Two year,Fiber optic,Mailed check,No,1,No,Yes,No
CUST01219,50.0,Female,5,86.35,5447.14,One year,Fiber optic,Bank transfer,No,4,Yes,No,No
CUST01220,55.0,Male,3,54.57,2381.26,Month-to-month,Fiber optic,Bank transfer,No,1,Yes,No,No
CUST01221,30.0,Male,5,37.14,2278.34,Two year,Fiber optic,Mailed check,No,7,No,No,Yes
CUST01222,48.0,Male,3,27.9,1068.77,Month-to-month,No,Bank transfer,No,3,Yes,Yes,No
CUST01223,64.0,Female,3,89.33,3611.68,Month-to-month,Fiber optic,Credit card,Yes,2,Yes,No,No
CUST01224,53.0,Male,3,98.47,4124.03,Two year,DSL,Bank transfer,No,2,Yes,No,No
CUST01225,62.0,Male,8,102.65,10093.19,Two year,DSL,Credit card,Yes,1,Yes,No,No
CUST01226,41.0,Male,6,111.38,8277.69,One year,DSL,Credit card,No,4,Yes,No,No
CUST01227,69.0,Female,2,107.99,3562.03,Month-to-month,Fiber optic,Electronic check,Yes,1,Yes,Yes,No
CUST01228,32.0,Female,2,119.97,3751.09,Month-to-month,No,Bank transfer,No,3,No,No,No
CUST01229,46.0,Male,5,44.41,2969.75,Two year,Fiber optic,Credit card,No,2,No,No,No
CUST01230,25.0,Female,5,96.33,6355.54,One year,No,Bank transfer,No,0,No,No,No
CUST01231,22.0,Male,3,78.65,3754.91,Month-to-month,No,Bank transfer,No,0,Yes,Yes,Yes
CUST01232,46.0,Female,8,,4498.9,Month-to-month,Fiber optic,Mailed check,No,1,Yes,No,No
CUST01233,64.0,Female,3,118.19,4607.86,Two year,Fiber optic,Mailed check,Yes,4,No,Yes,No
CUST01234,21.0,Male,8,109.79,11431.62,Two year,Fiber optic,Electronic check,No,0,Yes,Yes,No
CUST01235,29.0,Male,3,32.85,1264.73,One year,DSL,Bank transfer,No,4,No,Yes,No
CUST01236,62.0,Male,1,22.62,440.71,One year,Fiber optic,Mailed check,Yes,2,No,No,Yes
CUST01237,19.0,Female,1,88.83,1709.57,Month-to-month,Fiber optic,Credit card,No,1,Yes,Yes,No
CUST01238,44.0,Male,4,80.41,4798.95,One year,Fiber optic,Credit card,No,3,Yes,Yes,No
CUST01239,48.0,Female,3,113.58,5306.15,One year,Fiber optic,Electronic check,No,4,Yes,Yes,Yes
CUST01240,68.0,Female,6,43.4,3619.61,Month-to-month,DSL,Credit card,Yes,1,Yes,No,No
CUST01241,68.0,Male,10,28.44,,Two year,Fiber optic,Bank transfer,Yes,0,Yes,No,No
CUST01242,53.0,Female,4,45.92,2688.6,Two year,Fiber optic,Credit card,No,2,Yes,Yes,No
CUST01243,53.0,Female,5,21.89,1366.37,Month-to-month,DSL,Electronic check,No,4,Yes,No,Yes
CUST01244,43.0,Male,9,23.59,2735.55,Two year,Fiber optic,Electronic check,No,2,Yes,No,No
CUST01245,60.0,Female,3,111.49,5008.23,One year,DSL,Credit card,Yes,3,Yes,No,No
CUST01246,44.0,Female,1,55.2,815.27,One year,No,Bank transfer,No,2,Yes,Yes,Yes
CUST01247,22.0,Male,9,61.08,,Two year,DSL,Mailed check,No,3,No,No,No
CUST01248,37.0,Male,8,21.84,2131.08,Month-to-month,Fiber optic,Bank transfer,No,1,Yes,No,No
CUST01249,28.0,Male,9,47.05,5280.23,One year,Fiber optic,Bank transfer,No,2,No,Yes,No
CUST01250,27.0,Female,6,100.47,8352.35,Month-to-month,DSL,Bank transfer,No,3,No,Yes,No
CUST01251,57.0,Female,3,81.55,3171.4,One year,Fiber optic,Credit card,No,2,No,No,No
CUST01252,55.0,Female,2,95.38,2452.98,Month-to-month,Fiber optic,Mailed check,No,5,Yes,No,No
CUST01253,23.0,Male,9,64.72,7370.34,Month-to-month,DSL,Bank transfer,No,1,No,Yes,No
CUST01254,25.0,Female,2,50.97,1751.17,Month-to-month,DSL,Mailed check,No,2,No,No,No
CUST01255,40.0,Female,8,68.28,6680.75,Month-to-month,Fiber optic,Electronic check,No,4,Yes,Yes,Yes
CUST01256,64.0,Female,4,52.31,2767.77,Month-to-month,DSL,Mailed check,Yes,3,Yes,Yes,Yes
CUST01257,43.0,Male,2,103.9,3625.85,Month-to-month,Fiber optic,Credit card,No,1,Yes,No,Yes
CUST01258,63.0,Male,4,49.77,2503.42,One year,No,Electronic check,Yes,2,Yes,Yes,No
CUST01259,60.0,Male,1,85.98,1411.56,Two year,DSL,Electronic check,Yes,1,Yes,No,No
CUST01260,29.0,Female,10,33.7,4366.26,Two year,Fiber optic,Bank transfer,No,2,Yes,No,No
CUST01261,43.0,Female,3,88.69,3811.48,Two year,Fiber optic,Mailed check,No,4,No,Yes,No
CUST01262,30.0,Male,9,111.33,13154.27,Two year,Fiber optic,Electronic check,No,3,No,No,No
CUST01263,57.0,Male,1,80.86,1150.44,Month-to-month,DSL,Electronic check,No,5,No,No,No
CUST01264,35.0,Female,1,75.99,1757.35,One year,Fiber optic,Mailed check,No,3,Yes,Yes,No
CUST01265,42.0,Male,7,116.11,11063.43,One year,DSL,Mailed check,No,5,No,No,No
CUST01266,50.0,Female,0,82.74,224.1,Month-to-month,DSL,Electronic check,No,5,Yes,Yes,Yes
CUST01267,64.0,Male,6,45.96,3372.21,One year,Fiber optic,Electronic check,Yes,1,Yes,Yes,No
CUST01268,57.0,Male,4,49.24,2948.9,Month-to-month,DSL,Mailed check,No,0,Yes,No,No
CUST01269,60.0,Male,10,90.53,11434.37,Two year,DSL,Credit card,Yes,1,No,No,No
CUST01270,29.0,Female,7,93.54,8539.53,One year,DSL,Mailed check,No,2,No,No,No
CUST01271,61.0,Male,0,50.35,391.47,Two year,DSL,Credit card,Yes,4,Yes,No,No
CUST01272,53.0,Female,10,54.53,7071.8,Month-to-month,DSL,Electronic check,No,2,No,Yes,No
CUST01273,65.0,Male,6,119.11,9758.9,Month-to-month,DSL,Bank transfer,Yes,3,No,No,No
CUST01274,21.0,Male,4,30.2,1544.22,Two year,DSL,Mailed check,No,3,No,No,No
CUST01275,22.0,Female,3,60.46,2394.4,Month-to-month,Fiber optic,Electronic check,No,0,No,No,Yes
CUST01276,54.0,Female,6,26.24,2168.61,Month-to-month,DSL,Electronic check,No,2,Yes,Yes,Yes
CUST01277,25.0,Male,9,102.11,12050.48,One year,Fiber optic,Bank transfer,No,2,Yes,Yes,No
CUST01278,59.0,Female,1,29.23,578.57,Two year,Fiber optic,Mailed check,No,0,No,Yes,No
CUST01279,66.0,Male,0,87.4,1043.7,Month-to-month,Fiber optic,Electronic check,Yes,2,No,No,No
CUST01280,45.0,Female,0,25.65,233.08,Month-to-month,DSL,Credit card,No,1,Yes,Yes,No
CUST01281,48.0,Female,10,87.29,10769.33,Month-to-month,No,Bank transfer,No,1,Yes,Yes,No
CUST01282,26.0,Male,0,104.3,1075.65,Month-to-month,Fiber optic,Credit card,No,1,No,No,No
CUST01283,68.0,Male,4,59.88,3207.3,Month-to-month,DSL,Mailed check,Yes,1,Yes,No,Yes
CUST01284,46.0,Female,9,72.21,7899.61,Two year,DSL,Credit card,No,2,No,Yes,No
CUST01285,31.0,Female,6,60.15,4603.62,One year,Fiber optic,Bank transfer,No,1,No,Yes,No
CUST01286,57.0,Male,1,50.05,1071.02,Two year,No,Electronic check,No,1,Yes,No,No
CUST01287,58.0,Female,9,100.33,11995.68,Month-to-month,Fiber optic,Bank transfer,No,0,Yes,No,No
CUST01288,39.0,Female,7,47.2,4155.37,One year,Fiber optic,Electronic check,No,0,No,Yes,No
CUST01289,28.0,Female,3,92.29,3664.99,Two year,DSL,Electronic check,No,1,No,Yes,No
CUST01290,40.0,Female,2,40.62,1267.34,One year,Fiber optic,Credit card,No,4,Yes,Yes,No
CUST01291,18.0,Male,9,44.99,5305.6,Month-to-month,DSL,Bank transfer,No,4,No,Yes,No
CUST01292,63.0,Male,10,53.65,6932.21,Two year,Fiber optic,Bank transfer,Yes,3,No,Yes,No
CUST01293,54.0,Female,7,78.92,7194.31,Month-to-month,DSL,Electronic check,No,4,No,No,No
CUST01294,,Female,1,65.44,1305.22,Two year,DSL,Bank transfer,No,2,No,No,No
CUST01295,43.0,Male,10,94.51,11687.4,Month-to-month,Fiber optic,Mailed check,No,0,No,Yes,No
CUST01296,63.0,Female,10,41.36,5201.36,One year,Fiber optic,Mailed check,Yes,2,Yes,No,No
CUST01297,53.0,Female,2,21.07,585.94,Two year,DSL,Credit card,No,0,No,No,No
CUST01298,40.0,Female,2,97.66,3391.59,Month-to-month,No,Credit card,No,2,No,No,No
CUST01299,18.0,Female,9,102.16,11261.92,Month-to-month,DSL,Bank transfer,No,2,No,No,No
CUST01300,68.0,Female,10,25.95,3333.98,Month-to-month,Fiber optic,Credit card,Yes,1,Yes,No,Yes
CUST01301,57.0,Male,0,81.09,313.26,Month-to-month,Fiber optic,Bank transfer,No,3,Yes,Yes,No
CUST01302,32.0,Female,5,57.82,3829.5,Month-to-month,Fiber optic,Credit card,No,3,Yes,Yes,Yes
CUST01303,38.0,Female,1,99.39,1619.41,One year,No,Mailed check,No,3,Yes,No,Yes
CUST01304,64.0,Female,0,107.44,489.46,Month-to-month,DSL,Electronic check,Yes,1,Yes,Yes,No
CUST01305,26.0,Male,1,105.1,1667.34,Month-to-month,DSL,Electronic check,No,3,Yes,No,Yes
CUST01306,26.0,Female,5,97.72,6770.11,Month-to-month,Fiber optic,Mailed check,No,2,No,No,Yes
CUST01307,27.0,Female,3,46.91,1924.38,Month-to-month,DSL,Electronic check,No,1,No,Yes,Yes
CUST01308,,Male,5,101.19,6981.09,One year,DSL,Bank transfer,Yes,2,No,No,No
CUST01309,43.0,Male,8,73.35,7482.93,One year,Fiber optic,Bank transfer,No,2,Yes,Yes,No
CUST01310,58.0,Male,9,25.28,2907.7,Two year,Fiber optic,Mailed check,No,3,Yes,No,No
CUST01311,52.0,Male,9,65.69,7552.78,Month-to-month,Fiber optic,Mailed check,No,2,Yes,No,Yes
CUST01312,69.0,Female,7,114.22,10934.78,Month-to-month,DSL,Mailed check,Yes,2,Yes,No,No
CUST01313,42.0,Female,0,108.79,548.05,Month-to-month,DSL,Mailed check,No,2,Yes,Yes,No
CUST01314,43.0,Female,7,30.23,2638.61,Month-to-month,DSL,Electronic check,No,0,Yes,Yes,Yes
CUST01315,28.0,Male,8,94.41,10104.68,One year,Fiber optic,Electronic check,No,1,No,No,No
CUST01316,55.0,Female,5,100.58,6328.82,Two year,DSL,Electronic check,No,1,Yes,Yes,No
CUST01317,19.0,Male,9,47.14,5570.94,Month-to-month,No,Bank transfer,No,0,No,No,No
CUST01318,24.0,Male,4,67.16,3401.81,Month-to-month,DSL,Credit card,No,2,Yes,Yes,No
CUST01319,35.0,Female,5,91.1,6217.21,One year,No,Bank transfer,No,1,Yes,No,No
CUST01320,44.0,Male,5,63.9,4003.72,One year,Fiber optic,Credit card,No,5,Yes,No,No
CUST01321,51.0,Male,8,31.28,3351.78,Month-to-month,DSL,Mailed check,No,2,No,No,Yes
CUST01322,44.0,Female,3,90.59,3914.86,One year,DSL,Mailed check,No,3,No,Yes,Yes
CUST01323,34.0,Female,1,111.16,1847.7,Two year,DSL,Electronic check,No,3,No,No,No
CUST01324,60.0,Male,10,85.25,10446.84,Month-to-month,Fiber optic,Electronic check,Yes,2,No,Yes,Yes
CUST01325,61.0,Female,10,97.38,12180.59,Month-to-month,Fiber optic,Credit card,Yes,1,Yes,Yes,No
CUST01326,68.0,Female,8,55.84,5849.53,Month-to-month,Fiber optic,Credit card,Yes,2,No,Yes,Yes
CUST01327,41.0,Male,1,38.32,660.42,One year,Fiber optic,Electronic check,No,0,No,Yes,No
CUST01328,42.0,Male,9,84.28,9414.67,Month-to-month,Fiber optic,Mailed check,No,1,Yes,Yes,No
CUST01329,24.0,Female,8,52.78,5454.89,Two year,Fiber optic,Electronic check,No,2,Yes,No,Yes
CUST01330,69.0,Female,1,106.01,1865.36,One year,DSL,Mailed check,Yes,1,Yes,No,No
CUST01331,23.0,Male,7,32.26,2800.94,Month-to-month,No,Mailed check,No,3,No,Yes,No
CUST01332,41.0,Female,8,63.35,6252.26,Month-to-month,Fiber optic,Bank transfer,No,2,No,Yes,No
CUST01333,50.0,Male,9,59.67,6968.39,One year,No,Bank transfer,No,2,No,No,Yes
CUST01334,66.0,Male,8,113.81,12259.77,Month-to-month,DSL,Credit card,Yes,5,Yes,No,No
CUST01335,46.0,Female,9,35.31,3939.33,Two year,No,Mailed check,No,1,Yes,Yes,No
CUST01336,60.0,Female,8,20.98,2213.49,Month-to-month,No,Electronic check,Yes,4,Yes,Yes,No
CUST01337,39.0,Female,1,43.81,611.75,Month-to-month,Fiber optic,Mailed check,No,0,Yes,Yes,No
CUST01338,43.0,Female,3,102.03,4203.36,One year,Fiber optic,Credit card,No,2,No,Yes,No
CUST01339,45.0,Female,6,40.93,3216.02,Month-to-month,No,Mailed check,No,1,Yes,No,No
CUST01340,67.0,Male,1,44.09,703.51,One year,No,Mailed check,Yes,1,Yes,No,No
CUST01341,38.0,Female,0,32.99,225.17,Month-to-month,Fiber optic,Credit card,No,2,Yes,Yes,Yes
CUST01342,66.0,Male,2,91.54,3177.24,One year,Fiber optic,Mailed check,Yes,1,Yes,Yes,No
CUST01343,24.0,Female,3,26.92,1275.71,Month-to-month,No,Bank transfer,No,0,No,Yes,No
CUST01344,34.0,Male,7,53.12,4573.96,Month-to-month,DSL,Credit card,No,4,Yes,Yes,No
CUST01345,37.0,Female,5,48.25,3087.53,One year,DSL,Bank transfer,No,1,Yes,No,No
CUST01346,58.0,Female,10,75.52,9951.31,Month-to-month,No,Credit card,No,5,No,Yes,No
CUST01347,,Male,1,93.04,1486.28,Month-to-month,No,Mailed check,Yes,1,Yes,No,No
CUST01348,37.0,Female,8,73.29,7667.58,Month-to-month,No,Bank transfer,No,4,No,Yes,Yes
CUST01349,39.0,Female,1,113.1,1785.62,Month-to-month,Fiber optic,Bank transfer,No,0,Yes,No,No
CUST01350,45.0,Male,4,115.14,6093.21,Two year,Fiber optic,Electronic check,No,1,Yes,Yes,No
CUST01351,57.0,Male,3,56.15,2195.69,Month-to-month,No,Bank transfer,No,4,No,Yes,No
CUST01352,66.0,Male,6,97.77,,One year,DSL,Bank transfer,Yes,1,Yes,No,No
CUST01353,24.0,Female,7,93.88,8891.29,Month-to-month,Fiber optic,Mailed check,No,2,No,No,No
CUST01354,18.0,Male,4,109.3,5712.68,Month-to-month,Fiber optic,Bank transfer,No,1,Yes,No,No
CUST01355,49.0,Male,9,64.79,7649.07,One year,DSL,Bank transfer,No,1,No,Yes,Yes
CUST01356,30.0,Female,4,73.05,3867.32,Month-to-month,DSL,Bank transfer,No,3,No,No,No
CUST01357,47.0,Female,1,61.58,867.61,One year,Fiber optic,Mailed check,No,2,No,Yes,No
CUST01358,40.0,Female,7,105.04,9804.31,Month-to-month,Fiber optic,Credit card,No,1,No,Yes,Yes
CUST01359,68.0,Female,1,42.97,840.53,Month-to-month,DSL,Mailed check,Yes,2,Yes,No,No
CUST01360,36.0,Female,9,43.97,4925.44,One year,Fiber optic,Bank transfer,No,1,No,No,No
CUST01361,49.0,Female,5,57.26,3652.21,Month-to-month,Fiber optic,Credit card,No,3,Yes,No,Yes
CUST01362,47.0,Male,7,43.03,4119.34,One year,Fiber optic,Mailed check,No,0,Yes,Yes,Yes
CUST01363,46.0,Male,5,76.1,5364.1,Month-to-month,DSL,Mailed check,No,0,Yes,Yes,No
CUST01364,66.0,Female,3,33.45,1535.62,One year,Fiber optic,Credit card,Yes,2,Yes,Yes,No
CUST01365,62.0,Male,3,52.02,1997.99,Month-to-month,DSL,Electronic check,Yes,1,No,No,No
CUST01366,46.0,Male,5,111.34,7716.65,One year,DSL,Bank transfer,No,0,No,No,No
CUST01367,47.0,Male,3,60.92,2397.81,Two year,DSL,Electronic check,No,2,Yes,Yes,No
CUST01368,33.0,Male,7,94.82,9079.14,Month-to-month,Fiber optic,Bank transfer,No,1,No,No,Yes
CUST01369,57.0,Female,8,31.35,3058.91,Month-to-month,DSL,Bank transfer,No,1,No,Yes,No
CUST01370,36.0,Female,0,44.76,218.14,Two year,DSL,Electronic check,No,0,Yes,No,Yes
CUST01371,35.0,Male,3,100.73,4201.96,Month-to-month,DSL,Electronic check,No,1,Yes,No,Yes
CUST01372,18.0,Female,3,96.3,4436.18,One year,No,Bank transfer,No,1,Yes,No,No
CUST01373,31.0,Male,1,58.62,1256.14,Two year,No,Credit card,No,1,No,Yes,No
CUST01374,68.0,Male,5,115.44,7518.02,One year,DSL,Credit card,Yes,0,Yes,No,No
CUST01375,64.0,Female,2,111.06,3467.42,Month-to-month,DSL,Electronic check,Yes,3,No,Yes,Yes
CUST01376,67.0,Male,6,116.23,9553.12,Month-to-month,No,Electronic check,Yes,5,Yes,Yes,No
CUST01377,19.0,Female,10,62.79,7610.16,Month-to-month,DSL,Mailed check,No,1,No,Yes,No
CUST01378,45.0,Female,10,39.75,5160.5,Month-to-month,DSL,Credit card,No,1,No,Yes,No
CUST01379,66.0,Female,4,82.67,4911.91,Month-to-month,DSL,Credit card,Yes,1,No,No,No
CUST01380,67.0,Female,3,88.48,3304.97,One year,No,Bank transfer,Yes,1,Yes,Yes,Yes
CUST01381,47.0,Female,4,32.54,1610.78,Month-to-month,Fiber optic,Mailed check,No,4,Yes,No,No
CUST01382,55.0,Female,7,98.65,8759.1,Two year,DSL,Bank transfer,No,1,No,Yes,No
CUST01383,68.0,Female,2,21.81,566.31,Two year,DSL,Mailed check,Yes,1,Yes,No,No
CUST01384,21.0,Female,6,68.27,5343.63,Two year,No,Credit card,No,1,No,Yes,No
CUST01385,18.0,Female,5,53.1,3664.74,Month-to-month,Fiber optic,Bank transfer,No,3,No,No,Yes
CUST01386,25.0,Male,0,94.03,680.39,One year,Fiber optic,Mailed check,No,4,No,Yes,No
CUST01387,46.0,Female,6,51.28,3854.24,Month-to-month,DSL,Bank transfer,No,2,No,Yes,No
CUST01388,56.0,Male,6,102.68,8235.24,Month-to-month,Fiber optic,Mailed check,No,4,No,No,No
CUST01389,20.0,Female,0,79.5,678.41,One year,DSL,Electronic check,No,4,No,No,Yes
CUST01390,49.0,Male,8,99.39,10660.26,Two year,Fiber optic,Bank transfer,No,3,No,No,No
CUST01391,27.0,Female,5,118.93,7446.77,Month-to-month,DSL,Electronic check,No,3,No,No,No
CUST01392,27.0,Female,1,87.92,1812.53,Month-to-month,DSL,Mailed check,No,2,Yes,Yes,No
CUST01393,36.0,Female,4,118.5,6994.55,Month-to-month,Fiber optic,Bank transfer,No,4,Yes,No,Yes
CUST01394,63.0,Male,10,22.88,2894.71,One year,No,Mailed check,Yes,1,Yes,Yes,No
CUST01395,51.0,Male,3,53.81,2205.12,Two year,Fiber optic,Mailed check,No,1,No,No,No
CUST01396,50.0,Female,6,30.79,2305.5,Month-to-month,DSL,Electronic check,No,0,Yes,No,No
CUST01397,40.0,Male,7,46.23,4370.34,Month-to-month,Fiber optic,Bank transfer,No,2,No,Yes,No
CUST01398,45.0,Female,10,103.89,13021.23,Two year,Fiber optic,Credit card,No,1,No,No,No
CUST01399,49.0,Male,10,23.23,3047.17,Month-to-month,Fiber optic,Mailed check,No,0,Yes,No,Yes
CUST01400,67.0,Male,0,72.02,743.63,One year,Fiber optic,Electronic check,Yes,1,No,No,No
CUST01401,24.0,Male,4,76.71,4076.6,Month-to-month,DSL,Credit card,No,1,Yes,No,No
CUST01402,46.0,Female,2,76.12,2383.55,Month-to-month,Fiber optic,Electronic check,No,1,Yes,No,Yes
CUST01403,25.0,Male,0,67.53,87.72,Month-to-month,DSL,Electronic check,No,0,Yes,No,No
CUST01404,18.0,Male,2,99.06,2763.32,One year,No,Electronic check,No,3,No,No,No
CUST01405,20.0,Female,5,33.35,2294.91,Month-to-month,Fiber optic,Mailed check,No,3,Yes,No,No
CUST01406,41.0,Female,6,51.06,4108.14,Month-to-month,Fiber optic,Credit card,No,2,No,No,No
CUST01407,40.0,Male,7,81.57,7250.52,Month-to-month,DSL,Mailed check,No,0,No,No,Yes
CUST01408,25.0,Male,10,89.1,11573.62,One year,DSL,Mailed check,No,4,No,Yes,No
CUST01409,64.0,Female,3,60.41,2391.89,Two year,Fiber optic,Bank transfer,Yes,2,No,No,No
CUST01410,,Female,2,107.54,3234.16,Two year,DSL,Credit card,No,1,No,No,Yes
CUST01411,20.0,Female,4,61.55,3335.88,Month-to-month,No,Bank transfer,No,2,No,No,No
CUST01412,68.0,Female,8,60.28,6073.15,Two year,Fiber optic,Electronic check,Yes,2,Yes,No,No
CUST01413,50.0,Female,5,23.62,1688.86,Month-to-month,DSL,Credit card,No,2,Yes,Yes,No
CUST01414,45.0,Male,8,75.11,7861.28,Month-to-month,DSL,Credit card,No,1,No,No,Yes
CUST01415,64.0,Female,5,90.87,6082.04,One year,Fiber optic,Mailed check,Yes,0,Yes,No,No
CUST01416,25.0,Female,1,31.44,585.28,Month-to-month,DSL,Electronic check,No,1,No,Yes,Yes
CUST01417,51.0,Male,4,50.54,2565.02,Month-to-month,Fiber optic,Mailed check,No,0,Yes,No,Yes
CUST01418,52.0,Female,10,98.13,12275.48,Month-to-month,Fiber optic,Bank transfer,No,2,Yes,No,Yes
CUST01419,49.0,Female,8,56.59,5908.02,One year,DSL,Electronic check,No,1,Yes,Yes,No
CUST01420,41.0,Female,7,44.16,4202.72,Month-to-month,Fiber optic,Mailed check,No,2,Yes,Yes,No
CUST01421,31.0,Male,6,87.22,7150.39,Month-to-month,Fiber optic,Mailed check,No,0,No,No,No
CUST01422,49.0,Female,0,39.68,170.79,Two year,No,Mailed check,No,2,Yes,No,No
CUST01423,63.0,Female,3,109.57,4577.12,One year,Fiber optic,Electronic check,Yes,5,Yes,No,Yes
CUST01424,60.0,Female,6,30.56,2258.75,One year,Fiber optic,Bank transfer,Yes,3,No,No,Yes
CUST01425,33.0,Female,10,90.65,11070.53,Month-to-month,DSL,Credit card,No,3,No,No,No
CUST01426,21.0,Male,6,69.95,5468.17,Month-to-month,Fiber optic,Mailed check,No,0,Yes,Yes,Yes
CUST01427,69.0,Male,5,106.99,7150.4,Month-to-month,DSL,Electronic check,Yes,4,Yes,No,No
CUST01428,54.0,Female,7,32.62,2867.44,One year,Fiber optic,Credit card,No,1,No,Yes,Yes
CUST01429,38.0,Female,10,87.79,11243.32,One year,DSL,Mailed check,No,1,Yes,Yes,No
CUST01430,31.0,Female,5,77.21,5307.2,Two year,Fiber optic,Electronic check,No,0,Yes,No,No
CUST01431,48.0,Female,9,68.01,7636.86,Month-to-month,DSL,Bank transfer,No,1,No,No,No
CUST01432,65.0,Female,2,69.14,2305.31,Month-to-month,Fiber optic,Mailed check,Yes,4,Yes,No,Yes
CUST01433,35.0,Female,3,92.2,3619.92,Month-to-month,Fiber optic,Electronic check,No,3,No,Yes,Yes
CUST01434,24.0,Female,2,113.77,3525.36,Month-to-month,Fiber optic,Mailed check,No,2,No,Yes,No
CUST01435,27.0,Male,0,29.13,286.85,Month-to-month,No,Electronic check,No,0,Yes,Yes,No
CUST01436,24.0,Female,9,21.95,2522.21,Two year,Fiber optic,Bank transfer,No,0,No,No,No
CUST01437,50.0,Male,4,100.57,5932.38,One year,DSL,Bank transfer,No,0,Yes,No,No
CUST01438,40.0,Male,0,30.82,50.65,Month-to-month,Fiber optic,Electronic check,No,1,Yes,Yes,No
CUST01439,38.0,Female,0,118.67,886.64,One year,Fiber optic,Credit card,No,1,Yes,No,Yes
CUST01440,36.0,Male,1,81.93,1571.36,Month-to-month,Fiber optic,Bank transfer,No,2,Yes,Yes,Yes
CUST01441,65.0,Male,3,85.09,3766.41,Two year,No,Mailed check,Yes,3,Yes,No,No
CUST01442,36.0,Male,5,39.89,2798.98,One year,DSL,Bank transfer,No,7,No,No,Yes
CUST01443,53.0,Female,7,44.03,4094.1,Month-to-month,No,Mailed check,No,3,No,No,No
CUST01444,46.0,Male,2,85.94,2895.59,One year,DSL,Bank transfer,No,2,No,Yes,No
CUST01445,,Male,0,110.97,463.52,One year,Fiber optic,Bank transfer,No,0,Yes,Yes,No
CUST01446,19.0,Female,2,118.24,3459.99,Month-to-month,DSL,Mailed check,No,2,No,No,Yes
CUST01447,18.0,Female,2,39.8,1269.4,Month-to-month,DSL,Bank transfer,No,3,Yes,Yes,No
CUST01448,64.0,Male,4,33.41,1840.49,Month-to-month,No,Mailed check,Yes,3,Yes,Yes,No
CUST01449,22.0,Female,10,25.64,3373.51,Month-to-month,Fiber optic,Mailed check,No,2,No,Yes,Yes
CUST01450,37.0,Female,3,106.83,4172.26,Month-to-month,No,Bank transfer,No,2,No,No,No
CUST01451,28.0,Male,3,49.47,2021.55,One year,DSL,Bank transfer,No,2,No,No,No
CUST01452,59.0,Male,8,20.18,2084.6,Month-to-month,Fiber optic,Mailed check,No,1,Yes,No,Yes
CUST01453,19.0,Male,6,42.38,3498.37,One year,Fiber optic,Electronic check,No,1,Yes,Yes,No
CUST01454,20.0,Female,3,54.04,2551.92,Two year,DSL,Bank transfer,No,3,No,Yes,No
CUST01455,40.0,Male,2,119.1,3417.74,One year,DSL,Credit card,No,2,No,Yes,No
CUST01456,29.0,Male,5,72.35,4466.76,One year,DSL,Bank transfer,No,2,Yes,Yes,No
CUST01457,37.0,Female,2,40.47,1199.44,Two year,No,Electronic check,No,2,No,Yes,No
CUST01458,22.0,Female,5,53.48,3494.26,One year,Fiber optic,Electronic check,No,1,Yes,Yes,Yes
CUST01459,54.0,Female,10,53.03,6992.08,Month-to-month,Fiber optic,Bank transfer,No,2,Yes,No,No
CUST01460,55.0,Female,10,21.97,2762.54,Month-to-month,DSL,Bank transfer,No,1,Yes,No,Yes
CUST01461,47.0,Male,8,33.52,3364.17,One year,DSL,Credit card,No,2,Yes,No,No
CUST01462,26.0,Male,5,89.52,5820.51,One year,Fiber optic,Bank transfer,No,3,Yes,No,No
CUST01463,51.0,Male,3,32.03,1324.96,Two year,No,Electronic check,No,4,No,Yes,No
CUST01464,61.0,Female,4,43.07,2499.65,One year,Fiber optic,Credit card,Yes,4,No,Yes,No
CUST01465,52.0,Male,5,55.07,3408.35,Two year,Fiber optic,Bank transfer,No,2,No,Yes,No
CUST01466,69.0,Female,10,95.77,11921.6,Month-to-month,Fiber optic,Credit card,Yes,1,Yes,Yes,Yes
CUST01467,39.0,Female,2,78.24,2787.65,One year,No,Credit card,No,4,No,No,No
CUST01468,61.0,Female,7,88.9,7706.22,Two year,Fiber optic,Electronic check,Yes,0,No,No,No
CUST01469,41.0,Male,3,76.7,3464.43,Month-to-month,No,Electronic check,No,1,No,No,No
CUST01470,34.0,Female,7,88.36,7857.0,Month-to-month,DSL,Mailed check,No,3,Yes,No,No
CUST01471,27.0,Male,9,20.28,2340.3,Month-to-month,Fiber optic,Electronic check,No,3,No,No,No
CUST01472,47.0,Male,9,113.09,12450.65,One year,Fiber optic,Mailed check,No,2,No,Yes,No
CUST01473,63.0,Male,2,31.09,882.04,Month-to-month,Fiber optic,Electronic check,Yes,3,Yes,Yes,Yes
CUST01474,40.0,Female,9,60.62,6941.57,One year,Fiber optic,Electronic check,No,2,No,No,Yes
CUST01475,49.0,Male,6,97.1,7335.78,Month-to-month,DSL,Mailed check,No,2,No,No,No
CUST01476,34.0,Male,10,63.52,8064.54,Month-to-month,DSL,Mailed check,No,1,Yes,Yes,Yes
CUST01477,67.0,Female,8,114.68,11401.18,Two year,No,Mailed check,Yes,3,No,No,No
CUST01478,68.0,Male,3,66.76,2947.53,Month-to-month,DSL,Credit card,Yes,3,Yes,Yes,No
CUST01479,34.0,Female,7,107.49,10205.95,Month-to-month,No,Mailed check,No,2,No,Yes,No
CUST01480,31.0,Male,2,101.08,2622.05,Month-to-month,Fiber optic,Credit card,No,0,Yes,Yes,Yes
CUST01481,26.0,Female,6,118.1,8902.71,One year,Fiber optic,Credit card,No,1,Yes,No,Yes
CUST01482,57.0,Female,2,112.65,3862.62,Month-to-month,No,Mailed check,No,1,Yes,No,No
CUST01483,19.0,Female,6,109.81,8778.99,Month-to-month,Fiber optic,Mailed check,No,3,Yes,Yes,No
CUST01484,62.0,Female,10,93.16,11353.02,Two year,Fiber optic,Mailed check,Yes,1,No,Yes,Yes
CUST01485,42.0,Female,9,56.7,6483.64,Month-to-month,DSL,Electronic check,No,3,Yes,Yes,No
CUST01486,56.0,Male,9,30.61,3407.12,Month-to-month,No,Electronic check,No,1,Yes,Yes,Yes
CUST01487,,Male,10,88.86,10946.67,Month-to-month,Fiber optic,Mailed check,No,2,No,Yes,Yes
CUST01488,39.0,Male,10,117.87,15481.88,Month-to-month,Fiber optic,Bank transfer,No,1,No,Yes,No
CUST01489,60.0,Male,5,92.66,6428.47,Month-to-month,Fiber optic,Mailed check,Yes,4,No,Yes,Yes
CUST01490,63.0,Female,1,112.87,2331.73,One year,DSL,Bank transfer,Yes,0,Yes,No,No
CUST01491,21.0,Female,10,100.43,12415.98,Two year,No,Electronic check,No,1,No,Yes,No
CUST01492,43.0,Male,2,36.31,955.11,Month-to-month,DSL,Electronic check,No,4,Yes,Yes,No
CUST01493,46.0,Female,5,44.92,3170.42,One year,DSL,Bank transfer,No,1,No,No,No
CUST01494,,Male,3,54.19,2008.53,Month-to-month,DSL,Electronic check,Yes,3,No,No,Yes
CUST01495,51.0,Female,5,36.83,2403.86,One year,DSL,Mailed check,No,1,No,Yes,No
CUST01496,40.0,Female,0,78.17,316.88,Month-to-month,Fiber optic,Bank transfer,No,0,Yes,No,No
CUST01497,54.0,Male,9,117.55,13550.47,Month-to-month,DSL,Bank transfer,No,4,Yes,Yes,No
CUST01498,28.0,Male,0,96.15,361.1,Month-to-month,DSL,Credit card,No,2,Yes,Yes,No
CUST01499,23.0,Female,2,62.34,1771.91,Month-to-month,DSL,Electronic check,No,3,Yes,No,No
CUST01500,35.0,Male,7,20.45,1929.47,One year,Fiber optic,Bank transfer,No,1,Yes,Yes,No
CUST01501,38.0,Male,7,51.33,4703.63,One year,Fiber optic,Bank transfer,No,2,Yes,No,No
CUST01502,59.0,Male,10,72.68,8910.75,Month-to-month,Fiber optic,Bank transfer,No,2,Yes,No,No
CUST01503,53.0,Male,3,52.43,2358.89,Two year,Fiber optic,Electronic check,No,1,Yes,No,No
CUST01504,58.0,Female,5,31.1,1968.07,Month-to-month,Fiber optic,Bank transfer,No,1,Yes,No,No
CUST01505,55.0,Female,7,64.28,5769.97,One year,DSL,Bank transfer,No,0,Yes,Yes,No
CUST01506,51.0,Female,6,45.33,3631.51,Month-to-month,No,Mailed check,No,4,Yes,Yes,No
CUST01507,34.0,Female,10,110.92,13753.11,Month-to-month,DSL,Mailed check,No,2,Yes,Yes,Yes
CUST01508,54.0,Male,6,30.18,2330.66,Month-to-month,DSL,Credit card,No,1,No,Yes,No
CUST01509,42.0,Male,3,24.92,1123.29,Month-to-month,Fiber optic,Bank transfer,No,2,No,No,No
CUST01510,55.0,Male,8,20.53,2203.22,Month-to-month,Fiber optic,Electronic check,No,2,No,No,Yes
CUST01511,29.0,Female,9,52.81,6063.73,One year,No,Credit card,No,0,No,No,No
CUST01512,40.0,Female,5,86.04,5257.88,One year,DSL,Credit card,No,0,Yes,No,No
CUST01513,59.0,Female,10,93.04,11604.24,One year,Fiber optic,Credit card,No,3,No,Yes,Yes
CUST01514,39.0,Female,2,65.33,1919.72,Two year,Fiber optic,Bank transfer,No,0,No,No,No
CUST01515,38.0,Male,4,88.43,4662.99,Two year,DSL,Credit card,No,1,Yes,No,Yes
CUST01516,44.0,Male,4,55.99,3012.2,One year,DSL,Electronic check,No,2,Yes,No,No
CUST01517,48.0,Male,4,86.78,4856.15,One year,Fiber optic,Mailed check,No,4,No,No,No
CUST01518,23.0,Female,7,24.06,2077.16,Month-to-month,DSL,Mailed check,No,5,No,No,Yes
CUST01519,44.0,Female,8,59.08,5907.94,Two year,DSL,Bank transfer,No,4,Yes,Yes,No
CUST01520,57.0,Female,8,99.08,10164.04,Two year,DSL,Electronic check,No,0,No,Yes,No
CUST01521,51.0,Female,5,100.3,6466.47,Month-to-month,DSL,Electronic check,No,4,Yes,Yes,No
CUST01522,29.0,Female,5,91.61,6586.94,Month-to-month,DSL,Electronic check,No,1,No,No,No
CUST01523,62.0,Female,8,40.42,4112.56,Two year,DSL,Bank transfer,Yes,1,Yes,No,No
CUST01524,24.0,Male,3,44.72,2082.51,Month-to-month,DSL,Electronic check,No,2,Yes,No,No
CUST01525,27.0,Female,5,119.61,8475.76,Month-to-month,No,Mailed check,No,4,No,No,No
CUST01526,62.0,Female,3,30.34,1401.59,Month-to-month,DSL,Electronic check,Yes,1,No,Yes,No
CUST01527,34.0,Female,10,38.07,4626.11,Month-to-month,Fiber optic,Electronic check,No,1,No,Yes,No
CUST01528,43.0,Male,0,33.0,377.03,Month-to-month,No,Bank transfer,No,3,Yes,No,No
CUST01529,38.0,Male,6,52.77,3926.94,Month-to-month,No,Credit card,No,1,No,No,No
CUST01530,45.0,Female,9,41.02,4486.7,Month-to-month,DSL,Credit card,No,1,Yes,Yes,No
CUST01531,63.0,Male,10,69.77,8760.19,Two year,DSL,Bank transfer,Yes,3,Yes,Yes,No
CUST01532,19.0,Male,5,67.6,4268.33,Month-to-month,Fiber optic,Bank transfer,No,3,No,Yes,Yes
CUST01533,60.0,Male,8,110.15,10907.73,Month-to-month,No,Bank transfer,Yes,2,No,No,No
CUST01534,18.0,Female,6,23.47,1787.62,Month-to-month,DSL,Bank transfer,No,2,Yes,No,No
CUST01535,68.0,Male,6,51.99,3937.33,Month-to-month,Fiber optic,Electronic check,Yes,0,No,No,No
CUST01536,53.0,Male,1,79.67,1635.84,Two year,No,Electronic check,No,3,Yes,Yes,No
CUST01537,68.0,Male,10,80.48,9903.43,Two year,Fiber optic,Credit card,Yes,5,Yes,No,No
CUST01538,43.0,Female,8,68.01,7003.28,Month-to-month,Fiber optic,Bank transfer,No,1,No,No,No
CUST01539,46.0,Male,9,101.57,12173.23,Month-to-month,Fiber optic,Bank transfer,No,2,Yes,Yes,No
CUST01540,38.0,Female,8,26.27,2673.14,One year,DSL,Electronic check,No,0,Yes,Yes,No
CUST01541,28.0,Male,5,101.55,6911.55,Month-to-month,Fiber optic,Bank transfer,No,3,No,Yes,No
CUST01542,57.0,Female,2,69.48,2477.87,Month-to-month,Fiber optic,Mailed check,No,4,Yes,No,Yes
CUST01543,28.0,Female,0,33.38,83.92,Month-to-month,Fiber optic,Electronic check,No,3,Yes,No,No
CUST01544,53.0,Female,3,108.57,4517.02,Two year,No,Mailed check,No,4,Yes,Yes,No
CUST01545,66.0,Female,2,84.92,2917.18,Month-to-month,Fiber optic,Electronic check,Yes,4,No,No,Yes
CUST01546,56.0,Female,0,36.35,409.13,Month-to-month,DSL,Electronic check,No,2,No,No,Yes
CUST01547,57.0,Male,2,23.36,738.49,Month-to-month,Fiber optic,Electronic check,No,1,Yes,No,No
CUST01548,52.0,Male,3,34.11,1315.88,Month-to-month,Fiber optic,Credit card,No,3,No,Yes,Yes
CUST01549,51.0,Male,7,80.88,7676.82,One year,Fiber optic,Credit card,No,3,No,Yes,Yes
CUST01550,64.0,Female,8,37.93,3751.99,Month-to-month,Fiber optic,Electronic check,Yes,0,No,Yes,No
CUST01551,41.0,Female,2,42.58,1229.78,Two year,Fiber optic,Electronic check,No,2,No,Yes,No
CUST01552,39.0,Female,5,22.51,1466.09,Month-to-month,Fiber optic,Electronic check,No,2,Yes,No,No
CUST01553,22.0,Male,9,92.29,10513.7,Month-to-month,Fiber optic,Electronic check,No,2,No,No,No
CUST01554,50.0,Female,10,101.04,13104.06,Month-to-month,No,Bank transfer,No,2,No,Yes,No
CUST01555,53.0,Female,4,99.68,5763.86,One year,DSL,Bank transfer,No,3,Yes,Yes,Yes
CUST01556,64.0,Female,5,32.76,2257.69,Month-to-month,DSL,Bank transfer,Yes,3,Yes,No,Yes
CUST01557,37.0,Female,3,110.33,4109.07,Month-to-month,Fiber optic,Credit card,No,3,No,No,No
CUST01558,36.0,Male,9,87.23,10050.06,One year,No,Mailed check,No,3,Yes,Yes,No
CUST01559,52.0,Female,5,109.75,7597.16,Month-to-month,DSL,Electronic check,No,1,No,No,No
CUST01560,69.0,Female,6,64.72,5041.1,Two year,DSL,Bank transfer,Yes,4,Yes,Yes,No
CUST01561,60.0,Female,8,63.7,6841.02,Month-to-month,No,Bank transfer,Yes,1,Yes,No,Yes
CUST01562,34.0,Female,9,98.45,11623.2,Month-to-month,No,Bank transfer,No,0,No,Yes,No
CUST01563,62.0,Male,6,29.33,2346.98,One year,No,Electronic check,Yes,4,No,No,No
CUST01564,60.0,Female,5,72.09,4446.99,Month-to-month,DSL,Electronic check,Yes,1,No,Yes,No
CUST01565,51.0,Male,0,103.64,847.34,One year,No,Mailed check,No,1,Yes,Yes,Yes
CUST01566,26.0,Male,1,103.02,2372.28,Month-to-month,Fiber optic,Credit card,No,3,No,No,No
CUST01567,43.0,Female,0,115.61,598.15,Month-to-month,Fiber optic,Mailed check,No,2,Yes,Yes,No
CUST01568,19.0,Female,8,89.83,9541.69,Two year,DSL,Electronic check,No,2,Yes,No,No
CUST01569,26.0,Male,9,40.78,4585.5,One year,Fiber optic,Mailed check,No,1,Yes,Yes,No
CUST01570,26.0,Female,9,22.03,2539.42,Month-to-month,DSL,Bank transfer,No,0,No,Yes,No
CUST01571,57.0,Female,8,67.94,7074.77,Month-to-month,DSL,Mailed check,No,1,Yes,Yes,No
CUST01572,34.0,Male,6,71.37,5742.28,Month-to-month,Fiber optic,Bank transfer,No,2,No,Yes,No
CUST01573,18.0,Male,1,44.03,999.84,One year,DSL,Mailed check,No,1,Yes,Yes,No
CUST01574,42.0,Male,5,32.47,2064.47,Two year,DSL,Bank transfer,No,2,Yes,Yes,No
CUST01575,60.0,Male,10,78.62,9739.92,Month-to-month,Fiber optic,Mailed check,Yes,1,Yes,No,No
CUST01576,57.0,Male,3,96.43,4314.71,Month-to-month,Fiber optic,Credit card,No,3,Yes,Yes,No
CUST01577,59.0,Male,0,119.32,,Month-to-month,DSL,Mailed check,No,0,Yes,No,No
CUST01578,42.0,Female,0,95.83,585.23,Month-to-month,Fiber optic,Electronic check,No,2,No,No,No
CUST01579,56.0,Female,4,99.36,4890.54,One year,Fiber optic,Electronic check,No,1,Yes,No,Yes
CUST01580,52.0,Female,1,81.65,1188.07,Month-to-month,Fiber optic,Bank transfer,No,0,No,No,Yes
CUST01581,20.0,Female,3,118.59,5273.38,Month-to-month,Fiber optic,Electronic check,No,2,No,No,No
CUST01582,67.0,Female,0,84.0,774.65,Month-to-month,Fiber optic,Bank transfer,Yes,2,No,No,Yes
CUST01583,54.0,Female,3,106.03,4057.61,Month-to-month,DSL,Credit card,No,2,Yes,Yes,No
CUST01584,61.0,Female,10,114.58,14151.18,Month-to-month,DSL,Electronic check,Yes,2,No,No,Yes
CUST01585,61.0,Female,5,112.99,7015.32,Two year,Fiber optic,Electronic check,Yes,0,Yes,Yes,No
CUST01586,68.0,Female,9,58.14,6614.44,One year,No,Bank transfer,Yes,4,Yes,Yes,No
CUST01587,47.0,Male,3,27.87,1069.85,Month-to-month,DSL,Credit card,No,1,No,Yes,Yes
CUST01588,55.0,Male,0,37.19,216.08,One year,Fiber optic,Credit card,No,1,Yes,Yes,Yes
CUST01589,51.0,Female,6,25.92,2100.9,One year,No,Mailed check,No,3,Yes,Yes,No
CUST01590,29.0,Female,1,30.54,626.6,Month-to-month,No,Bank transfer,No,2,Yes,No,No
CUST01591,36.0,Male,8,38.47,3850.27,Month-to-month,DSL,Bank transfer,No,1,Yes,Yes,Yes
CUST01592,54.0,Male,2,54.11,1753.78,Month-to-month,Fiber optic,Credit card,No,2,Yes,Yes,Yes
CUST01593,61.0,Male,7,74.35,7078.48,Month-to-month,DSL,Bank transfer,Yes,2,No,No,Yes
CUST01594,66.0,Female,7,91.17,8097.97,Two year,Fiber optic,Electronic check,Yes,2,No,No,No
CUST01595,34.0,Male,2,41.09,1176.01,Month-to-month,DSL,Electronic check,No,1,Yes,Yes,No
CUST01596,27.0,Male,3,87.25,3776.69,Two year,Fiber optic,Electronic check,No,1,Yes,No,No
CUST01597,66.0,Male,1,90.43,1419.8,One year,No,Bank transfer,Yes,0,No,No,Yes
CUST01598,64.0,Female,3,75.86,3350.54,Month-to-month,No,Mailed check,Yes,2,No,Yes,No
CUST01599,29.0,Male,10,110.36,14363.89,Two year,No,Mailed check,No,3,No,Yes,No
CUST01600,33.0,Female,10,31.1,3920.23,Month-to-month,DSL,Credit card,No,6,Yes,Yes,No
CUST01601,41.0,Male,10,37.71,4844.78,Month-to-month,DSL,Bank transfer,No,4,No,Yes,No
CUST01602,36.0,Male,8,62.87,6549.21,One year,Fiber optic,Credit card,No,0,No,No,Yes
CUST01603,25.0,Female,1,,438.61,Month-to-month,Fiber optic,Bank transfer,No,1,No,No,No
CUST01604,48.0,Male,2,76.63,2070.36,Month-to-month,DSL,Mailed check,No,2,Yes,Yes,No
CUST01605,38.0,Male,10,59.84,7828.8,One year,Fiber optic,Electronic check,No,4,No,Yes,Yes
CUST01606,34.0,Male,10,48.46,6364.15,Two year,No,Bank transfer,No,3,Yes,Yes,No
CUST01607,40.0,Female,3,37.0,1686.64,Month-to-month,No,Mailed check,No,4,Yes,Yes,No
CUST01608,54.0,Female,4,53.53,3165.43,Month-to-month,DSL,Mailed check,No,0,Yes,Yes,No
CUST01609,33.0,Female,0,80.8,352.9,Month-to-month,Fiber optic,Mailed check,No,4,Yes,Yes,Yes
CUST01610,23.0,Male,6,77.58,5874.73,One year,Fiber optic,Electronic check,No,0,Yes,No,No
CUST01611,25.0,Female,9,36.36,4116.94,Month-to-month,No,Mailed check,No,1,No,Yes,No
CUST01612,42.0,Male,6,32.49,2391.55,Two year,Fiber optic,Credit card,No,1,Yes,No,No
CUST01613,35.0,Male,8,22.67,2400.95,One year,No,Mailed check,No,1,Yes,Yes,No
CUST01614,42.0,Male,3,21.24,1015.82,One year,Fiber optic,Mailed check,No,2,No,No,No
CUST01615,29.0,Male,5,107.98,7565.55,Two year,No,Bank transfer,No,2,No,Yes,No
CUST01616,32.0,Male,10,24.51,3115.34,Two year,Fiber optic,Bank transfer,No,3,Yes,No,Yes
CUST01617,43.0,Male,1,93.12,1513.02,Month-to-month,No,Bank transfer,No,2,No,No,No
CUST01618,58.0,Male,3,107.2,4199.53,Month-to-month,No,Mailed check,No,0,No,Yes,No
CUST01619,62.0,Male,1,29.81,506.91,One year,DSL,Mailed check,Yes,2,Yes,Yes,Yes
CUST01620,43.0,Female,9,63.63,7402.5,Two year,DSL,Credit card,No,1,Yes,Yes,No
CUST01621,64.0,Female,4,116.23,6266.85,One year,No,Electronic check,Yes,2,No,Yes,Yes
CUST01622,49.0,Male,6,103.41,8611.43,Month-to-month,DSL,Mailed check,No,1,No,Yes,No
CUST01623,27.0,Female,0,68.97,717.04,One year,Fiber optic,Electronic check,No,4,Yes,No,No
CUST01624,33.0,Female,9,96.26,10600.77,Month-to-month,No,Mailed check,No,3,No,Yes,No
CUST01625,24.0,Female,9,103.34,11413.57,Two year,No,Electronic check,No,1,No,No,No
CUST01626,34.0,Male,6,54.8,4408.04,Month-to-month,DSL,Bank transfer,No,3,Yes,No,Yes
CUST01627,40.0,Female,9,109.22,12182.23,Two year,Fiber optic,Mailed check,No,1,Yes,Yes,No
CUST01628,43.0,Male,5,67.05,4673.47,Month-to-month,Fiber optic,Credit card,No,2,Yes,Yes,Yes
CUST01629,38.0,Female,5,72.78,4913.01,Two year,DSL,Electronic check,No,3,No,Yes,No
CUST01630,39.0,Female,7,119.97,10500.75,Month-to-month,No,Bank transfer,No,4,No,Yes,Yes
CUST01631,24.0,Female,7,104.33,9417.41,One year,Fiber optic,Credit card,No,1,Yes,No,Yes
CUST01632,31.0,Male,5,56.18,3677.93,Two year,No,Bank transfer,No,6,No,No,No
CUST01633,32.0,Male,2,21.03,727.74,One year,DSL,Mailed check,No,1,No,No,No
CUST01634,24.0,Male,4,82.62,4077.61,One year,Fiber optic,Credit card,No,0,Yes,No,No
CUST01635,26.0,Male,1,90.39,2065.8,Month-to-month,No,Electronic check,No,0,No,Yes,No
CUST01636,68.0,Male,4,85.08,4779.19,Month-to-month,Fiber optic,Electronic check,Yes,0,Yes,No,Yes
CUST01637,65.0,Male,8,116.79,12276.14,Two year,DSL,Credit card,Yes,4,Yes,Yes,No
CUST01638,25.0,Male,9,106.3,11589.75,Month-to-month,No,Electronic check,No,2,No,No,Yes
CUST01639,67.0,Male,0,64.88,513.24,One year,No,Bank transfer,Yes,4,No,No,No
CUST01640,40.0,Male,9,26.29,3035.79,One year,Fiber optic,Credit card,No,3,No,No,No
CUST01641,46.0,Female,4,67.61,3712.42,Month-to-month,Fiber optic,Electronic check,No,2,Yes,No,Yes
CUST01642,35.0,Female,5,88.92,6192.79,Month-to-month,DSL,Bank transfer,No,3,Yes,Yes,Yes
CUST01643,48.0,Male,10,80.77,10267.04,Month-to-month,No,Electronic check,No,6,No,Yes,No
CUST01644,47.0,Female,6,73.81,,Month-to-month,No,Bank transfer,No,2,Yes,No,No
CUST01645,69.0,Female,8,66.88,6658.5,Two year,DSL,Mailed check,Yes,1,No,Yes,Yes
CUST01646,56.0,Male,5,49.38,3449.97,One year,DSL,Bank transfer,No,1,No,No,No
CUST01647,52.0,Male,4,47.73,2432.91,Month-to-month,No,Electronic check,No,2,No,No,No
CUST01648,35.0,Female,6,70.02,5737.74,Month-to-month,DSL,Bank transfer,No,1,No,No,No
CUST01649,59.0,Male,0,36.06,409.1,One year,No,Electronic check,No,2,Yes,Yes,No
CUST01650,56.0,Female,10,54.07,6742.13,Month-to-month,No,Credit card,No,3,No,No,No
CUST01651,34.0,Male,4,52.4,2873.03,Month-to-month,No,Credit card,No,4,Yes,Yes,Yes
CUST01652,31.0,Female,1,78.71,1593.22,Month-to-month,Fiber optic,Mailed check,No,3,No,No,Yes
CUST01653,48.0,Male,3,26.67,1010.1,Two year,Fiber optic,Bank transfer,No,2,Yes,Yes,No
CUST01654,41.0,Female,6,102.97,8076.44,Month-to-month,DSL,Mailed check,No,4,No,No,No
CUST01655,52.0,Female,4,76.24,4038.16,Month-to-month,Fiber optic,Credit card,No,5,Yes,No,Yes
CUST01656,61.0,Female,5,87.08,6147.59,Two year,Fiber optic,Bank transfer,Yes,0,Yes,Yes,No
CUST01657,62.0,Female,1,90.31,2044.93,Month-to-month,Fiber optic,Bank transfer,Yes,1,No,No,No
CUST01658,51.0,Male,2,49.15,1607.63,Two year,DSL,Mailed check,No,1,No,No,No
CUST01659,20.0,Female,6,67.04,5377.48,Month-to-month,DSL,Mailed check,No,2,Yes,No,No
CUST01660,54.0,Male,10,115.62,14923.14,Month-to-month,DSL,Bank transfer,No,4,No,No,Yes
CUST01661,60.0,Female,1,96.67,1645.89,Month-to-month,No,Bank transfer,Yes,2,Yes,No,Yes
CUST01662,57.0,Male,5,116.96,7655.0,Month-to-month,Fiber optic,Bank transfer,No,3,Yes,Yes,No
CUST01663,43.0,Female,4,94.63,5213.24,Month-to-month,DSL,Mailed check,No,2,Yes,Yes,No
CUST01664,40.0,Male,9,37.56,4481.6,Month-to-month,Fiber optic,Electronic check,No,2,No,Yes,Yes
CUST01665,61.0,Female,0,26.45,237.1,Month-to-month,DSL,Credit card,Yes,4,Yes,No,Yes
CUST01666,56.0,Female,10,77.77,9881.52,Month-to-month,No,Credit card,No,1,Yes,Yes,No
CUST01667,32.0,Male,9,55.78,6552.73,One year,Fiber optic,Mailed check,No,0,Yes,No,No
CUST01668,66.0,Female,10,47.55,5947.54,Two year,DSL,Bank transfer,Yes,0,No,No,Yes
CUST01669,21.0,Female,3,100.72,4535.94,Two year,DSL,Credit card,No,4,Yes,Yes,No
CUST01670,46.0,Female,10,56.7,7116.84,Month-to-month,No,Credit card,No,2,No,No,Yes
CUST01671,39.0,Female,1,51.7,831.14,Two year,Fiber optic,Credit card,No,0,Yes,Yes,Yes
CUST01672,42.0,Male,3,105.0,4589.23,Month-to-month,DSL,Credit card,No,2,No,Yes,Yes
CUST01673,30.0,Female,0,104.63,895.18,Month-to-month,Fiber optic,Bank transfer,No,1,Yes,No,No
CUST01674,35.0,Male,1,55.64,1004.43,Month-to-month,DSL,Mailed check,No,1,No,Yes,No
CUST01675,50.0,Male,7,103.25,9418.52,One year,DSL,Bank transfer,No,4,No,Yes,No
CUST01676,33.0,Male,5,105.08,7212.14,Two year,No,Bank transfer,No,5,No,No,No
CUST01677,62.0,Male,1,62.39,1337.94,One year,DSL,Credit card,Yes,1,No,Yes,Yes
CUST01678,59.0,Female,5,26.65,1888.19,Month-to-month,No,Credit card,No,3,No,Yes,No
CUST01679,61.0,Female,9,20.16,2276.06,One year,Fiber optic,Bank transfer,Yes,0,No,No,No
CUST01680,19.0,Male,8,72.33,7773.03,Month-to-month,DSL,Bank transfer,No,0,Yes,Yes,No
CUST01681,52.0,Female,6,54.41,4353.35,Month-to-month,No,Bank transfer,No,2,No,No,No
CUST01682,59.0,Female,8,119.71,12649.12,Month-to-month,Fiber optic,Electronic check,No,2,Yes,No,No
CUST01683,51.0,Male,4,97.24,5513.26,Month-to-month,Fiber optic,Credit card,No,1,Yes,Yes,No
CUST01684,47.0,Male,6,96.13,7234.87,Month-to-month,No,Mailed check,No,2,No,No,Yes
CUST01685,30.0,Male,10,115.52,14068.7,One year,No,Mailed check,No,1,Yes,No,No
CUST01686,30.0,Female,6,108.77,8809.19,Month-to-month,DSL,Mailed check,No,3,No,Yes,No
CUST01687,35.0,Male,2,51.82,1586.81,Month-to-month,DSL,Electronic check,No,3,Yes,No,No
CUST01688,49.0,Male,6,36.6,2954.51,Month-to-month,Fiber optic,Electronic check,No,1,No,No,Yes
CUST01689,49.0,Female,0,94.59,590.74,Two year,DSL,Mailed check,No,2,Yes,Yes,Yes
CUST01690,52.0,Female,8,57.83,5808.13,Month-to-month,Fiber optic,Mailed check,No,0,No,Yes,No
CUST01691,56.0,Female,9,67.32,7548.94,Month-to-month,DSL,Mailed check,No,2,No,No,No
CUST01692,63.0,Female,5,83.04,5732.74,Month-to-month,Fiber optic,Bank transfer,Yes,1,No,No,Yes
CUST01693,69.0,Female,4,110.79,5766.02,One year,DSL,Credit card,Yes,2,Yes,Yes,No
CUST01694,46.0,Female,6,61.91,5006.13,Month-to-month,No,Electronic check,No,4,Yes,No,No
CUST01695,66.0,Female,4,98.33,5233.47,Month-to-month,Fiber optic,Electronic check,Yes,6,No,Yes,No
CUST01696,46.0,Female,9,46.83,5501.58,Month-to-month,DSL,Bank transfer,No,1,No,No,No
CUST01697,61.0,Male,4,89.8,4541.27,Month-to-month,No,Electronic check,Yes,1,Yes,No,No
CUST01698,33.0,Female,10,20.16,2484.82,Month-to-month,DSL,Mailed check,No,4,Yes,No,No
CUST01699,61.0,Male,9,107.15,12487.8,One year,Fiber optic,Electronic check,Yes,2,Yes,No,No
CUST01700,64.0,Female,10,23.04,2929.82,Two year,DSL,Bank transfer,Yes,0,Yes,No,No
CUST01701,27.0,Female,6,91.28,6868.15,Two year,No,Credit card,No,3,Yes,No,No
CUST01702,47.0,Male,9,24.63,2929.27,One year,Fiber optic,Mailed check,No,3,No,Yes,No
CUST01703,42.0,Female,6,46.62,3544.77,Month-to-month,DSL,Electronic check,No,2,No,No,Yes
CUST01704,56.0,Male,10,69.72,8759.05,Two year,No,Mailed check,No,3,Yes,No,Yes
CUST01705,37.0,Female,2,61.99,1687.69,Two year,DSL,Credit card,No,1,Yes,No,No
CUST01706,22.0,Male,2,39.18,1146.73,Two year,No,Electronic check,No,3,No,Yes,No
CUST01707,18.0,Male,9,53.38,6107.11,Month-to-month,DSL,Mailed check,No,5,No,No,No
CUST01708,47.0,Female,2,92.77,2620.54,Month-to-month,No,Bank transfer,No,2,Yes,Yes,Yes
CUST01709,66.0,Male,5,86.93,6038.16,Two year,Fiber optic,Bank transfer,Yes,2,Yes,No,Yes
CUST01710,20.0,Male,5,27.18,1775.76,Two year,No,Credit card,No,3,Yes,Yes,Yes
CUST01711,62.0,Female,2,94.73,3128.42,One year,No,Credit card,Yes,1,No,No,No
CUST01712,31.0,Female,2,25.3,690.13,Two year,No,Credit card,No,3,Yes,No,Yes
CUST01713,47.0,Male,7,74.29,6622.76,One year,Fiber optic,Electronic check,No,1,No,No,No
CUST01714,67.0,Female,7,46.01,3914.93,Month-to-month,No,Credit card,Yes,2,Yes,No,No
CUST01715,21.0,Male,6,78.77,6407.55,Month-to-month,Fiber optic,Electronic check,No,3,Yes,No,No
CUST01716,35.0,Male,9,46.13,5345.76,One year,DSL,Mailed check,No,4,No,No,No
CUST01717,54.0,Male,3,118.5,5450.53,Month-to-month,No,Bank transfer,No,1,Yes,Yes,No
CUST01718,42.0,Female,3,50.97,2141.34,Two year,Fiber optic,Mailed check,No,1,No,No,No
CUST01719,65.0,Female,2,44.2,1493.83,Month-to-month,DSL,Bank transfer,Yes,3,Yes,No,Yes
CUST01720,18.0,Male,4,47.85,2685.51,Two year,Fiber optic,Credit card,No,2,No,Yes,Yes
CUST01721,63.0,Male,2,109.65,2745.61,Two year,Fiber optic,Mailed check,Yes,1,No,Yes,Yes
CUST01722,32.0,Male,7,83.62,7341.05,Month-to-month,Fiber optic,Mailed check,No,1,Yes,No,Yes
CUST01723,26.0,Female,6,93.07,7299.74,Month-to-month,Fiber optic,Credit card,No,2,Yes,Yes,No
CUST01724,32.0,Male,2,111.8,3555.86,One year,DSL,Mailed check,No,0,No,Yes,No
CUST01725,66.0,Female,8,111.19,10865.65,Month-to-month,Fiber optic,Electronic check,Yes,1,Yes,Yes,No
CUST01726,41.0,Male,4,93.89,5328.81,One year,No,Bank transfer,No,2,No,Yes,No
CUST01727,21.0,Male,8,39.78,4096.5,Month-to-month,Fiber optic,Credit card,No,0,No,Yes,No
CUST01728,29.0,Male,6,104.34,8220.28,Month-to-month,Fiber optic,Electronic check,No,4,Yes,Yes,Yes
CUST01729,54.0,Male,6,40.38,3077.46,Month-to-month,DSL,Electronic check,No,2,No,Yes,Yes
CUST01730,54.0,Female,5,94.29,6368.63,Month-to-month,DSL,Credit card,No,2,Yes,No,No
CUST01731,60.0,Female,1,88.56,1178.06,Month-to-month,Fiber optic,Mailed check,Yes,0,Yes,No,Yes
CUST01732,23.0,Female,8,95.89,9369.58,Two year,DSL,Bank transfer,No,0,No,No,Yes
CUST01733,56.0,Female,5,73.27,5060.95,Month-to-month,Fiber optic,Electronic check,No,1,No,Yes,No
CUST01734,63.0,Female,7,83.87,7425.92,Two year,Fiber optic,Mailed check,Yes,1,Yes,No,No
CUST01735,41.0,Male,0,115.33,555.5,Two year,Fiber optic,Credit card,No,1,No,No,Yes
CUST01736,28.0,Female,4,30.11,1544.41,Two year,Fiber optic,Credit card,No,1,No,No,No
CUST01737,30.0,Female,0,50.88,300.28,Month-to-month,No,Bank transfer,No,5,Yes,No,Yes
CUST01738,51.0,Female,9,81.14,8890.67,One year,DSL,Credit card,No,4,Yes,Yes,No
CUST01739,42.0,Female,10,116.41,14470.23,Month-to-month,Fiber optic,Bank transfer,No,0,Yes,Yes,No
CUST01740,24.0,Male,7,29.56,2684.0,Month-to-month,No,Credit card,No,3,No,Yes,No
CUST01741,69.0,Male,7,22.25,2005.21,Two year,No,Credit card,Yes,2,No,Yes,No
CUST01742,21.0,Male,0,25.57,306.75,Month-to-month,Fiber optic,Electronic check,No,2,Yes,Yes,No
CUST01743,25.0,Female,8,25.24,2556.22,Two year,Fiber optic,Mailed check,No,4,Yes,Yes,No
CUST01744,37.0,Male,1,110.78,1911.73,One year,DSL,Electronic check,No,1,Yes,No,Yes
CUST01745,46.0,Male,8,92.13,9446.95,Month-to-month,DSL,Bank transfer,No,4,Yes,No,No
CUST01746,68.0,Female,0,87.71,271.32,Month-to-month,Fiber optic,Electronic check,Yes,3,No,Yes,Yes
CUST01747,62.0,Female,9,72.26,8572.88,One year,DSL,Credit card,Yes,4,No,No,No
CUST01748,63.0,Female,8,98.2,10143.56,One year,No,Credit card,Yes,1,Yes,No,No
CUST01749,27.0,Male,3,35.56,1390.86,One year,Fiber optic,Mailed check,No,2,No,Yes,No
CUST01750,60.0,Female,8,59.19,6258.03,Month-to-month,DSL,Bank transfer,Yes,3,No,No,No
CUST01751,51.0,Male,6,69.0,5063.06,Month-to-month,DSL,Credit card,No,1,No,Yes,Yes
CUST01752,43.0,Male,10,31.04,4091.33,Month-to-month,Fiber optic,Mailed check,No,1,Yes,No,No
CUST01753,58.0,Male,5,61.95,4368.51,Month-to-month,DSL,Mailed check,No,1,Yes,Yes,No
CUST01754,66.0,Male,4,51.65,2860.17,Month-to-month,Fiber optic,Credit card,Yes,2,No,Yes,Yes
CUST01755,20.0,Male,10,23.56,2879.6,Month-to-month,No,Credit card,No,0,Yes,Yes,No
CUST01756,23.0,Female,8,33.67,3345.72,Month-to-month,No,Bank transfer,No,5,Yes,No,No
CUST01757,22.0,Male,1,96.4,1549.51,One year,Fiber optic,Mailed check,No,3,No,No,Yes
CUST01758,22.0,Male,10,21.8,2695.6,One year,No,Mailed check,No,2,No,No,No
CUST01759,64.0,Male,1,113.43,2095.36,Month-to-month,Fiber optic,Mailed check,Yes,2,Yes,No,No
CUST01760,40.0,Male,10,28.64,3763.01,One year,Fiber optic,Bank transfer,No,2,No,Yes,No
CUST01761,66.0,Male,8,99.92,10180.44,One year,Fiber optic,Mailed check,Yes,1,No,Yes,No
CUST01762,26.0,Female,2,109.86,3545.97,Month-to-month,DSL,Electronic check,No,1,No,No,No
CUST01763,52.0,Male,7,114.11,10563.67,Month-to-month,DSL,Electronic check,No,0,Yes,No,No
CUST01764,37.0,Male,10,106.75,13940.2,Month-to-month,Fiber optic,Mailed check,No,4,No,No,No
CUST01765,66.0,Male,8,48.76,,Month-to-month,No,Electronic check,Yes,1,No,Yes,Yes
CUST01766,59.0,Male,7,53.31,4768.45,Month-to-month,Fiber optic,Electronic check,No,4,Yes,No,No
CUST01767,52.0,Female,3,62.65,2858.85,Month-to-month,Fiber optic,Bank transfer,No,0,Yes,Yes,No
CUST01768,67.0,Male,0,33.93,338.06,One year,Fiber optic,Mailed check,Yes,2,Yes,No,Yes
CUST01769,35.0,Male,3,22.23,1049.27,Two year,Fiber optic,Bank transfer,No,1,Yes,No,No
CUST01770,34.0,Male,8,106.91,11196.76,Month-to-month,Fiber optic,Mailed check,No,3,No,No,No
CUST01771,41.0,Male,1,75.41,1183.69,One year,No,Credit card,No,3,Yes,No,No
CUST01772,20.0,Female,2,80.87,2471.58,Two year,Fiber optic,Electronic check,No,1,Yes,Yes,No
CUST01773,49.0,Female,9,112.7,12324.4,Month-to-month,DSL,Bank transfer,No,3,Yes,Yes,No
CUST01774,52.0,Female,7,86.51,7968.97,Two year,Fiber optic,Bank transfer,No,1,No,Yes,No
CUST01775,55.0,Male,5,89.09,5977.69,Month-to-month,Fiber optic,Credit card,No,1,Yes,Yes,No
CUST01776,30.0,Female,7,98.7,9113.48,Two year,Fiber optic,Credit card,No,2,Yes,Yes,No
CUST01777,64.0,Female,6,31.63,2632.61,Month-to-month,Fiber optic,Electronic check,Yes,2,No,No,No
CUST01778,42.0,Female,4,56.02,3168.49,Month-to-month,Fiber optic,Electronic check,No,3,No,No,No
CUST01779,26.0,Female,8,116.82,11743.32,One year,DSL,Mailed check,No,2,No,No,No
CUST01780,21.0,Female,3,112.29,4400.21,Two year,DSL,Mailed check,No,4,No,Yes,No
CUST01781,31.0,Male,5,108.41,7632.17,Month-to-month,Fiber optic,Credit card,No,0,No,Yes,No
CUST01782,54.0,Female,1,65.21,987.13,One year,Fiber optic,Electronic check,No,2,No,No,No
CUST01783,51.0,Female,1,105.72,1562.3,One year,DSL,Electronic check,No,0,No,Yes,No
CUST01784,28.0,Female,1,24.84,379.37,Month-to-month,Fiber optic,Credit card,No,1,Yes,No,No
CUST01785,58.0,Male,9,34.85,3993.71,Month-to-month,No,Credit card,No,2,Yes,No,No
CUST01786,20.0,Male,6,61.4,4566.08,Month-to-month,DSL,Bank transfer,No,2,Yes,No,Yes
CUST01787,45.0,Female,1,68.34,1593.64,Month-to-month,No,Credit card,No,2,No,Yes,No
CUST01788,46.0,Male,1,46.35,1095.19,One year,No,Bank transfer,No,2,No,Yes,No
CUST01789,26.0,Male,8,55.65,5994.16,Two year,No,Mailed check,No,5,Yes,Yes,No
CUST01790,20.0,Female,6,36.28,2664.05,One year,No,Credit card,No,2,No,Yes,Yes
CUST01791,42.0,Male,10,68.91,9055.34,Two year,Fiber optic,Credit card,No,3,Yes,No,Yes
CUST01792,51.0,Female,2,99.38,3574.85,Month-to-month,Fiber optic,Credit card,No,1,Yes,No,Yes
CUST01793,29.0,Female,2,86.14,3046.49,Month-to-month,Fiber optic,Bank transfer,No,2,Yes,No,Yes
CUST01794,59.0,Female,6,30.78,2474.11,Two year,DSL,Credit card,No,1,No,Yes,Yes
CUST01795,26.0,Male,4,68.76,3899.62,Two year,DSL,Credit card,No,1,Yes,Yes,No
CUST01796,32.0,Female,9,89.76,9904.55,Month-to-month,DSL,Electronic check,No,4,No,Yes,No
CUST01797,57.0,Female,5,72.99,5154.35,Month-to-month,DSL,Electronic check,No,0,Yes,No,No
CUST01798,42.0,Male,7,59.17,5068.27,Two year,Fiber optic,Electronic check,No,0,Yes,Yes,Yes
CUST01799,22.0,Female,8,82.19,8259.69,Month-to-month,No,Credit card,No,3,Yes,Yes,No
CUST01800,28.0,Male,0,116.86,1390.95,Month-to-month,No,Electronic check,No,2,No,Yes,No
CUST01801,51.0,Male,2,29.49,874.25,One year,DSL,Mailed check,No,4,Yes,No,Yes
CUST01802,41.0,Female,10,59.0,7224.12,Two year,DSL,Electronic check,No,1,Yes,No,No
CUST01803,32.0,Male,6,60.66,5074.95,One year,Fiber optic,Credit card,No,2,No,No,No
CUST01804,55.0,Female,5,77.7,5580.84,One year,Fiber optic,Electronic check,No,2,Yes,No,No
CUST01805,25.0,Male,6,35.22,2643.52,Month-to-month,No,Electronic check,No,2,Yes,Yes,No
CUST01806,22.0,Male,7,,3559.35,One year,Fiber optic,Electronic check,No,3,Yes,No,No
CUST01807,65.0,Male,5,48.54,3169.4,Month-to-month,Fiber optic,Mailed check,Yes,0,Yes,Yes,Yes
CUST01808,43.0,Male,2,115.59,3374.66,Two year,DSL,Mailed check,No,2,No,No,No
CUST01809,35.0,Female,1,93.41,1484.25,Month-to-month,DSL,Bank transfer,No,1,Yes,No,No
CUST01810,23.0,Female,6,86.17,6332.79,One year,DSL,Credit card,No,3,Yes,No,No
CUST01811,54.0,Male,10,101.7,12605.52,Two year,Fiber optic,Mailed check,No,1,No,Yes,No
CUST01812,65.0,Female,0,32.76,52.14,Month-to-month,No,Mailed check,Yes,1,No,No,No
CUST01813,30.0,Female,2,105.93,3725.36,Two year,DSL,Mailed check,No,1,Yes,No,No
CUST01814,45.0,Female,10,79.48,10195.61,Month-to-month,DSL,Credit card,No,4,Yes,Yes,No
CUST01815,22.0,Female,3,53.53,2502.68,Month-to-month,Fiber optic,Bank transfer,No,0,Yes,Yes,No
CUST01816,30.0,Female,0,101.59,903.16,Month-to-month,DSL,Credit card,No,1,No,No,No
CUST01817,34.0,Female,4,100.26,5057.53,Two year,No,Electronic check,No,2,No,Yes,Yes
CUST01818,67.0,Female,9,104.57,12480.05,Two year,DSL,Bank transfer,Yes,4,No,No,No
CUST01819,57.0,Male,2,31.55,1101.06,Month-to-month,No,Electronic check,No,3,Yes,No,Yes
CUST01820,62.0,Female,1,116.94,1967.96,Month-to-month,No,Mailed check,Yes,1,Yes,Yes,Yes
CUST01821,49.0,Male,2,115.96,3041.27,Two year,No,Credit card,No,1,No,No,No
CUST01822,46.0,Male,7,55.75,5170.57,Month-to-month,DSL,Electronic check,No,1,No,Yes,No
CUST01823,68.0,Male,5,26.59,1835.03,One year,DSL,Bank transfer,Yes,1,Yes,No,No
CUST01824,20.0,Female,6,36.71,3041.98,One year,No,Electronic check,No,3,No,No,No
CUST01825,57.0,Female,5,119.28,7345.17,Two year,No,Electronic check,No,3,Yes,No,No
CUST01826,,Male,5,76.3,4773.23,One year,Fiber optic,Mailed check,No,2,No,No,Yes
CUST01827,57.0,Male,2,55.66,1757.78,Month-to-month,Fiber optic,Electronic check,No,2,Yes,Yes,Yes
CUST01828,44.0,Female,7,48.82,4482.19,Two year,DSL,Electronic check,No,4,No,Yes,Yes
CUST01829,30.0,Female,6,45.7,3353.0,Month-to-month,No,Mailed check,No,1,Yes,No,Yes
CUST01830,62.0,Female,6,,6685.99,Month-to-month,DSL,Bank transfer,Yes,1,No,Yes,No
CUST01831,50.0,Male,5,61.94,4176.35,Month-to-month,DSL,Mailed check,No,0,No,Yes,No
CUST01832,23.0,Male,4,116.54,6656.42,Two year,DSL,Electronic check,No,1,No,No,No
CUST01833,41.0,Female,9,88.38,9940.78,One year,Fiber optic,Credit card,No,3,No,No,No
CUST01834,36.0,Female,7,99.2,8960.04,Month-to-month,DSL,Mailed check,No,4,No,No,No
CUST01835,33.0,Male,4,49.27,2855.42,One year,Fiber optic,Mailed check,No,3,No,Yes,No
CUST01836,57.0,Female,8,27.92,3001.2,Month-to-month,Fiber optic,Electronic check,No,1,Yes,No,Yes
CUST01837,45.0,Female,8,68.78,6845.91,Two year,DSL,Credit card,No,3,No,No,No
CUST01838,50.0,Male,0,51.46,194.7,Month-to-month,Fiber optic,Bank transfer,No,1,Yes,No,No
CUST01839,65.0,Male,5,40.21,2868.5,One year,DSL,Credit card,Yes,4,No,Yes,No
CUST01840,58.0,Male,6,115.26,8915.94,One year,DSL,Mailed check,No,4,No,Yes,No
CUST01841,30.0,Male,2,64.4,,Month-to-month,Fiber optic,Credit card,No,3,Yes,Yes,No
CUST01842,60.0,Female,6,37.47,2987.67,Two year,Fiber optic,Bank transfer,Yes,0,Yes,No,Yes
CUST01843,62.0,Male,10,39.87,4949.52,Month-to-month,DSL,Credit card,Yes,2,Yes,Yes,No
CUST01844,42.0,Female,10,48.07,6162.05,One year,No,Credit card,No,1,No,Yes,No
CUST01845,59.0,Female,6,119.93,9619.73,One year,No,Credit card,No,1,No,No,No
CUST01846,53.0,Female,10,46.8,5967.79,One year,Fiber optic,Mailed check,No,1,Yes,No,No
CUST01847,44.0,Male,1,52.88,745.41,Month-to-month,Fiber optic,Electronic check,No,0,Yes,Yes,No
CUST01848,55.0,Male,6,85.93,7213.56,Two year,DSL,Electronic check,No,3,Yes,Yes,No
CUST01849,24.0,Female,0,49.4,266.99,Month-to-month,No,Credit card,No,1,No,Yes,No
CUST01850,22.0,Female,4,41.58,2329.34,One year,Fiber optic,Mailed check,No,2,Yes,Yes,No
CUST01851,60.0,Male,8,35.86,3827.82,One year,DSL,Mailed check,Yes,2,Yes,No,No
CUST01852,62.0,Female,6,51.27,3981.43,Two year,No,Mailed check,Yes,0,No,No,No
CUST01853,68.0,Female,6,30.59,2493.49,One year,Fiber optic,Electronic check,Yes,2,Yes,Yes,Yes
CUST01854,48.0,Female,10,21.86,2878.74,Month-to-month,Fiber optic,Mailed check,No,2,No,No,No
CUST01855,40.0,Female,1,100.46,1702.62,Two year,DSL,Credit card,No,1,Yes,No,No
CUST01856,59.0,Female,7,33.79,3022.78,Month-to-month,DSL,Electronic check,No,4,Yes,Yes,No
CUST01857,27.0,Female,2,97.6,3412.23,Month-to-month,No,Mailed check,No,4,Yes,Yes,No
CUST01858,49.0,Female,7,99.75,8653.92,Two year,Fiber optic,Credit card,No,2,Yes,Yes,No
CUST01859,60.0,Female,2,73.79,1867.96,One year,DSL,Electronic check,Yes,7,Yes,No,No
CUST01860,47.0,Male,9,50.97,6065.32,Month-to-month,Fiber optic,Mailed check,No,1,No,Yes,No
CUST01861,56.0,Male,6,34.5,2830.29,One year,Fiber optic,Bank transfer,No,2,Yes,Yes,Yes
CUST01862,48.0,Female,1,93.68,2220.07,Month-to-month,DSL,Credit card,No,3,Yes,No,No
CUST01863,35.0,Female,3,80.14,3016.52,Month-to-month,Fiber optic,Bank transfer,No,2,Yes,Yes,Yes
CUST01864,53.0,Male,10,85.55,10498.52,Month-to-month,Fiber optic,Electronic check,No,3,Yes,No,No
CUST01865,19.0,Male,5,20.87,1297.25,One year,DSL,Mailed check,No,5,No,Yes,Yes
CUST01866,31.0,Male,10,112.75,14490.36,One year,DSL,Credit card,No,2,Yes,No,No
CUST01867,30.0,Female,8,26.63,2760.63,One year,DSL,Credit card,No,0,No,No,No
CUST01868,46.0,Male,4,56.68,3001.36,Month-to-month,Fiber optic,Credit card,No,2,No,Yes,Yes
CUST01869,29.0,Male,8,60.27,5884.26,One year,Fiber optic,Bank transfer,No,2,No,Yes,No
CUST01870,56.0,Female,4,20.14,1128.57,Month-to-month,DSL,Mailed check,No,4,No,Yes,No
CUST01871,19.0,Male,9,69.71,8035.56,Month-to-month,Fiber optic,Mailed check,No,1,Yes,Yes,No
CUST01872,49.0,Female,7,95.28,8217.13,Two year,Fiber optic,Mailed check,No,0,No,Yes,No
CUST01873,30.0,Male,0,102.33,1125.43,Month-to-month,Fiber optic,Bank transfer,No,2,Yes,No,No
CUST01874,63.0,Male,6,107.94,8115.84,One year,DSL,Electronic check,Yes,1,No,Yes,Yes
CUST01875,44.0,Male,3,68.77,3106.93,Two year,Fiber optic,Bank transfer,No,0,No,Yes,No
CUST01876,66.0,Male,4,83.06,4878.6,Month-to-month,Fiber optic,Electronic check,Yes,3,No,Yes,No
CUST01877,58.0,Male,5,27.95,1883.11,One year,Fiber optic,Bank transfer,No,4,No,No,No
CUST01878,34.0,Female,4,68.8,3558.02,One year,Fiber optic,Mailed check,No,6,No,Yes,No
CUST01879,57.0,Female,0,35.48,156.17,Month-to-month,DSL,Mailed check,No,1,Yes,No,No
CUST01880,48.0,Male,8,56.96,6080.09,One year,No,Mailed check,No,2,Yes,No,No
CUST01881,51.0,Female,1,52.93,861.74,One year,No,Bank transfer,No,4,Yes,Yes,Yes
CUST01882,41.0,Male,8,62.35,6559.72,Month-to-month,Fiber optic,Credit card,No,0,No,Yes,Yes
CUST01883,62.0,Male,9,77.16,9250.85,Month-to-month,No,Bank transfer,Yes,1,No,No,No
CUST01884,52.0,Male,1,110.29,2646.74,Two year,Fiber optic,Electronic check,No,2,Yes,No,Yes
CUST01885,65.0,Male,8,59.45,6115.52,One year,DSL,Bank transfer,Yes,4,No,No,No
CUST01886,23.0,Male,5,118.11,8278.58,Month-to-month,Fiber optic,Electronic check,No,4,No,No,No
CUST01887,36.0,Female,10,95.9,12648.51,Month-to-month,No,Bank transfer,No,2,No,No,Yes
CUST01888,47.0,Female,8,71.15,7194.79,One year,DSL,Credit card,No,1,Yes,Yes,No
CUST01889,24.0,Female,5,84.4,5382.74,Month-to-month,Fiber optic,Credit card,No,2,Yes,No,Yes
CUST01890,27.0,Female,5,30.22,1881.39,Month-to-month,No,Mailed check,No,2,No,No,No
CUST01891,58.0,Male,10,104.45,12800.34,One year,No,Credit card,No,1,Yes,No,No
CUST01892,49.0,Female,1,78.24,1751.72,One year,DSL,Bank transfer,No,2,No,No,No
CUST01893,51.0,Male,7,118.61,10849.96,Month-to-month,DSL,Credit card,No,2,Yes,No,No
CUST01894,45.0,Male,2,83.64,2894.85,Month-to-month,DSL,Mailed check,No,2,Yes,Yes,Yes
CUST01895,32.0,Female,6,103.41,8446.94,Month-to-month,Fiber optic,Bank transfer,No,2,Yes,Yes,No
CUST01896,47.0,Female,4,99.98,5639.99,Month-to-month,No,Electronic check,No,4,Yes,No,No
CUST01897,54.0,Male,2,54.55,1729.37,Month-to-month,Fiber optic,Bank transfer,No,4,No,Yes,Yes
CUST01898,46.0,Male,0,45.96,70.4,Month-to-month,No,Mailed check,No,1,Yes,No,No
CUST01899,39.0,Male,7,63.05,5964.22,Month-to-month,Fiber optic,Credit card,No,2,Yes,Yes,Yes
CUST01900,21.0,Female,2,66.72,1974.66,Month-to-month,Fiber optic,Credit card,No,3,No,Yes,Yes
CUST01901,37.0,Male,1,44.01,843.13,Two year,DSL,Bank transfer,No,2,No,Yes,No
CUST01902,49.0,Male,0,109.46,135.89,Month-to-month,DSL,Electronic check,No,5,Yes,Yes,No
CUST01903,53.0,Male,3,74.25,3511.79,Month-to-month,DSL,Electronic check,No,1,No,No,Yes
CUST01904,67.0,Male,7,117.84,11186.57,Month-to-month,DSL,Electronic check,Yes,1,Yes,Yes,No
CUST01905,21.0,Female,2,101.0,3128.58,Month-to-month,DSL,Electronic check,No,2,Yes,No,No
CUST01906,44.0,Female,0,75.57,555.47,Two year,DSL,Bank transfer,No,1,Yes,Yes,No
CUST01907,34.0,Male,3,114.7,5133.42,Month-to-month,Fiber optic,Credit card,No,2,Yes,Yes,No
CUST01908,29.0,Female,8,70.49,7042.77,Two year,Fiber optic,Electronic check,No,0,No,Yes,No
CUST01909,39.0,Male,0,108.71,374.08,Month-to-month,DSL,Bank transfer,No,1,No,No,Yes
CUST01910,34.0,Female,10,55.81,7166.8,Two year,Fiber optic,Bank transfer,No,1,Yes,Yes,No
CUST01911,27.0,Female,1,57.86,818.64,Month-to-month,Fiber optic,Bank transfer,No,0,No,Yes,No
CUST01912,18.0,Female,8,61.81,6304.29,Month-to-month,Fiber optic,Electronic check,No,0,No,Yes,Yes
CUST01913,39.0,Female,1,74.66,1375.26,Month-to-month,Fiber optic,Electronic check,No,0,Yes,No,No
CUST01914,43.0,Male,2,75.35,2199.82,Month-to-month,Fiber optic,Bank transfer,No,3,Yes,Yes,No
CUST01915,35.0,Male,6,69.64,5225.64,Month-to-month,No,Bank transfer,No,1,Yes,Yes,No
CUST01916,67.0,Male,2,50.6,1462.77,Month-to-month,DSL,Bank transfer,Yes,2,Yes,No,No
CUST01917,,Female,8,112.72,11352.38,One year,DSL,Credit card,No,2,No,Yes,No
CUST01918,64.0,Female,5,78.86,5243.55,Month-to-month,DSL,Credit card,Yes,3,Yes,Yes,No
CUST01919,46.0,Male,2,60.77,1970.25,Month-to-month,Fiber optic,Mailed check,No,0,Yes,No,Yes
CUST01920,29.0,Female,8,85.12,9163.22,Month-to-month,Fiber optic,Mailed check,No,1,No,Yes,Yes
CUST01921,53.0,Female,0,96.8,250.31,One year,Fiber optic,Electronic check,No,3,Yes,No,No
CUST01922,52.0,Male,9,116.07,13766.27,Month-to-month,DSL,Credit card,No,2,Yes,No,No
CUST01923,69.0,Female,2,69.95,1967.41,Month-to-month,Fiber optic,Mailed check,Yes,3,No,No,Yes
CUST01924,29.0,Male,0,31.21,234.23,Month-to-month,Fiber optic,Bank transfer,No,3,No,Yes,No
CUST01925,24.0,Female,1,64.08,1218.42,Two year,DSL,Bank transfer,No,0,Yes,No,No
CUST01926,46.0,Male,7,67.9,6187.48,One year,Fiber optic,Electronic check,No,2,Yes,No,No
CUST01927,28.0,Female,6,109.7,8880.98,Month-to-month,No,Electronic check,No,2,No,Yes,No
CUST01928,50.0,Female,1,59.48,1022.97,Month-to-month,Fiber optic,Mailed check,No,0,Yes,Yes,No
CUST01929,23.0,Female,1,115.33,1904.11,Month-to-month,DSL,Bank transfer,No,1,No,Yes,No
CUST01930,,Female,8,68.51,7288.17,Month-to-month,No,Electronic check,Yes,0,No,No,No
CUST01931,32.0,Female,5,117.38,7444.36,One year,DSL,Electronic check,No,1,Yes,No,No
CUST01932,49.0,Male,4,20.82,1061.46,Month-to-month,Fiber optic,Credit card,No,1,No,No,No
CUST01933,68.0,Female,9,109.88,11995.78,Month-to-month,DSL,Mailed check,Yes,0,Yes,Yes,No
CUST01934,28.0,Male,5,113.11,7161.71,One year,No,Electronic check,No,2,No,No,No
CUST01935,40.0,Male,8,116.1,11923.92,Month-to-month,DSL,Mailed check,No,1,No,No,No
CUST01936,43.0,Male,10,21.31,2704.74,Month-to-month,DSL,Bank transfer,No,1,Yes,Yes,No
CUST01937,51.0,Female,6,37.17,2817.43,Month-to-month,No,Mailed check,No,0,Yes,No,No
CUST01938,63.0,Male,9,85.38,9374.3,Month-to-month,Fiber optic,Electronic check,Yes,3,No,Yes,Yes
CUST01939,51.0,Female,9,22.55,2642.66,Two year,Fiber optic,Credit card,No,5,Yes,Yes,No
CUST01940,46.0,Female,8,26.36,2776.7,One year,DSL,Mailed check,No,0,No,No,No
CUST01941,21.0,Female,3,42.11,2020.28,Month-to-month,Fiber optic,Mailed check,No,0,Yes,No,Yes
CUST01942,34.0,Male,1,71.24,1631.42,Month-to-month,No,Bank transfer,No,1,Yes,No,No
CUST01943,52.0,Female,7,74.59,7099.97,Month-to-month,Fiber optic,Credit card,No,5,Yes,No,Yes
CUST01944,30.0,Female,3,23.43,1072.63,Month-to-month,No,Mailed check,No,3,Yes,Yes,Yes
CUST01945,58.0,Female,8,37.04,3843.66,Two year,No,Credit card,No,3,No,Yes,Yes
CUST01946,56.0,Male,3,69.97,2687.83,Month-to-month,Fiber optic,Electronic check,No,4,Yes,No,No
CUST01947,32.0,Male,7,79.39,7291.61,Two year,DSL,Credit card,No,0,Yes,Yes,No
CUST01948,46.0,Male,8,34.84,3400.92,Month-to-month,DSL,Electronic check,No,1,Yes,Yes,Yes
CUST01949,46.0,Male,8,59.88,6391.49,Two year,DSL,Bank transfer,No,1,Yes,No,No
CUST01950,28.0,Female,9,110.44,12623.3,One year,Fiber optic,Bank transfer,No,1,Yes,Yes,No
CUST01951,69.0,Male,3,119.89,5355.75,One year,No,Bank transfer,Yes,2,Yes,No,No
CUST01952,49.0,Female,0,118.72,186.95,Month-to-month,Fiber optic,Electronic check,No,1,Yes,No,No
CUST01953,19.0,Male,2,108.17,3339.94,Two year,No,Mailed check,No,1,No,Yes,No
CUST01954,64.0,Female,8,59.47,5965.67,Month-to-month,No,Electronic check,Yes,0,No,No,No
CUST01955,31.0,Male,3,88.66,3558.34,Two year,No,Credit card,No,2,Yes,Yes,No
CUST01956,37.0,Male,4,61.66,3285.63,One year,No,Credit card,No,3,No,Yes,No
CUST01957,39.0,Male,6,84.85,6194.65,Month-to-month,Fiber optic,Electronic check,No,3,Yes,Yes,Yes
CUST01958,28.0,Female,4,50.94,2757.55,Two year,No,Bank transfer,No,3,No,Yes,No
CUST01959,44.0,Female,3,80.62,3414.44,Two year,Fiber optic,Bank transfer,No,2,Yes,No,Yes
CUST01960,20.0,Male,1,72.38,1628.15,One year,Fiber optic,Credit card,No,2,Yes,No,No
CUST01961,34.0,Male,1,22.45,402.61,Month-to-month,Fiber optic,Credit card,No,3,Yes,Yes,Yes
CUST01962,61.0,Male,3,99.07,4061.78,Two year,Fiber optic,Mailed check,Yes,2,No,Yes,No
CUST01963,45.0,Male,9,21.19,2541.58,One year,Fiber optic,Mailed check,No,3,Yes,No,No
CUST01964,46.0,Male,9,49.32,5685.77,One year,Fiber optic,Mailed check,No,1,Yes,No,No
CUST01965,38.0,Male,8,20.59,2104.27,Two year,DSL,Credit card,No,4,Yes,Yes,No
CUST01966,64.0,Female,7,57.62,5212.03,Month-to-month,DSL,Mailed check,Yes,2,Yes,No,No
CUST01967,33.0,Female,2,26.32,892.27,Month-to-month,Fiber optic,Credit card,No,3,Yes,Yes,Yes
CUST01968,54.0,Female,8,111.35,11218.23,One year,No,Credit card,No,1,No,No,No
CUST01969,37.0,Female,4,61.57,3280.5,Month-to-month,Fiber optic,Electronic check,No,3,No,Yes,Yes
CUST01970,23.0,Female,10,65.95,8528.3,One year,DSL,Mailed check,No,1,No,No,Yes
CUST01971,36.0,Female,2,54.99,,Month-to-month,No,Electronic check,No,1,Yes,No,Yes
CUST01972,22.0,Male,4,82.75,4842.27,Month-to-month,No,Electronic check,No,6,Yes,No,No
CUST01973,20.0,Male,9,98.44,11195.8,Month-to-month,No,Mailed check,No,2,Yes,Yes,No
CUST01974,18.0,Male,3,84.81,3680.26,Month-to-month,Fiber optic,Credit card,No,3,No,Yes,No
CUST01975,55.0,Male,7,94.82,8849.76,Month-to-month,DSL,Credit card,No,3,Yes,Yes,No
CUST01976,32.0,Male,4,110.6,5743.08,Month-to-month,DSL,Credit card,No,2,No,No,No
CUST01977,51.0,Female,9,106.35,12633.68,Month-to-month,Fiber optic,Mailed check,No,2,Yes,Yes,No
CUST01978,52.0,Female,7,87.41,8371.38,One year,DSL,Credit card,No,1,Yes,No,No
CUST01979,66.0,Female,8,41.46,4247.04,Two year,DSL,Electronic check,Yes,2,No,Yes,No
CUST01980,42.0,Female,3,83.77,3962.85,Month-to-month,No,Bank transfer,No,5,Yes,Yes,No
CUST01981,41.0,Female,6,70.61,5155.41,Month-to-month,Fiber optic,Mailed check,No,2,Yes,Yes,No
CUST01982,29.0,Male,1,91.72,2094.57,Month-to-month,DSL,Bank transfer,No,1,No,No,Yes
CUST01983,35.0,Female,5,103.29,6654.1,Month-to-month,DSL,Electronic check,No,3,No,Yes,No
CUST01984,32.0,Female,7,94.27,8335.96,Two year,Fiber optic,Bank transfer,No,1,No,No,No
CUST01985,61.0,Female,6,104.66,7902.77,Month-to-month,DSL,Electronic check,Yes,2,Yes,No,No
CUST01986,33.0,Male,6,26.39,2018.5,Month-to-month,Fiber optic,Bank transfer,No,3,Yes,No,No
CUST01987,44.0,Male,7,23.16,2022.99,Month-to-month,DSL,Bank transfer,No,2,No,No,Yes
CUST01988,25.0,Male,6,45.85,3803.93,Two year,No,Credit card,No,0,No,Yes,No
CUST01989,63.0,Male,4,110.07,6481.94,Month-to-month,No,Bank transfer,Yes,1,Yes,No,No
CUST01990,42.0,Male,6,102.37,7588.11,One year,Fiber optic,Electronic check,No,3,Yes,No,No
CUST01991,34.0,Male,9,88.27,9760.14,Month-to-month,Fiber optic,Electronic check,No,4,Yes,Yes,No
CUST01992,46.0,Female,2,90.08,3106.16,Month-to-month,DSL,Electronic check,No,1,Yes,No,No
CUST01993,25.0,Female,4,92.67,4947.5,Two year,Fiber optic,Mailed check,No,5,Yes,No,No
CUST01994,32.0,Female,6,114.26,8553.73,Month-to-month,Fiber optic,Electronic check,No,1,No,Yes,Yes
CUST01995,44.0,Male,8,103.22,10592.16,One year,Fiber optic,Mailed check,No,1,Yes,No,No
CUST01996,63.0,Male,1,82.34,1447.81,One year,DSL,Electronic check,Yes,5,Yes,Yes,No
CUST01997,67.0,Male,3,86.57,3411.79,Month-to-month,DSL,Mailed check,Yes,1,No,No,Yes
CUST01998,69.0,Male,6,41.37,3348.0,Month-to-month,DSL,Bank transfer,Yes,2,No,No,No
CUST01999,24.0,Female,0,85.73,681.05,One year,Fiber optic,Bank transfer,No,4,Yes,Yes,No
CUST02000,20.0,Male,1,62.47,880.59,Month-to-month,Fiber optic,Electronic check,No,1,Yes,No,No
CUST02001,46.0,Male,8,35.3,3783.43,Month-to-month,Fiber optic,Mailed check,No,2,Yes,Yes,Yes
CUST02002,61.0,Male,9,100.64,11588.01,Month-to-month,Fiber optic,Credit card,Yes,0,No,No,No
CUST02003,41.0,Male,6,71.02,5379.92,One year,DSL,Credit card,No,2,Yes,Yes,Yes
CUST02004,20.0,Male,9,117.74,13100.84,Two year,No,Credit card,No,3,Yes,No,No
CUST02005,37.0,Female,6,48.17,3588.44,Two year,Fiber optic,Bank transfer,No,1,Yes,Yes,No
CUST02006,63.0,Male,5,68.07,4470.23,Month-to-month,DSL,Bank transfer,Yes,2,No,No,No
CUST02007,32.0,Male,2,64.8,1716.61,Month-to-month,Fiber optic,Mailed check,No,3,Yes,No,No
CUST02008,42.0,Female,9,32.08,3643.45,Month-to-month,Fiber optic,Electronic check,No,0,Yes,Yes,No
CUST02009,47.0,Male,2,62.61,1667.71,Month-to-month,DSL,Bank transfer,No,0,Yes,No,No
CUST02010,31.0,Male,1,48.76,986.17,Two year,Fiber optic,Electronic check,No,3,Yes,No,No
CUST02011,24.0,Female,10,36.03,4670.84,One year,No,Credit card,No,1,No,No,No
CUST02012,34.0,Female,5,48.22,3232.9,One year,DSL,Credit card,No,2,Yes,Yes,No
CUST02013,61.0,Female,3,43.33,1927.35,Month-to-month,Fiber optic,Electronic check,Yes,2,No,No,No
CUST02014,37.0,Female,4,93.41,5541.28,Two year,DSL,Mailed check,No,1,No,No,No
CUST02015,53.0,Female,2,23.08,739.07,Two year,No,Credit card,No,2,No,No,No
CUST02016,26.0,Female,5,81.75,5314.22,Month-to-month,DSL,Mailed check,No,1,Yes,Yes,No
CUST02017,55.0,Female,10,96.07,12099.47,Month-to-month,DSL,Credit card,No,3,Yes,Yes,No
CUST02018,,Female,2,68.07,2346.09,Month-to-month,Fiber optic,Bank transfer,Yes,5,Yes,Yes,Yes
CUST02019,39.0,Female,7,113.16,9781.32,Month-to-month,DSL,Credit card,No,1,No,No,No
CUST02020,19.0,Female,8,90.79,9131.94,Two year,DSL,Mailed check,No,3,Yes,No,Yes
CUST02021,41.0,Male,3,94.79,4109.15,Month-to-month,DSL,Bank transfer,No,0,No,No,No
CUST02022,25.0,Female,8,39.69,4145.23,One year,DSL,Credit card,No,1,No,Yes,No
CUST02023,28.0,Female,6,97.73,7955.07,One year,DSL,Bank transfer,No,2,No,Yes,No
CUST02024,30.0,Female,2,103.21,2941.51,Month-to-month,No,Bank transfer,No,2,Yes,No,No
CUST02025,34.0,Female,6,56.13,4187.55,Month-to-month,No,Credit card,No,0,Yes,Yes,No
CUST02026,25.0,Female,0,41.34,475.54,Two year,Fiber optic,Electronic check,No,2,No,No,No
CUST02027,38.0,Male,2,58.51,1511.92,Month-to-month,Fiber optic,Electronic check,No,0,No,Yes,No
CUST02028,35.0,Male,5,93.96,5830.58,One year,Fiber optic,Mailed check,No,2,No,Yes,No
CUST02029,47.0,Male,3,61.76,2621.36,One year,Fiber optic,Mailed check,No,3,Yes,No,No
CUST02030,35.0,Female,6,93.67,7682.06,Month-to-month,Fiber optic,Credit card,No,3,No,No,No
CUST02031,63.0,Female,2,31.36,1051.17,Two year,Fiber optic,Bank transfer,Yes,2,Yes,No,No
CUST02032,64.0,Male,0,100.6,1138.26,Month-to-month,Fiber optic,Bank transfer,Yes,5,Yes,Yes,No
CUST02033,48.0,Female,8,45.32,4466.63,One year,Fiber optic,Electronic check,No,2,No,Yes,Yes
CUST02034,55.0,Female,5,44.89,2923.82,One year,Fiber optic,Electronic check,No,3,Yes,Yes,No
CUST02035,49.0,Male,7,79.04,6963.71,Month-to-month,Fiber optic,Bank transfer,No,0,Yes,Yes,No
CUST02036,28.0,Female,2,27.01,931.02,Month-to-month,No,Bank transfer,No,1,No,Yes,No
CUST02037,62.0,Female,7,22.63,2045.12,One year,Fiber optic,Mailed check,Yes,1,Yes,Yes,No
CUST02038,42.0,Female,1,46.1,612.91,One year,No,Bank transfer,No,1,Yes,No,No
CUST02039,50.0,Female,3,73.81,3305.77,Month-to-month,Fiber optic,Bank transfer,No,2,Yes,Yes,No
CUST02040,55.0,Female,2,110.76,3242.57,One year,DSL,Credit card,No,1,Yes,Yes,No
CUST02041,58.0,Female,9,104.64,12017.13,One year,Fiber optic,Bank transfer,No,5,Yes,Yes,No
CUST02042,25.0,Female,0,69.04,747.82,Month-to-month,Fiber optic,Electronic check,No,0,Yes,Yes,Yes
CUST02043,28.0,Male,6,23.71,1797.79,Month-to-month,Fiber optic,Electronic check,No,0,Yes,Yes,Yes
CUST02044,39.0,Male,10,73.53,9091.46,Month-to-month,Fiber optic,Mailed check,No,2,No,No,No
CUST02045,68.0,Female,9,90.48,10124.27,Month-to-month,DSL,Mailed check,Yes,2,No,Yes,No
CUST02046,41.0,Female,1,53.92,901.5,Month-to-month,No,Credit card,No,0,Yes,No,No
CUST02047,,Male,3,31.11,,Two year,No,Mailed check,No,3,Yes,No,No
CUST02048,34.0,Male,8,47.86,5009.48,Month-to-month,Fiber optic,Bank transfer,No,2,No,Yes,No
CUST02049,29.0,Male,5,97.16,6148.42,Month-to-month,DSL,Bank transfer,No,0,Yes,Yes,No
CUST02050,63.0,Male,7,55.12,5246.74,One year,No,Credit card,Yes,3,Yes,No,No
CUST02051,49.0,Male,1,101.2,1555.7,Month-to-month,Fiber optic,Electronic check,No,5,Yes,Yes,No
CUST02052,32.0,Male,6,51.95,3938.44,Month-to-month,Fiber optic,Bank transfer,No,1,Yes,Yes,No
CUST02053,33.0,Male,5,36.36,2336.76,One year,Fiber optic,Bank transfer,No,2,No,Yes,No
CUST02054,39.0,Female,8,63.58,6704.76,One year,Fiber optic,Credit card,No,0,No,Yes,Yes
CUST02055,45.0,Male,6,65.23,5068.61,One year,DSL,Electronic check,No,1,Yes,Yes,No
CUST02056,37.0,Male,0,21.61,216.37,One year,Fiber optic,Mailed check,No,3,No,No,No
CUST02057,50.0,Male,7,31.7,2968.18,Month-to-month,Fiber optic,Bank transfer,No,0,Yes,No,No
CUST02058,27.0,Female,10,38.49,5050.83,Two year,Fiber optic,Electronic check,No,3,No,No,No
CUST02059,57.0,Female,9,31.36,3679.24,Month-to-month,DSL,Credit card,No,2,Yes,No,No
CUST02060,49.0,Female,2,54.15,1384.67,Month-to-month,DSL,Credit card,No,3,No,No,Yes
CUST02061,67.0,Male,1,116.46,2586.59,Month-to-month,DSL,Electronic check,Yes,2,Yes,Yes,Yes
CUST02062,50.0,Male,2,70.92,2504.81,Month-to-month,DSL,Credit card,No,3,Yes,Yes,No
CUST02063,19.0,Male,10,82.76,10918.57,Month-to-month,DSL,Mailed check,No,1,No,Yes,No
CUST02064,50.0,Female,5,55.64,3470.71,One year,Fiber optic,Electronic check,No,1,No,No,No
CUST02065,50.0,Female,2,52.35,1661.9,Month-to-month,DSL,Mailed check,No,0,Yes,Yes,Yes
CUST02066,58.0,Female,9,22.31,2480.74,Month-to-month,DSL,Credit card,No,2,No,Yes,No
CUST02067,30.0,Female,4,70.03,3633.69,One year,Fiber optic,Mailed check,No,0,No,No,No
CUST02068,47.0,Female,5,68.36,4730.61,One year,DSL,Mailed check,No,2,Yes,No,No
CUST02069,50.0,Female,7,35.78,3426.09,Month-to-month,Fiber optic,Mailed check,No,3,No,No,Yes
CUST02070,30.0,Male,6,96.43,7670.37,Month-to-month,Fiber optic,Mailed check,No,4,Yes,Yes,Yes
CUST02071,69.0,Female,10,69.27,9029.79,Month-to-month,DSL,Electronic check,Yes,1,No,No,No
CUST02072,43.0,Female,7,53.9,4586.77,Month-to-month,DSL,Credit card,No,0,Yes,No,No
CUST02073,,Female,2,34.69,881.23,One year,Fiber optic,Credit card,No,2,Yes,No,Yes
CUST02074,56.0,Female,3,,3276.88,Month-to-month,DSL,Bank transfer,No,2,No,Yes,Yes
CUST02075,19.0,Male,5,95.28,6219.77,Month-to-month,No,Mailed check,No,3,Yes,No,No
CUST02076,55.0,Male,10,48.2,6303.95,Month-to-month,Fiber optic,Mailed check,No,4,Yes,No,Yes
CUST02077,56.0,Female,6,41.88,3196.36,Two year,DSL,Bank transfer,No,3,No,No,Yes
CUST02078,43.0,Male,8,72.19,7345.52,Month-to-month,Fiber optic,Bank transfer,No,4,Yes,No,No
CUST02079,63.0,Male,0,35.53,241.85,One year,Fiber optic,Mailed check,Yes,3,No,No,Yes
CUST02080,67.0,Male,7,86.66,7626.38,Month-to-month,DSL,Credit card,Yes,0,No,No,Yes
CUST02081,32.0,Male,7,80.53,7649.82,One year,DSL,Bank transfer,No,2,Yes,Yes,No
CUST02082,51.0,Male,5,28.71,1898.01,Two year,Fiber optic,Mailed check,No,1,No,Yes,No
CUST02083,59.0,Male,3,23.65,985.39,Month-to-month,No,Credit card,No,1,No,No,Yes
CUST02084,61.0,Male,2,82.03,2817.51,Two year,DSL,Electronic check,Yes,0,Yes,Yes,No
CUST02085,66.0,Female,10,49.43,6150.66,One year,Fiber optic,Bank transfer,Yes,2,No,Yes,No
CUST02086,57.0,Male,2,28.64,973.53,One year,DSL,Bank transfer,No,2,Yes,Yes,No
CUST02087,,Female,5,95.94,5981.38,One year,Fiber optic,Credit card,No,0,No,No,No
CUST02088,20.0,Male,7,51.4,4472.35,Month-to-month,Fiber optic,Electronic check,No,0,Yes,No,Yes
CUST02089,23.0,Male,6,65.96,5504.97,Month-to-month,Fiber optic,Credit card,No,1,No,Yes,No
CUST02090,26.0,Male,10,43.68,5690.06,Two year,Fiber optic,Bank transfer,No,2,Yes,Yes,No
CUST02091,23.0,Female,0,82.73,435.73,Month-to-month,DSL,Electronic check,No,5,Yes,Yes,No
CUST02092,26.0,Male,10,50.15,6420.35,Two year,Fiber optic,Mailed check,No,5,No,Yes,Yes
CUST02093,56.0,Female,5,116.8,8336.33,One year,DSL,Bank transfer,No,2,Yes,No,No
CUST02094,48.0,Male,6,90.29,6801.59,Month-to-month,Fiber optic,Credit card,No,2,Yes,Yes,Yes
CUST02095,49.0,Male,6,33.67,2479.77,One year,No,Credit card,No,4,Yes,No,No
CUST02096,58.0,Female,8,61.67,6346.59,Two year,Fiber optic,Credit card,No,1,No,Yes,No
CUST02097,67.0,Male,10,58.54,7175.16,Month-to-month,DSL,Credit card,Yes,2,Yes,No,No
CUST02098,29.0,Male,10,73.42,9035.1,Month-to-month,Fiber optic,Credit card,No,1,No,No,No
CUST02099,25.0,Male,9,104.19,12378.49,One year,Fiber optic,Bank transfer,No,5,No,No,No
CUST02100,25.0,Female,4,78.34,3845.04,Two year,No,Electronic check,No,3,No,No,Yes
CUST02101,67.0,Male,0,26.16,261.21,One year,Fiber optic,Credit card,Yes,3,Yes,No,Yes
CUST02102,45.0,Male,1,85.54,1598.44,Month-to-month,Fiber optic,Credit card,No,3,No,No,No
CUST02103,37.0,Male,3,20.83,898.86,Month-to-month,Fiber optic,Mailed check,No,1,Yes,No,Yes
CUST02104,64.0,Female,4,98.0,5526.17,Two year,Fiber optic,Mailed check,Yes,1,No,Yes,No
CUST02105,24.0,Male,8,86.66,8817.3,Month-to-month,DSL,Electronic check,No,1,No,No,Yes
CUST02106,28.0,Female,10,50.88,6221.19,Month-to-month,DSL,Bank transfer,No,1,No,Yes,No
CUST02107,37.0,Male,0,49.24,104.93,Month-to-month,DSL,Bank transfer,No,4,Yes,Yes,Yes
CUST02108,33.0,Male,2,,3324.14,Month-to-month,DSL,Electronic check,No,1,No,Yes,No
CUST02109,21.0,Female,4,98.33,5057.25,Month-to-month,DSL,Electronic check,No,0,Yes,Yes,No
CUST02110,23.0,Female,2,55.23,1397.82,Month-to-month,Fiber optic,Electronic check,No,1,Yes,Yes,No
CUST02111,39.0,Female,3,49.89,2383.53,One year,Fiber optic,Credit card,No,0,No,Yes,No
CUST02112,43.0,Female,2,75.98,2718.89,Month-to-month,No,Bank transfer,No,4,No,Yes,No
CUST02113,20.0,Female,3,20.84,857.77,Month-to-month,Fiber optic,Electronic check,No,2,No,No,Yes
CUST02114,58.0,Male,0,28.27,36.21,Month-to-month,No,Mailed check,No,2,Yes,Yes,Yes
CUST02115,59.0,Male,7,32.62,3033.66,Two year,Fiber optic,Credit card,No,0,Yes,Yes,No
CUST02116,31.0,Female,3,38.54,1778.28,One year,DSL,Credit card,No,3,Yes,Yes,No
CUST02117,28.0,Male,6,71.2,5295.51,Month-to-month,Fiber optic,Credit card,No,1,No,Yes,Yes
CUST02118,35.0,Male,1,119.22,1727.5,Month-to-month,Fiber optic,Credit card,No,4,Yes,Yes,Yes
CUST02119,29.0,Female,1,85.26,1879.51,One year,Fiber optic,Electronic check,No,1,Yes,Yes,Yes
CUST02120,40.0,Female,5,26.13,1858.91,Two year,No,Credit card,No,4,Yes,No,Yes
CUST02121,29.0,Female,1,72.56,1574.43,Month-to-month,Fiber optic,Mailed check,No,1,Yes,Yes,Yes
CUST02122,30.0,Male,5,69.66,4403.08,Month-to-month,Fiber optic,Mailed check,No,2,No,Yes,Yes
CUST02123,42.0,Female,10,34.42,4320.63,One year,No,Electronic check,No,1,No,Yes,No
CUST02124,62.0,Male,1,112.03,2196.83,One year,Fiber optic,Credit card,Yes,3,No,Yes,No
CUST02125,68.0,Female,3,64.08,2483.95,One year,DSL,Mailed check,Yes,3,Yes,Yes,No
CUST02126,36.0,Female,6,119.46,8997.32,Month-to-month,Fiber optic,Bank transfer,No,1,Yes,No,Yes
CUST02127,63.0,Female,7,62.01,5463.81,Month-to-month,Fiber optic,Credit card,Yes,1,No,Yes,No
CUST02128,53.0,Female,2,80.8,2472.86,Month-to-month,Fiber optic,Electronic check,No,0,No,Yes,Yes
CUST02129,62.0,Male,8,30.48,3127.82,Month-to-month,No,Bank transfer,Yes,3,Yes,No,Yes
CUST02130,25.0,Male,1,65.42,1436.44,Two year,DSL,Credit card,No,1,Yes,Yes,Yes
CUST02131,46.0,Male,7,43.88,4093.26,Month-to-month,Fiber optic,Bank transfer,No,4,Yes,No,Yes
CUST02132,49.0,Female,7,103.56,9843.49,One year,No,Credit card,No,1,No,No,No
CUST02133,68.0,Male,3,98.39,4541.87,Month-to-month,Fiber optic,Credit card,Yes,4,Yes,No,No
CUST02134,61.0,Male,0,102.42,388.44,Month-to-month,Fiber optic,Mailed check,Yes,1,Yes,Yes,No
CUST02135,35.0,Male,0,92.36,428.94,Two year,Fiber optic,Bank transfer,No,5,No,Yes,No
CUST02136,23.0,Female,1,103.27,1910.98,One year,Fiber optic,Bank transfer,No,3,Yes,No,No
CUST02137,35.0,Male,8,40.08,3894.05,Two year,Fiber optic,Electronic check,No,2,Yes,No,Yes
CUST02138,36.0,Female,1,65.2,1495.88,Month-to-month,No,Electronic check,No,1,No,Yes,No
CUST02139,39.0,Female,1,89.18,1202.84,Month-to-month,DSL,Bank transfer,No,1,Yes,Yes,No
CUST02140,54.0,Male,5,83.74,5405.15,Month-to-month,Fiber optic,Mailed check,No,0,Yes,No,No
CUST02141,49.0,Male,6,91.64,7263.47,Month-to-month,DSL,Mailed check,No,3,Yes,No,Yes
CUST02142,58.0,Female,6,42.43,3339.08,Month-to-month,Fiber optic,Credit card,No,4,No,Yes,No
CUST02143,20.0,Female,8,29.84,3109.3,Two year,Fiber optic,Electronic check,No,3,No,No,No
CUST02144,45.0,Female,5,111.68,7460.53,Month-to-month,DSL,Electronic check,No,1,Yes,No,No
CUST02145,27.0,Male,7,76.02,6653.2,Two year,Fiber optic,Electronic check,No,0,Yes,No,No
CUST02146,68.0,Female,10,35.38,4359.24,Month-to-month,DSL,Credit card,Yes,0,Yes,No,No
CUST02147,52.0,Female,5,99.34,7051.13,One year,Fiber optic,Mailed check,No,1,No,No,Yes
CUST02148,46.0,Female,1,111.49,1773.1,Month-to-month,Fiber optic,Electronic check,No,4,Yes,Yes,Yes
CUST02149,32.0,Male,0,36.96,151.19,Month-to-month,DSL,Credit card,No,4,No,Yes,No
CUST02150,50.0,Female,4,101.74,5447.41,Two year,DSL,Bank transfer,No,0,Yes,Yes,No
CUST02151,24.0,Female,8,113.32,11165.85,Month-to-month,Fiber optic,Mailed check,No,4,No,Yes,Yes
CUST02152,29.0,Female,7,113.84,10311.63,One year,Fiber optic,Bank transfer,No,1,No,No,No
CUST02153,66.0,Female,3,111.42,4937.62,One year,DSL,Electronic check,Yes,1,Yes,Yes,Yes
CUST02154,47.0,Female,4,74.64,4302.7,Two year,Fiber optic,Credit card,No,1,No,No,No
CUST02155,38.0,Male,4,55.62,3160.66,One year,DSL,Mailed check,No,3,Yes,Yes,No
CUST02156,48.0,Male,5,20.73,1298.2,Month-to-month,Fiber optic,Electronic check,No,0,No,No,No
CUST02157,41.0,Female,2,26.09,783.14,One year,Fiber optic,Mailed check,No,2,Yes,No,Yes
CUST02158,37.0,Female,4,62.88,3107.81,Month-to-month,DSL,Credit card,No,1,No,Yes,No
CUST02159,54.0,Female,1,59.93,790.82,Month-to-month,DSL,Credit card,No,2,No,No,No
CUST02160,21.0,Female,9,38.47,4379.48,Month-to-month,Fiber optic,Electronic check,No,4,No,No,No
CUST02161,45.0,Female,0,59.55,225.25,Month-to-month,DSL,Mailed check,No,2,No,Yes,No
CUST02162,61.0,Female,10,37.47,4815.53,Month-to-month,DSL,Credit card,Yes,3,Yes,Yes,No
CUST02163,37.0,Male,0,104.88,940.42,Two year,Fiber optic,Mailed check,No,3,No,No,No
CUST02164,41.0,Female,9,49.82,5921.08,Month-to-month,Fiber optic,Mailed check,No,4,No,Yes,No
CUST02165,67.0,Female,6,79.86,6498.01,Two year,DSL,Bank transfer,Yes,2,No,No,No
CUST02166,66.0,Male,1,70.28,950.94,Month-to-month,Fiber optic,Electronic check,Yes,1,No,Yes,Yes
CUST02167,68.0,Male,3,25.19,1035.0,One year,Fiber optic,Electronic check,Yes,0,No,No,No
CUST02168,49.0,Male,4,114.22,5939.81,Month-to-month,Fiber optic,Mailed check,No,0,Yes,Yes,No
CUST02169,58.0,Male,6,72.72,5617.44,Month-to-month,Fiber optic,Bank transfer,No,2,Yes,Yes,No
CUST02170,53.0,Female,1,52.51,775.09,Two year,No,Mailed check,No,1,Yes,Yes,No
CUST02171,51.0,Male,5,35.81,2222.9,Two year,Fiber optic,Electronic check,No,1,No,No,No
CUST02172,53.0,Male,0,53.85,362.46,Month-to-month,DSL,Electronic check,No,1,Yes,Yes,No
CUST02173,19.0,Male,6,22.05,1784.38,Two year,DSL,Mailed check,No,2,Yes,Yes,No
CUST02174,32.0,Female,8,56.36,5902.08,One year,DSL,Mailed check,No,0,No,No,Yes
CUST02175,51.0,Female,4,73.15,3947.2,Two year,DSL,Mailed check,No,3,Yes,Yes,Yes
CUST02176,53.0,Female,4,107.19,5868.12,One year,DSL,Electronic check,No,2,No,No,No
CUST02177,23.0,Male,3,88.74,3787.39,Two year,Fiber optic,Mailed check,No,0,Yes,Yes,No
CUST02178,56.0,Female,2,31.16,1016.04,Two year,DSL,Mailed check,No,2,Yes,Yes,No
CUST02179,59.0,Male,8,34.77,3391.02,Month-to-month,Fiber optic,Credit card,No,2,Yes,Yes,No
CUST02180,68.0,Male,4,,3568.16,Month-to-month,Fiber optic,Electronic check,Yes,3,Yes,No,No
CUST02181,68.0,Male,7,39.57,3616.86,Month-to-month,No,Mailed check,Yes,0,No,Yes,No
CUST02182,29.0,Male,8,22.78,2259.3,One year,Fiber optic,Bank transfer,No,2,Yes,No,No
CUST02183,20.0,Female,4,100.5,4978.73,Two year,Fiber optic,Electronic check,No,5,No,Yes,Yes
CUST02184,62.0,Female,9,21.95,2418.75,One year,No,Mailed check,Yes,3,No,Yes,No
CUST02185,35.0,Female,8,103.07,10592.67,One year,No,Mailed check,No,1,Yes,No,No
CUST02186,57.0,Female,1,34.41,734.4,Month-to-month,Fiber optic,Credit card,No,4,No,No,Yes
CUST02187,38.0,Male,8,117.47,11827.02,Month-to-month,Fiber optic,Credit card,No,5,No,Yes,No
CUST02188,32.0,Male,10,80.39,10062.45,Month-to-month,Fiber optic,Electronic check,No,3,No,No,No
CUST02189,50.0,Male,3,93.5,4420.27,One year,Fiber optic,Credit card,No,3,No,No,Yes
CUST02190,52.0,Male,5,31.05,1966.8,Month-to-month,DSL,Credit card,No,2,Yes,Yes,No
CUST02191,43.0,Male,5,106.21,6600.02,Month-to-month,DSL,Electronic check,No,1,No,No,Yes
CUST02192,25.0,Female,5,103.92,6731.68,Month-to-month,DSL,Bank transfer,No,3,No,No,Yes
CUST02193,53.0,Female,1,85.3,1808.8,Month-to-month,DSL,Mailed check,No,2,Yes,Yes,No
CUST02194,65.0,Male,6,70.23,5610.45,Month-to-month,DSL,Mailed check,Yes,3,No,Yes,Yes
CUST02195,47.0,Male,5,92.15,6042.62,Month-to-month,Fiber optic,Credit card,No,3,No,No,No
CUST02196,40.0,Female,10,20.59,2709.9,Two year,DSL,Mailed check,No,0,No,No,No
CUST02197,59.0,Female,0,79.24,719.89,Month-to-month,Fiber optic,Credit card,No,1,No,No,Yes
CUST02198,61.0,Male,1,104.74,1432.89,Two year,Fiber optic,Electronic check,Yes,5,Yes,Yes,No
CUST02199,31.0,Female,6,55.69,4521.52,Month-to-month,Fiber optic,Electronic check,No,3,Yes,No,No
CUST02200,31.0,Female,0,30.83,38.98,Two year,No,Electronic check,No,2,Yes,Yes,Yes
CUST02201,19.0,Male,0,62.09,506.25,One year,DSL,Mailed check,No,1,No,Yes,No
CUST02202,54.0,Male,0,92.71,307.36,Two year,No,Credit card,No,1,Yes,No,No
CUST02203,22.0,Female,7,30.73,2847.47,Two year,DSL,Credit card,No,3,Yes,No,Yes
CUST02204,55.0,Female,3,40.6,1640.55,One year,No,Mailed check,No,2,No,No,No
CUST02205,62.0,Male,3,34.76,1619.92,Two year,DSL,Electronic check,Yes,3,No,No,No
CUST02206,58.0,Female,1,99.69,1665.43,One year,Fiber optic,Bank transfer,No,1,No,No,No
CUST02207,64.0,Female,10,26.29,3360.3,One year,DSL,Credit card,Yes,4,No,Yes,Yes
CUST02208,31.0,Female,10,88.66,11006.71,Month-to-month,Fiber optic,Credit card,No,1,No,No,Yes
CUST02209,56.0,Male,10,56.65,7426.22,Two year,DSL,Mailed check,No,2,Yes,No,No
CUST02210,42.0,Female,0,95.58,916.7,Two year,Fiber optic,Bank transfer,No,1,No,Yes,Yes
CUST02211,37.0,Female,9,116.44,13003.59,Month-to-month,Fiber optic,Electronic check,No,1,No,Yes,Yes
CUST02212,19.0,Male,8,31.45,3378.89,One year,No,Credit card,No,4,No,Yes,No
CUST02213,56.0,Male,6,51.44,3957.21,Two year,Fiber optic,Mailed check,No,1,Yes,Yes,No
CUST02214,23.0,Female,3,101.01,4461.66,One year,Fiber optic,Bank transfer,No,3,No,Yes,No
CUST02215,34.0,Male,5,46.62,3224.77,Two year,DSL,Mailed check,No,2,Yes,No,No
CUST02216,42.0,Male,1,41.51,550.09,Month-to-month,Fiber optic,Bank transfer,No,1,Yes,Yes,No
CUST02217,45.0,Female,6,102.54,8567.08,Month-to-month,DSL,Mailed check,No,1,No,Yes,No
CUST02218,19.0,Male,1,118.71,1993.0,Month-to-month,No,Bank transfer,No,1,Yes,Yes,No
CUST02219,52.0,Female,9,75.69,8408.22,Month-to-month,DSL,Credit card,No,1,No,No,No
CUST02220,54.0,Female,7,47.8,4510.3,Month-to-month,Fiber optic,Bank transfer,No,0,Yes,Yes,No
CUST02221,22.0,Male,7,59.86,5550.93,Month-to-month,Fiber optic,Electronic check,No,2,No,No,Yes
CUST02222,18.0,Female,0,37.01,72.32,Month-to-month,Fiber optic,Credit card,No,2,No,No,No
CUST02223,57.0,Female,7,96.19,8299.99,Month-to-month,Fiber optic,Electronic check,No,2,No,No,No
CUST02224,29.0,Female,1,97.35,2031.41,Month-to-month,DSL,Credit card,No,4,Yes,No,No
CUST02225,53.0,Female,5,107.51,6646.55,One year,DSL,Bank transfer,No,1,Yes,No,No
CUST02226,62.0,Female,0,22.66,251.28,Month-to-month,No,Credit card,Yes,3,Yes,Yes,No
CUST02227,40.0,Male,4,76.2,4355.36,Month-to-month,DSL,Mailed check,No,1,Yes,No,No
CUST02228,64.0,Male,10,41.43,5165.92,Month-to-month,Fiber optic,Bank transfer,Yes,1,No,No,No
CUST02229,48.0,Female,6,54.09,4164.51,Month-to-month,Fiber optic,Mailed check,No,4,Yes,Yes,No
CUST02230,28.0,Female,9,98.5,11285.29,Two year,Fiber optic,Mailed check,No,5,Yes,Yes,No
CUST02231,27.0,Male,0,39.2,194.85,Month-to-month,DSL,Mailed check,No,4,Yes,No,No
CUST02232,20.0,Female,1,83.83,1812.25,Two year,Fiber optic,Mailed check,No,3,Yes,Yes,Yes
CUST02233,31.0,Female,6,85.46,7154.89,Month-to-month,Fiber optic,Electronic check,No,0,Yes,No,Yes
CUST02234,33.0,Female,5,115.41,7782.07,Two year,Fiber optic,Bank transfer,No,4,Yes,Yes,No
CUST02235,27.0,Male,2,97.52,2916.47,Month-to-month,No,Mailed check,No,1,Yes,No,Yes
CUST02236,46.0,Female,9,100.36,11185.17,Month-to-month,DSL,Electronic check,No,4,Yes,No,No
CUST02237,27.0,Male,1,73.16,1476.94,Two year,Fiber optic,Credit card,No,5,Yes,No,No
CUST02238,29.0,Female,9,38.68,4507.82,Month-to-month,DSL,Mailed check,No,1,No,Yes,Yes
CUST02239,47.0,Female,3,62.56,2786.24,One year,DSL,Mailed check,No,2,No,Yes,Yes
CUST02240,58.0,Male,2,74.95,1896.0,Month-to-month,DSL,Electronic check,No,0,No,Yes,Yes
CUST02241,18.0,Male,6,87.84,7281.09,One year,DSL,Credit card,No,2,Yes,Yes,No
CUST02242,22.0,Female,7,80.77,7165.85,Two year,Fiber optic,Credit card,No,2,No,No,Yes
CUST02243,37.0,Female,1,59.4,1258.44,Two year,DSL,Electronic check,No,2,No,Yes,No
CUST02244,25.0,Female,9,46.53,5460.66,Month-to-month,Fiber optic,Mailed check,No,1,No,Yes,No
CUST02245,60.0,Male,6,36.82,2951.35,Month-to-month,DSL,Bank transfer,Yes,3,No,No,Yes
CUST02246,29.0,Female,7,89.38,7985.52,Two year,DSL,Electronic check,No,0,No,No,Yes
CUST02247,18.0,Male,5,84.54,5722.7,Two year,DSL,Bank transfer,No,2,No,Yes,No
CUST02248,37.0,Female,5,88.74,5452.38,Month-to-month,Fiber optic,Mailed check,No,2,No,No,Yes
CUST02249,45.0,Female,9,57.25,6720.05,One year,DSL,Mailed check,No,2,Yes,Yes,No
CUST02250,60.0,Female,0,46.24,96.89,Month-to-month,No,Credit card,Yes,1,Yes,Yes,Yes
CUST02251,54.0,Female,3,95.97,3969.73,Two year,DSL,Mailed check,No,4,Yes,Yes,No
CUST02252,64.0,Female,0,97.36,208.33,Month-to-month,Fiber optic,Credit card,Yes,2,No,No,Yes
CUST02253,54.0,Female,3,65.56,3029.38,One year,DSL,Credit card,No,2,Yes,No,No
CUST02254,29.0,Female,1,81.19,1546.94,One year,DSL,Mailed check,No,0,Yes,No,No
CUST02255,54.0,Male,10,57.35,7375.24,Two year,Fiber optic,Credit card,No,1,No,No,No
CUST02256,66.0,Female,4,90.19,5096.49,Two year,Fiber optic,Mailed check,Yes,2,No,No,No
CUST02257,66.0,Female,9,103.57,12247.95,Month-to-month,DSL,Credit card,Yes,1,No,Yes,No
CUST02258,61.0,Female,8,88.82,8745.06,One year,DSL,Credit card,Yes,3,No,Yes,No
CUST02259,45.0,Female,10,71.26,9139.59,Two year,DSL,Mailed check,No,0,Yes,No,No
CUST02260,64.0,Male,9,65.87,7596.55,One year,No,Bank transfer,Yes,0,Yes,Yes,No
CUST02261,32.0,Male,2,84.23,2134.38,One year,No,Electronic check,No,2,No,Yes,No
CUST02262,23.0,Female,7,87.98,7673.23,One year,Fiber optic,Mailed check,No,1,No,No,No
CUST02263,61.0,Female,2,75.87,2120.06,Month-to-month,Fiber optic,Credit card,Yes,1,No,No,No
CUST02264,37.0,Male,5,82.49,5097.73,One year,No,Electronic check,No,2,Yes,No,No
CUST02265,67.0,Male,3,29.66,1213.15,Month-to-month,Fiber optic,Bank transfer,Yes,1,No,Yes,Yes
CUST02266,31.0,Male,7,115.18,9824.77,Month-to-month,No,Mailed check,No,3,Yes,No,Yes
CUST02267,19.0,Female,10,99.08,12591.58,Two year,Fiber optic,Credit card,No,4,No,Yes,Yes
CUST02268,26.0,Male,5,57.39,3634.31,Month-to-month,DSL,Credit card,No,2,Yes,No,Yes
CUST02269,54.0,Male,7,76.28,6724.62,Month-to-month,Fiber optic,Mailed check,No,2,Yes,No,Yes
CUST02270,37.0,Female,0,24.73,272.41,Month-to-month,Fiber optic,Credit card,No,3,No,No,Yes
CUST02271,43.0,Female,5,24.12,1604.73,Month-to-month,Fiber optic,Electronic check,No,0,No,No,No
CUST02272,46.0,Female,0,45.08,178.48,Two year,DSL,Credit card,No,2,No,No,Yes
CUST02273,18.0,Male,0,88.97,674.67,One year,Fiber optic,Electronic check,No,1,Yes,Yes,No
CUST02274,52.0,Male,7,105.21,9176.25,Month-to-month,Fiber optic,Electronic check,No,2,Yes,Yes,Yes
CUST02275,23.0,Male,6,75.92,5604.29,Month-to-month,DSL,Mailed check,No,1,No,No,No
CUST02276,54.0,Male,2,73.21,1847.09,Month-to-month,Fiber optic,Credit card,No,3,No,No,No
CUST02277,22.0,Female,5,60.23,4304.45,Month-to-month,Fiber optic,Electronic check,No,3,Yes,Yes,Yes
CUST02278,50.0,Male,8,36.16,3795.74,One year,Fiber optic,Credit card,No,3,No,No,No
CUST02279,66.0,Female,6,31.84,2604.49,Month-to-month,No,Electronic check,Yes,1,No,No,No
CUST02280,68.0,Male,2,96.07,3438.35,One year,Fiber optic,Bank transfer,Yes,5,Yes,Yes,No
CUST02281,31.0,Male,5,112.75,8033.2,Month-to-month,Fiber optic,Mailed check,No,4,Yes,Yes,No
CUST02282,29.0,Male,10,65.83,8499.05,Month-to-month,Fiber optic,Mailed check,No,1,Yes,Yes,No
CUST02283,59.0,Female,3,85.94,3835.83,Month-to-month,Fiber optic,Mailed check,No,3,Yes,Yes,Yes
CUST02284,37.0,Male,2,111.45,3199.21,Month-to-month,No,Electronic check,No,2,Yes,Yes,No
CUST02285,67.0,Female,8,29.01,2847.16,Two year,Fiber optic,Bank transfer,Yes,4,No,No,No
CUST02286,41.0,Female,9,97.05,11190.93,Month-to-month,Fiber optic,Electronic check,No,1,Yes,Yes,No
CUST02287,60.0,Female,1,81.68,1579.59,Month-to-month,DSL,Mailed check,Yes,2,Yes,Yes,Yes
CUST02288,51.0,Female,0,79.86,916.36,Two year,DSL,Electronic check,No,0,No,Yes,Yes
CUST02289,42.0,Male,1,49.25,880.01,One year,DSL,Mailed check,No,0,No,Yes,No
CUST02290,67.0,Male,6,88.39,7124.14,Month-to-month,Fiber optic,Credit card,Yes,1,Yes,Yes,No
CUST02291,46.0,Female,9,99.48,11472.5,Two year,DSL,Electronic check,No,0,Yes,No,No
CUST02292,56.0,Female,0,31.29,92.13,Month-to-month,DSL,Credit card,No,2,Yes,No,Yes
CUST02293,48.0,Male,5,73.35,4952.06,One year,Fiber optic,Electronic check,No,3,Yes,Yes,Yes
CUST02294,64.0,Male,6,30.13,2378.5,Month-to-month,DSL,Mailed check,Yes,1,No,No,Yes
CUST02295,60.0,Female,8,107.26,10986.96,One year,DSL,Credit card,Yes,5,No,No,Yes
CUST02296,67.0,Male,7,70.76,6414.23,Month-to-month,DSL,Electronic check,Yes,4,Yes,No,No
CUST02297,40.0,Male,5,100.8,6330.63,Month-to-month,Fiber optic,Mailed check,No,0,No,No,No
CUST02298,61.0,Male,2,56.81,1709.88,One year,Fiber optic,Electronic check,Yes,5,No,No,No
CUST02299,55.0,Female,7,32.51,,One year,No,Credit card,No,1,Yes,Yes,Yes
CUST02300,37.0,Female,6,24.15,1892.97,One year,DSL,Electronic check,No,0,No,No,No
CUST02301,40.0,Female,2,48.15,1462.58,Two year,DSL,Electronic check,No,4,Yes,Yes,No
CUST02302,62.0,Female,8,44.42,4346.62,Month-to-month,DSL,Credit card,Yes,1,No,Yes,No
CUST02303,69.0,Female,1,76.04,1148.09,Month-to-month,No,Mailed check,Yes,3,Yes,No,Yes
CUST02304,33.0,Male,2,22.17,632.53,One year,Fiber optic,Electronic check,No,3,Yes,Yes,No
CUST02305,67.0,Male,1,72.06,1269.18,One year,Fiber optic,Electronic check,Yes,0,Yes,Yes,Yes
CUST02306,59.0,Male,0,59.18,445.82,Month-to-month,No,Bank transfer,No,2,No,No,No
CUST02307,25.0,Female,3,77.71,3613.27,Month-to-month,DSL,Bank transfer,No,2,No,Yes,No
CUST02308,67.0,Male,4,90.24,4579.75,One year,DSL,Mailed check,Yes,0,No,No,No
CUST02309,38.0,Female,5,83.41,5101.85,Two year,Fiber optic,Credit card,No,2,Yes,No,Yes
CUST02310,18.0,Female,4,118.46,6389.92,One year,Fiber optic,Mailed check,No,3,No,Yes,No
CUST02311,25.0,Female,0,33.83,194.63,Month-to-month,Fiber optic,Mailed check,No,4,No,No,No
CUST02312,46.0,Female,2,62.97,1956.54,One year,Fiber optic,Mailed check,No,0,Yes,No,Yes
CUST02313,49.0,Female,0,62.48,635.14,Two year,Fiber optic,Electronic check,No,1,Yes,No,No
CUST02314,55.0,Female,10,61.71,8011.56,Two year,No,Electronic check,No,2,Yes,No,Yes
CUST02315,22.0,Male,4,86.38,4327.68,Two year,Fiber optic,Mailed check,No,3,No,No,No
CUST02316,64.0,Female,4,68.98,4088.72,Two year,DSL,Mailed check,Yes,3,Yes,No,No
CUST02317,39.0,Male,10,71.74,8767.67,Month-to-month,Fiber optic,Bank transfer,No,1,Yes,No,No
CUST02318,64.0,Female,5,63.24,4299.07,Month-to-month,Fiber optic,Credit card,Yes,2,No,Yes,No
CUST02319,51.0,Male,7,119.17,11010.89,One year,Fiber optic,Mailed check,No,1,No,No,No
CUST02320,18.0,Female,9,112.76,13134.13,Month-to-month,DSL,Bank transfer,No,4,No,No,No
CUST02321,43.0,Female,0,50.77,,Month-to-month,DSL,Mailed check,No,2,Yes,No,No
CUST02322,60.0,Male,3,31.16,1266.15,Two year,DSL,Credit card,Yes,2,Yes,Yes,No
CUST02323,27.0,Female,9,103.98,11961.39,One year,No,Mailed check,No,3,No,Yes,No
CUST02324,47.0,Female,10,119.72,14748.96,Two year,DSL,Credit card,No,1,Yes,No,No
CUST02325,67.0,Male,0,49.26,60.27,Two year,Fiber optic,Electronic check,Yes,5,Yes,No,No
CUST02326,35.0,Male,8,55.78,5755.58,Month-to-month,Fiber optic,Credit card,No,2,No,No,No
CUST02327,34.0,Female,10,114.16,14397.64,Two year,No,Mailed check,No,3,No,Yes,No
CUST02328,43.0,Male,6,91.11,7309.21,Month-to-month,Fiber optic,Bank transfer,No,1,Yes,Yes,No
CUST02329,25.0,Male,6,49.56,3697.86,One year,No,Electronic check,No,2,No,No,No
CUST02330,64.0,Female,4,78.1,4549.34,Month-to-month,Fiber optic,Bank transfer,Yes,2,Yes,Yes,No
CUST02331,57.0,Male,6,114.42,8536.7,Month-to-month,No,Mailed check,No,1,No,No,Yes
CUST02332,66.0,Female,1,101.18,2307.39,Two year,DSL,Electronic check,Yes,1,No,No,Yes
CUST02333,29.0,Male,3,94.18,3950.35,Month-to-month,Fiber optic,Bank transfer,No,1,Yes,No,No
CUST02334,44.0,Female,6,93.7,7406.78,One year,No,Mailed check,No,1,Yes,Yes,Yes
CUST02335,25.0,Female,2,,1317.8,Month-to-month,DSL,Bank transfer,No,3,Yes,Yes,No
CUST02336,42.0,Female,1,102.47,1670.16,Month-to-month,No,Credit card,No,2,No,Yes,Yes
CUST02337,63.0,Male,9,47.61,5284.71,Month-to-month,Fiber optic,Credit card,Yes,3,Yes,No,No
CUST02338,21.0,Female,1,113.04,2023.79,One year,Fiber optic,Mailed check,No,3,No,No,No
CUST02339,50.0,Male,0,56.46,208.23,Month-to-month,DSL,Bank transfer,No,5,Yes,Yes,No
CUST02340,18.0,Female,4,105.77,5796.86,Month-to-month,Fiber optic,Mailed check,No,4,Yes,No,No
CUST02341,36.0,Female,5,46.62,2984.98,One year,DSL,Bank transfer,No,1,Yes,Yes,No
CUST02342,48.0,Female,5,71.45,5037.9,Month-to-month,DSL,Electronic check,No,2,Yes,Yes,No
CUST02343,33.0,Male,8,30.69,3181.96,Month-to-month,No,Mailed check,No,2,Yes,No,Yes
CUST02344,31.0,Female,3,86.01,3182.6,Two year,No,Mailed check,No,3,Yes,Yes,No
CUST02345,65.0,Female,0,103.61,1021.62,Month-to-month,DSL,Bank transfer,Yes,3,Yes,No,No
CUST02346,22.0,Male,5,91.84,5935.83,Month-to-month,Fiber optic,Mailed check,No,3,Yes,No,No
CUST02347,58.0,Female,4,72.33,3798.94,One year,Fiber optic,Electronic check,No,0,No,No,Yes
CUST02348,43.0,Female,9,24.51,2774.87,One year,Fiber optic,Bank transfer,No,1,No,Yes,Yes
CUST02349,45.0,Male,5,113.34,7699.51,One year,Fiber optic,Bank transfer,No,2,No,Yes,No
CUST02350,19.0,Male,2,90.55,2704.06,Two year,Fiber optic,Bank transfer,No,4,Yes,Yes,Yes
CUST02351,67.0,Male,1,94.59,1883.76,Month-to-month,Fiber optic,Electronic check,Yes,1,No,Yes,No
CUST02352,23.0,Female,5,99.47,6228.27,Two year,Fiber optic,Electronic check,No,4,No,No,No
CUST02353,26.0,Male,0,94.77,1106.14,Two year,Fiber optic,Mailed check,No,4,Yes,Yes,Yes
CUST02354,50.0,Female,6,64.11,5194.56,Two year,DSL,Bank transfer,No,3,Yes,Yes,No
CUST02355,58.0,Female,6,93.36,7072.23,Month-to-month,Fiber optic,Electronic check,No,2,No,No,No
CUST02356,42.0,Male,9,82.5,9649.68,Two year,Fiber optic,Credit card,No,2,No,No,No
CUST02357,65.0,Male,6,105.4,8360.88,Month-to-month,Fiber optic,Mailed check,Yes,2,No,No,Yes
CUST02358,30.0,Female,10,100.25,12250.66,One year,Fiber optic,Electronic check,No,3,No,No,No
CUST02359,26.0,Male,9,24.14,2678.58,Month-to-month,Fiber optic,Electronic check,No,2,Yes,Yes,Yes
CUST02360,30.0,Male,0,57.89,84.19,Two year,DSL,Electronic check,No,4,Yes,No,No
CUST02361,48.0,Female,3,23.47,1077.31,One year,Fiber optic,Mailed check,No,4,No,Yes,No
CUST02362,58.0,Male,6,30.21,2388.67,Month-to-month,Fiber optic,Electronic check,No,3,No,Yes,No
CUST02363,28.0,Male,10,80.14,9976.17,Two year,Fiber optic,Electronic check,No,2,No,Yes,No
CUST02364,21.0,Male,8,107.38,10565.1,One year,Fiber optic,Credit card,No,2,No,No,No
CUST02365,51.0,Female,4,31.98,1737.3,One year,Fiber optic,Credit card,No,1,Yes,No,Yes
CUST02366,55.0,Male,1,65.11,1222.63,Month-to-month,Fiber optic,Credit card,No,2,Yes,Yes,Yes
CUST02367,63.0,Male,6,111.09,8967.34,Two year,DSL,Electronic check,Yes,1,No,Yes,No
CUST02368,21.0,Female,9,101.43,12138.06,Month-to-month,DSL,Credit card,No,3,Yes,No,No
CUST02369,55.0,Female,0,71.97,416.3,Month-to-month,Fiber optic,Bank transfer,No,3,No,No,No
CUST02370,36.0,Female,6,97.16,7526.63,Month-to-month,DSL,Credit card,No,1,No,Yes,No
CUST02371,23.0,Female,5,72.27,4702.55,One year,Fiber optic,Credit card,No,2,No,Yes,Yes
CUST02372,51.0,Male,6,35.81,2939.86,One year,DSL,Electronic check,No,2,Yes,No,No
CUST02373,35.0,Female,9,32.47,3595.06,Month-to-month,Fiber optic,Bank transfer,No,3,Yes,No,No
CUST02374,30.0,Female,2,38.84,1117.89,Month-to-month,DSL,Credit card,No,7,No,Yes,No
CUST02375,58.0,Male,2,55.09,1816.58,One year,Fiber optic,Electronic check,No,0,No,No,Yes
CUST02376,40.0,Female,6,113.05,8272.17,Two year,Fiber optic,Bank transfer,No,5,Yes,No,No
CUST02377,36.0,Female,1,99.97,1617.83,One year,Fiber optic,Credit card,No,3,Yes,No,Yes
CUST02378,62.0,Male,0,63.28,509.78,Month-to-month,DSL,Electronic check,Yes,0,No,Yes,No
CUST02379,28.0,Female,8,69.31,6864.84,Month-to-month,Fiber optic,Bank transfer,No,1,No,No,No
CUST02380,18.0,Female,8,46.56,4671.36,Month-to-month,DSL,Credit card,No,1,No,No,No
CUST02381,41.0,Male,6,90.44,7085.66,Two year,DSL,Bank transfer,No,1,No,No,No
CUST02382,24.0,Male,6,100.28,7785.97,Month-to-month,DSL,Bank transfer,No,3,Yes,No,Yes
CUST02383,42.0,Male,2,43.89,1148.44,One year,DSL,Electronic check,No,1,Yes,No,No
CUST02384,38.0,Male,9,24.18,2885.17,Month-to-month,No,Mailed check,No,1,Yes,No,No
CUST02385,32.0,Male,1,82.39,1111.21,Month-to-month,Fiber optic,Bank transfer,No,2,Yes,No,No
CUST02386,18.0,Male,10,76.25,9855.1,Month-to-month,Fiber optic,Bank transfer,No,4,Yes,No,No
CUST02387,29.0,Male,6,60.21,4442.63,Two year,No,Bank transfer,No,2,Yes,Yes,No
CUST02388,24.0,Male,8,84.39,8619.62,Two year,DSL,Bank transfer,No,2,No,Yes,No
CUST02389,32.0,Male,0,75.06,219.89,Month-to-month,Fiber optic,Bank transfer,No,1,Yes,No,Yes
CUST02390,38.0,Male,3,45.06,1737.16,Month-to-month,No,Mailed check,No,4,No,Yes,No
CUST02391,36.0,Male,5,59.77,3728.74,Month-to-month,No,Electronic check,No,3,Yes,No,Yes
CUST02392,46.0,Male,6,62.81,4897.96,One year,DSL,Mailed check,No,1,Yes,No,Yes
CUST02393,42.0,Female,9,108.02,12386.69,One year,Fiber optic,Electronic check,No,2,Yes,Yes,No
CUST02394,50.0,Male,6,116.09,8644.9,Month-to-month,DSL,Mailed check,No,0,Yes,Yes,No
CUST02395,66.0,Male,9,109.3,13091.23,Month-to-month,Fiber optic,Electronic check,Yes,1,No,No,No
CUST02396,49.0,Male,1,91.92,1455.59,Two year,Fiber optic,Credit card,No,0,No,No,No
CUST02397,66.0,Male,3,78.5,3300.71,One year,Fiber optic,Bank transfer,Yes,4,No,No,Yes
CUST02398,52.0,Male,4,88.93,4569.13,Month-to-month,DSL,Electronic check,No,0,Yes,Yes,No
CUST02399,61.0,Female,0,113.91,732.8,One year,DSL,Electronic check,Yes,3,Yes,Yes,No
CUST02400,55.0,Female,0,45.0,419.23,Two year,DSL,Bank transfer,No,3,Yes,No,Yes
CUST02401,43.0,Female,9,73.51,8433.96,One year,DSL,Credit card,No,4,No,No,Yes
CUST02402,28.0,Female,2,88.96,2503.52,Month-to-month,DSL,Bank transfer,No,1,No,No,Yes
CUST02403,52.0,Male,9,87.92,9823.51,One year,No,Electronic check,No,0,Yes,Yes,No
CUST02404,25.0,Female,2,45.23,1508.34,One year,DSL,Electronic check,No,3,Yes,No,No
CUST02405,63.0,Female,7,78.67,6789.27,One year,DSL,Bank transfer,Yes,1,No,No,No
CUST02406,31.0,Male,8,99.59,10065.52,Two year,Fiber optic,Mailed check,No,2,Yes,No,No
CUST02407,27.0,Female,10,67.51,8281.2,Month-to-month,Fiber optic,Bank transfer,No,2,No,Yes,Yes
CUST02408,19.0,Female,0,99.33,381.2,One year,Fiber optic,Electronic check,No,3,Yes,No,Yes
CUST02409,63.0,Male,10,55.99,6868.83,Month-to-month,Fiber optic,Electronic check,Yes,1,No,No,Yes
CUST02410,26.0,Male,1,113.88,2591.28,Month-to-month,DSL,Electronic check,No,1,No,Yes,No
CUST02411,20.0,Female,9,73.39,8590.37,One year,Fiber optic,Credit card,No,4,No,Yes,No
CUST02412,38.0,Male,1,79.59,1525.76,Two year,Fiber optic,Bank transfer,No,1,No,Yes,Yes
CUST02413,43.0,Female,3,,913.31,Month-to-month,Fiber optic,Credit card,No,1,No,Yes,No
CUST02414,25.0,Male,1,37.03,689.22,Two year,No,Bank transfer,No,2,Yes,No,No
CUST02415,65.0,Female,6,83.29,6557.35,Month-to-month,No,Credit card,Yes,5,Yes,Yes,Yes
CUST02416,19.0,Female,8,61.99,6415.62,Month-to-month,No,Mailed check,No,1,No,Yes,No
CUST02417,23.0,Female,6,70.82,5216.67,Month-to-month,DSL,Electronic check,No,3,No,No,Yes
CUST02418,45.0,Male,5,26.3,1885.76,One year,Fiber optic,Electronic check,No,5,Yes,Yes,Yes
CUST02419,46.0,Male,9,103.41,11801.13,One year,No,Bank transfer,No,1,No,Yes,Yes
CUST02420,43.0,Female,0,98.45,1101.84,Month-to-month,Fiber optic,Electronic check,No,1,No,No,Yes
CUST02421,42.0,Male,10,38.54,,Month-to-month,DSL,Credit card,No,2,No,No,No
CUST02422,29.0,Male,9,83.43,9321.06,One year,Fiber optic,Mailed check,No,5,No,No,No
CUST02423,22.0,Female,8,101.83,9994.0,One year,DSL,Credit card,No,1,Yes,No,No
CUST02424,51.0,Male,4,84.09,4832.3,Month-to-month,Fiber optic,Credit card,No,4,Yes,Yes,No
CUST02425,65.0,Male,10,51.04,6355.57,Two year,No,Bank transfer,Yes,1,Yes,No,No
CUST02426,54.0,Female,4,85.61,4986.39,One year,Fiber optic,Electronic check,No,0,Yes,No,No
CUST02427,32.0,Female,5,41.05,2879.91,Month-to-month,Fiber optic,Credit card,No,0,No,No,Yes
CUST02428,61.0,Male,8,51.83,5408.24,Month-to-month,DSL,Bank transfer,Yes,2,Yes,Yes,No
CUST02429,53.0,Male,7,44.01,4063.16,One year,No,Credit card,No,1,Yes,No,No
CUST02430,32.0,Male,7,75.69,7016.6,Month-to-month,Fiber optic,Credit card,No,2,Yes,Yes,Yes
CUST02431,60.0,Female,7,30.82,2848.12,One year,Fiber optic,Credit card,Yes,3,No,Yes,No
CUST02432,65.0,Male,0,113.33,595.66,Month-to-month,Fiber optic,Bank transfer,Yes,2,No,No,Yes
CUST02433,40.0,Male,0,53.35,454.07,One year,DSL,Mailed check,No,1,Yes,Yes,No
CUST02434,23.0,Male,7,41.9,3975.11,Month-to-month,Fiber optic,Credit card,No,5,Yes,No,No
CUST02435,63.0,Male,4,69.65,3667.65,Two year,Fiber optic,Credit card,Yes,3,No,Yes,No
CUST02436,67.0,Male,8,47.7,5122.68,Two year,No,Bank transfer,Yes,0,No,No,Yes
CUST02437,61.0,Male,1,73.49,966.35,Two year,DSL,Electronic check,Yes,1,Yes,No,No
CUST02438,60.0,Female,8,54.85,5531.07,Month-to-month,DSL,Mailed check,Yes,2,Yes,No,No
CUST02439,62.0,Female,7,33.21,2871.11,Two year,Fiber optic,Bank transfer,Yes,2,Yes,Yes,No
CUST02440,38.0,Female,8,46.59,4584.12,Month-to-month,Fiber optic,Electronic check,No,2,No,No,No
CUST02441,40.0,Male,3,63.84,2934.71,One year,Fiber optic,Bank transfer,No,3,Yes,Yes,No
CUST02442,60.0,Male,0,23.03,255.68,Month-to-month,No,Bank transfer,Yes,1,Yes,Yes,No
CUST02443,33.0,Female,0,97.06,927.44,One year,DSL,Mailed check,No,0,Yes,No,No
CUST02444,64.0,Female,4,82.18,4909.66,Two year,DSL,Mailed check,Yes,3,Yes,Yes,No
CUST02445,32.0,Female,1,80.14,1232.52,Month-to-month,DSL,Mailed check,No,1,Yes,Yes,No
CUST02446,42.0,Female,7,74.6,6456.54,Month-to-month,No,Mailed check,No,1,No,No,Yes
CUST02447,53.0,Female,9,79.03,9066.93,Month-to-month,DSL,Electronic check,No,1,No,Yes,No
CUST02448,28.0,Male,10,113.47,14764.65,Month-to-month,Fiber optic,Credit card,No,3,No,Yes,Yes
CUST02449,68.0,Male,4,20.86,1031.28,Month-to-month,Fiber optic,Bank transfer,Yes,2,No,No,No
CUST02450,32.0,Male,4,24.78,1485.59,Two year,Fiber optic,Mailed check,No,5,No,No,No
CUST02451,21.0,Male,1,39.15,768.31,Month-to-month,DSL,Credit card,No,4,No,No,No
CUST02452,38.0,Male,6,36.73,3076.81,One year,Fiber optic,Electronic check,No,4,No,No,No
CUST02453,30.0,Female,7,38.12,3393.29,Month-to-month,Fiber optic,Mailed check,No,3,No,Yes,Yes
CUST02454,39.0,Female,9,87.19,9943.0,Month-to-month,No,Bank transfer,No,2,No,Yes,No
CUST02455,36.0,Male,0,65.95,611.75,Month-to-month,No,Credit card,No,2,Yes,No,No
CUST02456,51.0,Female,1,119.18,2588.55,Month-to-month,Fiber optic,Mailed check,No,5,Yes,Yes,No
CUST02457,31.0,Male,9,42.69,4762.64,One year,No,Bank transfer,No,3,No,No,No
CUST02458,,Male,3,51.08,,Month-to-month,DSL,Credit card,No,0,No,No,No
CUST02459,65.0,Female,4,118.42,6932.5,One year,Fiber optic,Bank transfer,Yes,1,Yes,Yes,Yes
CUST02460,69.0,Male,1,103.18,1362.0,Month-to-month,Fiber optic,Electronic check,Yes,1,Yes,No,No
CUST02461,63.0,Male,0,66.98,161.71,Two year,Fiber optic,Mailed check,Yes,2,Yes,Yes,Yes
CUST02462,44.0,Male,8,75.46,7731.41,Two year,DSL,Mailed check,No,2,No,Yes,No
CUST02463,46.0,Female,0,104.32,633.28,Month-to-month,Fiber optic,Bank transfer,No,1,Yes,Yes,No
CUST02464,64.0,Female,3,68.1,3050.36,Month-to-month,DSL,Credit card,Yes,1,No,No,No
CUST02465,45.0,Male,1,40.6,567.87,Month-to-month,Fiber optic,Mailed check,No,2,No,Yes,Yes
CUST02466,52.0,Male,10,102.84,13173.13,One year,DSL,Bank transfer,No,2,Yes,Yes,No
CUST02467,25.0,Female,3,73.78,3230.09,Month-to-month,Fiber optic,Electronic check,No,2,No,Yes,No
CUST02468,33.0,Female,7,35.3,3091.21,One year,Fiber optic,Mailed check,No,5,Yes,No,No
CUST02469,59.0,Female,7,70.56,6418.58,Month-to-month,Fiber optic,Bank transfer,No,4,Yes,Yes,Yes
CUST02470,53.0,Female,10,61.32,7569.6,Month-to-month,Fiber optic,Credit card,No,4,Yes,No,No
CUST02471,47.0,Male,8,107.68,10618.99,Month-to-month,DSL,Mailed check,No,0,Yes,Yes,No
CUST02472,35.0,Male,10,32.61,4151.4,Month-to-month,DSL,Mailed check,No,1,Yes,Yes,No
CUST02473,19.0,Male,4,107.52,6424.56,One year,Fiber optic,Electronic check,No,2,Yes,Yes,No
CUST02474,66.0,Female,6,71.22,5384.68,Month-to-month,No,Bank transfer,Yes,0,Yes,No,No
CUST02475,30.0,Female,2,60.44,1747.24,Two year,Fiber optic,Credit card,No,2,Yes,No,No
CUST02476,21.0,Male,9,36.2,4047.97,One year,Fiber optic,Electronic check,No,2,No,No,No
CUST02477,43.0,Female,3,90.08,3596.99,Month-to-month,No,Electronic check,No,2,Yes,Yes,No
CUST02478,42.0,Male,9,112.68,12783.11,Month-to-month,No,Electronic check,No,2,No,Yes,No
CUST02479,47.0,Female,8,57.54,6025.61,Month-to-month,Fiber optic,Bank transfer,No,2,Yes,Yes,No
CUST02480,28.0,Male,9,,4832.29,One year,Fiber optic,Bank transfer,No,0,No,No,No
CUST02481,24.0,Male,9,75.49,9023.2,Month-to-month,No,Mailed check,No,4,Yes,No,No
CUST02482,48.0,Male,0,99.62,150.33,Month-to-month,No,Bank transfer,No,9,No,No,No
CUST02483,61.0,Male,1,20.38,462.5,Month-to-month,Fiber optic,Electronic check,Yes,3,No,Yes,Yes
CUST02484,27.0,Female,4,83.14,4891.8,Month-to-month,Fiber optic,Bank transfer,No,0,No,No,Yes
CUST02485,56.0,Male,2,79.65,2450.78,Two year,Fiber optic,Credit card,No,4,No,Yes,No
CUST02486,30.0,Male,1,51.82,751.75,Two year,Fiber optic,Mailed check,No,0,Yes,Yes,No
CUST02487,48.0,Male,0,65.14,470.09,Month-to-month,No,Electronic check,No,2,No,Yes,No
CUST02488,24.0,Male,9,44.7,5181.4,One year,Fiber optic,Mailed check,No,1,No,Yes,No
CUST02489,66.0,Female,2,98.99,3408.76,Two year,DSL,Bank transfer,Yes,5,Yes,Yes,No
CUST02490,59.0,Male,0,83.45,589.14,Month-to-month,DSL,Mailed check,No,1,No,No,Yes
CUST02491,59.0,Male,0,73.27,404.29,One year,No,Mailed check,No,1,Yes,No,No
CUST02492,53.0,Female,0,59.25,605.61,Month-to-month,Fiber optic,Bank transfer,No,4,Yes,Yes,No
CUST02493,37.0,Male,7,49.14,4707.14,One year,Fiber optic,Mailed check,No,3,No,No,Yes
CUST02494,21.0,Male,2,102.27,3282.47,One year,DSL,Bank transfer,No,2,Yes,Yes,Yes
CUST02495,24.0,Male,10,65.14,8508.47,Two year,Fiber optic,Electronic check,No,2,Yes,Yes,No
CUST02496,18.0,Male,0,70.14,532.09,Month-to-month,DSL,Mailed check,No,0,Yes,No,Yes
CUST02497,61.0,Female,6,72.08,5808.76,One year,Fiber optic,Credit card,Yes,3,No,Yes,No
CUST02498,62.0,Female,9,64.84,7558.39,Month-to-month,Fiber optic,Credit card,Yes,0,No,No,No
CUST02499,59.0,Female,2,45.61,1493.85,Month-to-month,Fiber optic,Electronic check,No,2,No,Yes,No
CUST02500,64.0,Female,7,32.03,2835.65,Two year,No,Bank transfer,Yes,0,No,No,Yes
CUST02501,30.0,Female,3,29.85,1293.47,One year,DSL,Bank transfer,No,0,No,Yes,Yes
CUST02502,39.0,Female,3,95.75,4168.52,Month-to-month,DSL,Mailed check,No,1,Yes,Yes,No
CUST02503,38.0,Male,4,42.35,2221.93,One year,DSL,Mailed check,No,2,Yes,No,No
CUST02504,39.0,Male,5,25.57,1658.17,Month-to-month,DSL,Credit card,No,3,No,Yes,No
CUST02505,45.0,Male,6,99.75,8118.13,Month-to-month,DSL,Credit card,No,1,No,Yes,No
CUST02506,26.0,Male,3,35.41,1537.15,One year,Fiber optic,Bank transfer,No,1,Yes,No,No
CUST02507,43.0,Female,7,82.51,7148.78,One year,Fiber optic,Credit card,No,1,Yes,No,No
CUST02508,26.0,Male,5,53.86,3781.73,Month-to-month,No,Bank transfer,No,0,Yes,No,Yes
CUST02509,32.0,Male,0,32.65,349.82,One year,DSL,Electronic check,No,1,No,Yes,No
CUST02510,27.0,Female,0,61.45,376.54,Month-to-month,Fiber optic,Electronic check,No,1,Yes,Yes,Yes
CUST02511,41.0,Male,8,21.48,2132.92,Month-to-month,No,Credit card,No,1,No,No,No
CUST02512,59.0,Male,9,104.1,12432.0,Month-to-month,DSL,Mailed check,No,3,No,Yes,No
CUST02513,25.0,Female,5,71.35,5044.8,Two year,Fiber optic,Credit card,No,1,Yes,No,No
CUST02514,41.0,Male,9,33.92,3788.46,Two year,Fiber optic,Credit card,No,1,Yes,No,No
CUST02515,33.0,Male,7,43.7,3760.45,Month-to-month,Fiber optic,Credit card,No,2,No,Yes,No
CUST02516,66.0,Female,6,64.8,5044.5,Month-to-month,Fiber optic,Mailed check,Yes,1,No,Yes,No
CUST02517,43.0,Male,5,,2661.65,One year,DSL,Credit card,No,4,Yes,Yes,No
CUST02518,44.0,Male,3,46.86,1824.23,One year,Fiber optic,Mailed check,No,1,Yes,No,No
CUST02519,54.0,Male,6,73.44,5775.71,Month-to-month,Fiber optic,Credit card,No,4,No,Yes,No
CUST02520,21.0,Male,8,103.26,10499.43,Month-to-month,DSL,Mailed check,No,5,Yes,Yes,Yes
CUST02521,67.0,Male,10,60.18,7871.31,Two year,No,Mailed check,Yes,3,No,No,No
CUST02522,41.0,Female,9,91.7,10428.6,One year,Fiber optic,Mailed check,No,1,Yes,Yes,No
CUST02523,36.0,Male,9,107.67,12368.22,Month-to-month,Fiber optic,Mailed check,No,3,Yes,No,No
CUST02524,53.0,Male,6,41.63,3476.44,One year,No,Mailed check,No,1,No,Yes,No
CUST02525,56.0,Male,0,100.72,432.75,Month-to-month,Fiber optic,Electronic check,No,4,Yes,No,No
CUST02526,27.0,Female,9,95.74,10740.01,Month-to-month,DSL,Bank transfer,No,1,Yes,Yes,No
CUST02527,42.0,Female,8,55.69,5891.75,Two year,Fiber optic,Bank transfer,No,4,No,Yes,No
CUST02528,35.0,Female,3,118.95,4764.3,Month-to-month,Fiber optic,Mailed check,No,2,No,No,Yes
CUST02529,36.0,Male,2,46.26,1579.8,Month-to-month,Fiber optic,Bank transfer,No,2,Yes,Yes,Yes
CUST02530,53.0,Male,3,45.48,1730.55,Month-to-month,No,Mailed check,No,3,No,Yes,No
CUST02531,27.0,Male,3,97.23,3716.51,Two year,DSL,Credit card,No,3,Yes,Yes,No
CUST02532,50.0,Male,9,63.47,7547.51,One year,DSL,Electronic check,No,1,No,No,No
CUST02533,67.0,Male,10,53.08,6738.45,Month-to-month,Fiber optic,Credit card,Yes,3,No,Yes,No
CUST02534,22.0,Female,1,37.87,791.75,One year,Fiber optic,Credit card,No,4,No,No,Yes
CUST02535,64.0,Male,0,96.53,335.75,Month-to-month,DSL,Mailed check,Yes,0,Yes,Yes,Yes
CUST02536,66.0,Male,9,98.63,10931.07,Month-to-month,No,Credit card,Yes,3,Yes,No,No
CUST02537,52.0,Female,0,76.66,780.74,One year,DSL,Electronic check,No,0,Yes,No,No
CUST02538,61.0,Female,7,115.73,10293.59,Month-to-month,DSL,Credit card,Yes,3,No,Yes,No
CUST02539,51.0,Female,1,51.82,933.04,Two year,No,Electronic check,No,3,No,No,No
CUST02540,50.0,Female,9,41.96,4586.55,One year,Fiber optic,Electronic check,No,0,Yes,No,No
CUST02541,38.0,Female,4,87.75,4672.22,Month-to-month,No,Mailed check,No,1,Yes,No,No
CUST02542,34.0,Male,3,95.84,4358.31,One year,DSL,Electronic check,No,3,No,Yes,Yes
CUST02543,39.0,Male,7,42.49,3995.51,Month-to-month,DSL,Credit card,No,0,Yes,No,No
CUST02544,,Male,1,27.66,572.18,One year,Fiber optic,Mailed check,Yes,4,Yes,No,No
CUST02545,54.0,Male,9,101.05,11783.84,Month-to-month,No,Electronic check,No,0,Yes,Yes,No
CUST02546,32.0,Male,8,117.65,12067.2,Month-to-month,Fiber optic,Electronic check,No,0,No,No,No
CUST02547,52.0,Female,6,84.47,6666.51,One year,DSL,Bank transfer,No,3,Yes,Yes,No
CUST02548,45.0,Male,6,47.79,3879.06,Two year,Fiber optic,Mailed check,No,1,No,No,Yes
CUST02549,24.0,Male,0,119.67,445.21,Month-to-month,DSL,Bank transfer,No,0,Yes,Yes,Yes
CUST02550,49.0,Female,1,109.33,1699.72,Month-to-month,No,Electronic check,No,1,Yes,Yes,Yes
CUST02551,28.0,Female,3,71.34,3385.02,Month-to-month,DSL,Bank transfer,No,2,No,No,Yes
CUST02552,27.0,Male,3,102.53,3824.84,Month-to-month,No,Credit card,No,1,No,No,No
CUST02553,26.0,Male,10,101.58,12447.02,Month-to-month,Fiber optic,Credit card,No,1,No,No,No
CUST02554,31.0,Female,2,113.48,3548.93,One year,Fiber optic,Electronic check,No,1,Yes,Yes,No
CUST02555,30.0,Male,6,104.09,8443.38,Month-to-month,Fiber optic,Bank transfer,No,5,Yes,Yes,Yes
CUST02556,42.0,Female,7,84.37,7670.65,Two year,DSL,Bank transfer,No,3,Yes,Yes,No
CUST02557,19.0,Male,1,80.93,1368.18,Month-to-month,No,Mailed check,No,2,Yes,Yes,No
CUST02558,52.0,Female,3,66.74,3187.35,Two year,DSL,Credit card,No,2,Yes,No,Yes
CUST02559,24.0,Female,2,82.65,2706.16,Month-to-month,Fiber optic,Credit card,No,4,Yes,Yes,No
CUST02560,38.0,Female,1,99.52,2203.9,Two year,Fiber optic,Mailed check,No,2,No,Yes,No
CUST02561,35.0,Male,5,116.9,7182.65,Month-to-month,No,Credit card,No,0,No,No,No
CUST02562,20.0,Female,3,66.73,2642.18,One year,DSL,Bank transfer,No,2,Yes,Yes,No
CUST02563,59.0,Female,5,77.37,5038.02,Month-to-month,Fiber optic,Bank transfer,No,2,No,No,No
CUST02564,56.0,Male,1,64.48,967.76,Month-to-month,Fiber optic,Credit card,No,3,No,No,Yes
CUST02565,58.0,Male,3,86.85,3283.09,Month-to-month,DSL,Mailed check,No,4,Yes,No,No
CUST02566,66.0,Male,10,82.99,10247.27,Month-to-month,DSL,Electronic check,Yes,5,No,No,Yes
CUST02567,28.0,Female,5,21.78,1456.43,One year,Fiber optic,Electronic check,No,1,Yes,Yes,No
CUST02568,56.0,Female,4,74.12,4199.14,One year,DSL,Electronic check,No,0,No,No,No
CUST02569,41.0,Female,2,28.85,966.89,One year,Fiber optic,Electronic check,No,3,Yes,No,Yes
CUST02570,63.0,Male,7,22.64,1935.09,Month-to-month,Fiber optic,Bank transfer,Yes,1,No,Yes,No
CUST02571,36.0,Male,6,99.12,7702.4,Month-to-month,No,Electronic check,No,1,No,Yes,No
CUST02572,21.0,Female,2,45.86,1208.15,Two year,Fiber optic,Bank transfer,No,0,Yes,Yes,No
CUST02573,43.0,Male,5,54.07,3554.74,One year,Fiber optic,Bank transfer,No,3,Yes,Yes,No
CUST02574,55.0,Male,3,26.41,1103.24,Month-to-month,DSL,Electronic check,No,0,No,No,No
CUST02575,59.0,Female,10,37.95,4799.93,One year,Fiber optic,Electronic check,No,1,Yes,Yes,No
CUST02576,49.0,Female,4,96.56,5679.77,Two year,No,Electronic check,No,2,No,Yes,No
CUST02577,56.0,Male,10,69.35,9005.52,Two year,DSL,Credit card,No,0,Yes,No,No
CUST02578,62.0,Female,4,108.07,6052.34,Month-to-month,Fiber optic,Credit card,Yes,3,No,No,Yes
CUST02579,63.0,Male,6,59.72,4941.2,Two year,Fiber optic,Mailed check,Yes,3,No,No,No
CUST02580,53.0,Male,10,46.87,6021.07,Month-to-month,Fiber optic,Bank transfer,No,6,Yes,Yes,Yes
CUST02581,57.0,Female,4,54.76,3176.49,One year,Fiber optic,Electronic check,No,1,Yes,Yes,No
CUST02582,54.0,Female,10,91.28,11610.96,Month-to-month,DSL,Credit card,No,3,No,No,No
CUST02583,50.0,Male,2,75.5,2323.69,One year,Fiber optic,Mailed check,No,4,Yes,Yes,No
CUST02584,53.0,Male,9,110.42,12915.28,One year,DSL,Bank transfer,No,5,No,Yes,No
CUST02585,20.0,Female,4,80.22,3948.15,Month-to-month,Fiber optic,Bank transfer,No,2,Yes,Yes,No
CUST02586,26.0,Male,6,69.3,5585.17,Month-to-month,Fiber optic,Bank transfer,No,5,Yes,No,Yes
CUST02587,25.0,Male,4,98.58,5843.79,One year,No,Credit card,No,1,Yes,Yes,Yes
CUST02588,50.0,Male,4,114.75,6523.92,Month-to-month,DSL,Electronic check,No,1,Yes,Yes,No
CUST02589,23.0,Male,8,55.58,5413.75,Month-to-month,Fiber optic,Electronic check,No,3,No,No,No
CUST02590,58.0,Male,2,44.99,1311.76,Month-to-month,Fiber optic,Bank transfer,No,1,Yes,Yes,No
CUST02591,56.0,Female,5,81.62,5705.68,One year,DSL,Bank transfer,No,1,No,No,No
CUST02592,21.0,Male,0,69.89,806.86,Two year,Fiber optic,Mailed check,No,1,No,No,No
CUST02593,30.0,Male,9,118.92,13446.5,One year,DSL,Mailed check,No,3,No,Yes,No
CUST02594,66.0,Female,4,66.24,3858.69,Month-to-month,DSL,Bank transfer,Yes,1,Yes,Yes,No
CUST02595,19.0,Female,7,27.43,2592.19,Month-to-month,DSL,Mailed check,No,2,No,Yes,No
CUST02596,22.0,Female,4,117.74,5928.93,Month-to-month,DSL,Credit card,No,3,No,Yes,No
CUST02597,61.0,Male,8,104.36,11093.85,Two year,No,Bank transfer,Yes,3,Yes,Yes,No
CUST02598,44.0,Male,10,37.83,4712.36,Month-to-month,DSL,Mailed check,No,0,Yes,Yes,No
CUST02599,49.0,Female,5,110.46,7458.88,Month-to-month,No,Bank transfer,No,4,No,No,Yes
CUST02600,38.0,Female,7,54.07,4916.51,One year,Fiber optic,Electronic check,No,3,Yes,Yes,Yes
CUST02601,25.0,Female,9,57.71,6711.3,Two year,Fiber optic,Credit card,No,0,No,Yes,No
CUST02602,55.0,Female,7,110.64,10305.58,Month-to-month,Fiber optic,Bank transfer,No,0,No,No,No
CUST02603,25.0,Female,2,73.01,2179.33,Month-to-month,No,Electronic check,No,2,No,Yes,No
CUST02604,67.0,Male,6,33.78,2796.02,One year,Fiber optic,Bank transfer,Yes,1,No,No,No
CUST02605,20.0,Female,6,56.91,4661.18,One year,No,Electronic check,No,1,Yes,Yes,No
CUST02606,61.0,Male,9,92.21,10847.55,Month-to-month,Fiber optic,Mailed check,Yes,2,No,No,No
CUST02607,20.0,Male,5,37.42,2471.24,One year,DSL,Electronic check,No,2,Yes,Yes,Yes
CUST02608,39.0,Female,6,79.02,5801.12,Month-to-month,No,Credit card,No,0,Yes,Yes,Yes
CUST02609,23.0,Female,1,89.53,1648.68,Two year,No,Credit card,No,3,No,Yes,No
CUST02610,19.0,Female,8,54.39,5813.36,Month-to-month,DSL,Mailed check,No,1,No,No,No
CUST02611,40.0,Female,9,89.39,9930.78,Month-to-month,No,Bank transfer,No,2,No,No,No
CUST02612,61.0,Female,9,108.42,12989.64,One year,Fiber optic,Credit card,Yes,2,Yes,No,Yes
CUST02613,19.0,Male,0,67.21,664.34,One year,No,Mailed check,No,3,Yes,No,No
CUST02614,55.0,Female,0,58.29,513.43,One year,No,Credit card,No,3,Yes,No,No
CUST02615,34.0,Female,2,45.12,1464.09,One year,No,Mailed check,No,0,No,Yes,No
CUST02616,52.0,Male,2,80.42,2529.79,Month-to-month,No,Credit card,No,0,No,No,No
CUST02617,51.0,Female,0,107.99,964.07,Month-to-month,DSL,Mailed check,No,1,No,Yes,No
CUST02618,40.0,Female,6,52.47,4073.82,Month-to-month,DSL,Credit card,No,2,Yes,No,No
CUST02619,47.0,Female,3,59.62,2760.3,Two year,DSL,Bank transfer,No,3,Yes,Yes,Yes
CUST02620,69.0,Male,9,60.66,7076.58,Month-to-month,DSL,Electronic check,Yes,2,No,No,No
CUST02621,25.0,Female,1,76.08,1634.49,Month-to-month,Fiber optic,Credit card,No,2,No,Yes,Yes
CUST02622,39.0,Female,9,42.84,5043.01,Month-to-month,Fiber optic,Mailed check,No,2,Yes,Yes,Yes
CUST02623,61.0,Female,4,102.22,5112.31,Two year,Fiber optic,Bank transfer,Yes,4,No,No,No
CUST02624,53.0,Female,5,49.56,3053.49,Two year,Fiber optic,Credit card,No,2,No,Yes,No
CUST02625,22.0,Male,8,90.54,9580.11,Two year,No,Mailed check,No,2,No,No,No
CUST02626,30.0,Female,3,71.32,2842.33,Month-to-month,Fiber optic,Electronic check,No,0,Yes,Yes,No
CUST02627,46.0,Male,1,78.59,1524.78,One year,Fiber optic,Mailed check,No,2,Yes,Yes,Yes
CUST02628,48.0,Female,4,37.96,2045.32,Month-to-month,DSL,Credit card,No,4,No,No,No
CUST02629,64.0,Female,2,93.5,2360.17,Month-to-month,DSL,Mailed check,Yes,1,Yes,Yes,No
CUST02630,33.0,Female,1,38.86,522.4,Month-to-month,Fiber optic,Mailed check,No,6,Yes,Yes,No
CUST02631,59.0,Male,0,31.35,316.58,Month-to-month,Fiber optic,Electronic check,No,2,No,No,No
CUST02632,47.0,Female,9,74.67,8638.16,One year,Fiber optic,Credit card,No,1,No,No,No
CUST02633,33.0,Female,1,90.93,1706.05,Two year,Fiber optic,Credit card,No,0,No,No,Yes
CUST02634,29.0,Male,5,25.0,1784.7,Month-to-month,DSL,Electronic check,No,1,No,No,No
CUST02635,34.0,Female,7,26.94,2341.2,Two year,DSL,Bank transfer,No,3,No,Yes,No
CUST02636,33.0,Female,2,100.27,2791.28,Month-to-month,Fiber optic,Mailed check,No,2,Yes,No,Yes
CUST02637,29.0,Female,10,100.9,13048.8,Month-to-month,DSL,Mailed check,No,2,Yes,No,Yes
CUST02638,25.0,Female,8,44.53,4699.14,Month-to-month,Fiber optic,Mailed check,No,1,Yes,No,No
CUST02639,37.0,Male,8,81.52,8270.52,Month-to-month,No,Credit card,No,3,Yes,Yes,No
CUST02640,20.0,Male,1,64.32,1509.0,Month-to-month,DSL,Credit card,No,2,Yes,No,No
CUST02641,33.0,Male,7,83.27,7937.36,One year,Fiber optic,Mailed check,No,0,No,Yes,Yes
CUST02642,47.0,Female,9,106.29,11600.12,One year,Fiber optic,Credit card,No,0,No,No,No
CUST02643,62.0,Female,10,27.99,3439.85,Two year,Fiber optic,Electronic check,Yes,0,No,Yes,No
CUST02644,40.0,Female,4,97.8,5674.59,Month-to-month,DSL,Electronic check,No,4,No,Yes,No
CUST02645,45.0,Female,3,69.3,2819.64,One year,No,Credit card,No,3,Yes,Yes,No
CUST02646,68.0,Male,9,76.41,8408.93,One year,DSL,Mailed check,Yes,2,No,No,No
CUST02647,57.0,Female,4,85.39,4921.45,Two year,Fiber optic,Mailed check,No,1,No,No,Yes
CUST02648,22.0,Male,3,112.26,4714.97,Month-to-month,Fiber optic,Mailed check,No,1,No,No,Yes
CUST02649,37.0,Female,7,25.67,2320.99,Two year,DSL,Mailed check,No,1,No,Yes,No
CUST02650,57.0,Female,3,22.95,896.2,One year,DSL,Credit card,No,0,No,No,No
CUST02651,61.0,Male,9,37.83,4398.49,One year,DSL,Bank transfer,Yes,2,Yes,Yes,No
CUST02652,18.0,Female,5,118.64,7956.43,Month-to-month,Fiber optic,Bank transfer,No,0,No,No,No
CUST02653,47.0,Male,1,91.51,1397.67,Month-to-month,DSL,Mailed check,No,2,Yes,No,No
CUST02654,38.0,Male,4,81.46,4296.5,Month-to-month,No,Mailed check,No,2,Yes,No,No
CUST02655,37.0,Female,5,24.7,1668.87,Month-to-month,DSL,Mailed check,No,1,No,No,Yes
CUST02656,23.0,Male,4,107.91,6385.42,Month-to-month,No,Bank transfer,No,1,Yes,No,No
CUST02657,39.0,Male,1,101.28,2342.01,Two year,No,Electronic check,No,3,Yes,Yes,No
CUST02658,35.0,Female,6,86.48,6586.92,Month-to-month,Fiber optic,Bank transfer,No,3,No,Yes,Yes
CUST02659,25.0,Male,3,53.91,2430.9,Month-to-month,Fiber optic,Credit card,No,2,Yes,No,No
CUST02660,56.0,Male,7,27.05,2530.01,Month-to-month,DSL,Bank transfer,No,3,Yes,Yes,No
CUST02661,49.0,Female,6,78.0,6387.97,Month-to-month,No,Credit card,No,1,No,No,Yes
CUST02662,50.0,Male,6,91.97,7291.23,Month-to-month,Fiber optic,Mailed check,No,3,No,No,Yes
CUST02663,33.0,Female,8,29.42,2857.14,One year,No,Credit card,No,3,No,No,No
CUST02664,29.0,Male,0,83.38,781.97,Month-to-month,Fiber optic,Mailed check,No,3,Yes,No,Yes
CUST02665,55.0,Female,9,48.64,5358.79,One year,No,Electronic check,No,1,Yes,Yes,No
CUST02666,69.0,Female,5,96.42,6005.58,Month-to-month,Fiber optic,Mailed check,Yes,1,Yes,Yes,No
CUST02667,51.0,Female,5,73.96,5004.27,Two year,No,Mailed check,No,2,Yes,Yes,No
CUST02668,31.0,Female,5,32.9,2362.84,Two year,DSL,Electronic check,No,2,No,Yes,No
CUST02669,53.0,Female,5,72.65,4625.48,Month-to-month,Fiber optic,Mailed check,No,3,No,Yes,Yes
CUST02670,50.0,Male,9,59.57,6916.31,Two year,Fiber optic,Mailed check,No,1,Yes,No,No
CUST02671,40.0,Female,6,38.04,2903.98,Month-to-month,Fiber optic,Mailed check,No,2,Yes,No,No
CUST02672,67.0,Female,9,104.15,12381.98,Month-to-month,Fiber optic,Bank transfer,Yes,2,Yes,Yes,No
CUST02673,62.0,Male,5,21.1,1424.86,Month-to-month,Fiber optic,Credit card,Yes,2,Yes,Yes,No
CUST02674,19.0,Female,0,51.21,168.08,Month-to-month,DSL,Mailed check,No,1,No,No,Yes
CUST02675,58.0,Male,2,21.26,592.8,Two year,Fiber optic,Bank transfer,No,4,Yes,No,No
CUST02676,38.0,Male,1,29.6,525.62,Month-to-month,Fiber optic,Mailed check,No,3,No,No,Yes
CUST02677,19.0,Female,5,49.71,3099.04,Month-to-month,DSL,Credit card,No,0,No,Yes,No
CUST02678,44.0,Male,7,25.43,2183.57,Month-to-month,Fiber optic,Mailed check,No,2,No,No,No
CUST02679,26.0,Male,2,79.66,2587.41,One year,DSL,Credit card,No,1,Yes,Yes,No
CUST02680,18.0,Male,9,28.69,3255.71,Two year,DSL,Bank transfer,No,2,No,No,No
CUST02681,28.0,Female,7,90.17,8384.77,One year,Fiber optic,Bank transfer,No,2,No,No,No
CUST02682,20.0,Male,7,25.26,2177.68,Month-to-month,No,Mailed check,No,1,Yes,Yes,No
CUST02683,69.0,Female,4,25.93,1444.52,Month-to-month,Fiber optic,Electronic check,Yes,1,Yes,No,No
CUST02684,40.0,Female,7,50.53,4541.45,Month-to-month,No,Credit card,No,3,No,No,No
CUST02685,43.0,Male,5,109.66,6759.22,Month-to-month,Fiber optic,Mailed check,No,5,Yes,No,No
CUST02686,21.0,Female,4,84.14,4627.1,Month-to-month,Fiber optic,Bank transfer,No,2,Yes,Yes,No
CUST02687,35.0,Male,8,97.01,9498.33,Month-to-month,DSL,Mailed check,No,1,Yes,Yes,No
CUST02688,23.0,Male,6,34.16,2804.7,Two year,No,Credit card,No,1,Yes,No,Yes
CUST02689,52.0,Female,7,103.41,9508.71,Month-to-month,Fiber optic,Mailed check,No,3,No,Yes,No
CUST02690,39.0,Female,0,20.81,148.31,Two year,Fiber optic,Credit card,No,0,No,No,No
CUST02691,60.0,Female,10,41.31,5059.16,Two year,DSL,Bank transfer,Yes,1,Yes,Yes,No
CUST02692,32.0,Male,1,81.61,1318.98,Two year,No,Electronic check,No,2,No,Yes,No
CUST02693,39.0,Male,7,57.52,5201.05,Month-to-month,Fiber optic,Electronic check,No,3,No,Yes,No
CUST02694,54.0,Male,8,,12311.67,Two year,No,Bank transfer,No,2,No,No,No
CUST02695,69.0,Female,3,23.03,898.53,One year,DSL,Bank transfer,Yes,3,No,Yes,No
CUST02696,59.0,Male,9,119.86,13076.43,One year,DSL,Mailed check,No,3,Yes,Yes,No
CUST02697,29.0,Male,10,82.36,10277.9,Month-to-month,DSL,Bank transfer,No,0,Yes,Yes,No
CUST02698,64.0,Male,9,75.87,8672.82,Month-to-month,Fiber optic,Bank transfer,Yes,1,Yes,No,No
CUST02699,66.0,Male,8,25.95,2569.8,Two year,No,Credit card,Yes,0,No,No,No
CUST02700,59.0,Female,3,47.33,2007.45,Month-to-month,Fiber optic,Mailed check,No,2,Yes,No,No
CUST02701,55.0,Male,9,112.47,12677.99,Month-to-month,DSL,Credit card,No,4,Yes,No,No
CUST02702,35.0,Female,9,55.42,6318.21,Month-to-month,Fiber optic,Mailed check,No,1,Yes,Yes,No
CUST02703,62.0,Male,9,86.17,9721.87,Two year,Fiber optic,Mailed check,Yes,2,No,No,No
CUST02704,52.0,Male,8,119.95,12464.38,Month-to-month,DSL,Electronic check,No,2,No,No,No
CUST02705,47.0,Male,10,46.31,5625.36,Two year,No,Electronic check,No,2,No,No,No
CUST02706,41.0,Female,6,77.61,5811.43,Month-to-month,DSL,Bank transfer,No,1,No,No,No
CUST02707,59.0,Female,1,89.64,1592.03,Month-to-month,Fiber optic,Mailed check,No,2,No,No,Yes
CUST02708,47.0,Female,8,36.46,3679.52,Month-to-month,Fiber optic,Bank transfer,No,2,Yes,No,No
CUST02709,31.0,Male,3,34.87,1440.41,One year,DSL,Credit card,No,4,Yes,Yes,No
CUST02710,23.0,Male,7,65.63,6158.81,Month-to-month,Fiber optic,Bank transfer,No,1,No,No,No
CUST02711,20.0,Female,6,58.58,4847.47,Month-to-month,Fiber optic,Credit card,No,5,Yes,Yes,Yes
CUST02712,33.0,Male,6,91.42,6923.73,Month-to-month,Fiber optic,Electronic check,No,1,Yes,Yes,No
CUST02713,24.0,Male,7,26.95,2538.7,Month-to-month,Fiber optic,Electronic check,No,1,Yes,No,No
CUST02714,69.0,Female,0,117.22,708.79,One year,DSL,Credit card,Yes,6,Yes,Yes,Yes
CUST02715,31.0,Male,4,21.43,1114.62,Month-to-month,No,Credit card,No,1,No,Yes,No
CUST02716,26.0,Male,1,80.13,1910.3,Month-to-month,Fiber optic,Credit card,No,2,Yes,Yes,No
CUST02717,32.0,Male,1,76.26,1683.27,Month-to-month,Fiber optic,Bank transfer,No,1,No,Yes,Yes
CUST02718,38.0,Female,0,33.47,399.52,Month-to-month,Fiber optic,Credit card,No,4,No,No,No
CUST02719,52.0,Male,4,35.09,1784.33,Two year,DSL,Mailed check,No,4,No,Yes,No
CUST02720,19.0,Female,1,99.27,1447.58,Month-to-month,DSL,Credit card,No,1,No,No,Yes
CUST02721,44.0,Male,3,108.76,4626.34,Month-to-month,No,Electronic check,No,1,Yes,No,No
CUST02722,19.0,Female,2,48.3,1546.81,Month-to-month,No,Credit card,No,0,No,Yes,No
CUST02723,52.0,Female,2,63.8,1715.05,One year,Fiber optic,Electronic check,No,2,Yes,Yes,No
CUST02724,35.0,Female,1,55.5,1246.79,One year,DSL,Electronic check,No,1,Yes,Yes,No
CUST02725,31.0,Female,5,27.25,1821.72,Month-to-month,Fiber optic,Bank transfer,No,2,No,Yes,Yes
CUST02726,37.0,Male,1,87.32,1529.88,One year,Fiber optic,Credit card,No,3,No,No,No
CUST02727,35.0,Female,7,102.52,9393.15,One year,No,Electronic check,No,2,No,Yes,Yes
CUST02728,27.0,Male,7,50.49,4644.3,Month-to-month,DSL,Mailed check,No,4,No,Yes,No
CUST02729,42.0,Male,4,119.02,5887.99,Month-to-month,DSL,Credit card,No,5,No,No,No
CUST02730,19.0,Female,9,27.59,3310.77,Month-to-month,Fiber optic,Credit card,No,3,Yes,No,Yes
CUST02731,42.0,Male,6,86.18,6636.13,One year,DSL,Electronic check,No,3,Yes,No,No
CUST02732,50.0,Male,3,64.82,2442.22,Two year,No,Bank transfer,No,5,No,No,No
CUST02733,53.0,Male,0,64.66,670.88,Month-to-month,Fiber optic,Bank transfer,No,1,No,Yes,Yes
CUST02734,48.0,Male,10,65.76,8675.27,One year,No,Credit card,No,3,No,Yes,No
CUST02735,31.0,Female,1,45.87,1008.22,Month-to-month,DSL,Credit card,No,0,No,No,No
CUST02736,18.0,Male,9,91.56,10838.02,Two year,Fiber optic,Bank transfer,No,4,No,Yes,No
CUST02737,63.0,Male,9,92.16,10679.99,One year,Fiber optic,Bank transfer,Yes,2,No,No,No
CUST02738,33.0,Male,3,48.24,2274.3,One year,DSL,Mailed check,No,1,Yes,Yes,No
CUST02739,63.0,Male,0,103.53,144.23,Month-to-month,Fiber optic,Credit card,Yes,4,Yes,No,Yes
CUST02740,69.0,Male,7,51.68,4828.67,Month-to-month,Fiber optic,Credit card,Yes,3,No,No,No
CUST02741,20.0,Female,8,92.51,9655.99,One year,No,Credit card,No,4,No,No,Yes
CUST02742,52.0,Male,3,32.1,1205.21,Month-to-month,DSL,Bank transfer,No,2,No,Yes,Yes
CUST02743,58.0,Female,9,36.87,4239.45,Month-to-month,No,Electronic check,No,2,No,Yes,No
CUST02744,23.0,Male,2,51.58,1581.73,Month-to-month,No,Mailed check,No,3,Yes,Yes,No
CUST02745,42.0,Female,1,79.39,1635.98,Month-to-month,Fiber optic,Bank transfer,No,0,Yes,Yes,No
CUST02746,30.0,Male,4,84.55,4215.06,One year,Fiber optic,Bank transfer,No,4,No,Yes,No
CUST02747,51.0,Male,2,59.64,2019.3,Month-to-month,DSL,Mailed check,No,1,Yes,No,No
CUST02748,25.0,Female,9,27.78,3070.62,Month-to-month,Fiber optic,Credit card,No,0,No,No,No
CUST02749,38.0,Female,6,57.36,4451.44,Month-to-month,Fiber optic,Electronic check,No,2,Yes,No,No
CUST02750,51.0,Female,10,88.88,11616.1,Two year,Fiber optic,Mailed check,No,3,Yes,No,No
CUST02751,21.0,Male,5,87.1,5850.15,Two year,Fiber optic,Electronic check,No,1,No,No,No
CUST02752,42.0,Female,0,36.02,186.42,Month-to-month,No,Credit card,No,1,No,No,No
CUST02753,32.0,Female,7,20.78,1777.32,One year,Fiber optic,Electronic check,No,0,Yes,No,Yes
CUST02754,21.0,Female,1,95.3,1943.64,Month-to-month,No,Credit card,No,0,Yes,No,No
CUST02755,62.0,Male,4,30.64,1833.87,Month-to-month,Fiber optic,Bank transfer,Yes,3,Yes,Yes,Yes
CUST02756,29.0,Male,8,28.23,3021.45,One year,Fiber optic,Credit card,No,0,Yes,Yes,No
CUST02757,49.0,Male,7,20.27,1882.89,Month-to-month,Fiber optic,Mailed check,No,1,Yes,Yes,No
CUST02758,49.0,Female,1,63.26,895.65,Month-to-month,Fiber optic,Mailed check,No,2,No,Yes,Yes
CUST02759,45.0,Male,8,70.33,7007.25,One year,DSL,Credit card,No,6,No,Yes,No
CUST02760,30.0,Male,4,83.77,4276.91,Two year,DSL,Credit card,No,2,Yes,No,No
CUST02761,48.0,Male,9,49.61,5601.47,Two year,Fiber optic,Bank transfer,No,1,Yes,No,No
CUST02762,31.0,Male,5,91.04,5789.3,One year,No,Bank transfer,No,0,Yes,No,No
CUST02763,37.0,Female,2,36.93,1022.55,Month-to-month,Fiber optic,Credit card,No,4,No,No,No
CUST02764,35.0,Male,2,103.2,,Month-to-month,DSL,Electronic check,No,1,No,Yes,No
CUST02765,46.0,Female,9,77.18,8683.19,Two year,DSL,Bank transfer,No,2,No,Yes,No
CUST02766,23.0,Female,7,78.39,7247.06,Month-to-month,Fiber optic,Mailed check,No,2,Yes,Yes,No
CUST02767,49.0,Female,10,40.98,5385.87,One year,Fiber optic,Bank transfer,No,4,Yes,Yes,No
CUST02768,46.0,Female,9,27.41,3180.2,Month-to-month,No,Bank transfer,No,1,No,No,No
CUST02769,60.0,Female,9,66.47,7794.82,Month-to-month,Fiber optic,Bank transfer,Yes,4,No,No,Yes
CUST02770,19.0,Female,1,81.56,1734.57,Month-to-month,Fiber optic,Bank transfer,No,1,No,No,No
CUST02771,40.0,Male,10,29.5,3676.81,Two year,Fiber optic,Credit card,No,0,No,No,No
CUST02772,36.0,Female,1,115.05,1514.58,Month-to-month,Fiber optic,Bank transfer,No,1,Yes,No,No
CUST02773,48.0,Male,4,118.04,5855.44,One year,Fiber optic,Electronic check,No,1,No,No,No
CUST02774,68.0,Female,5,74.55,4778.85,Two year,DSL,Bank transfer,Yes,1,Yes,Yes,No
CUST02775,22.0,Male,1,115.01,2367.48,Two year,DSL,Bank transfer,No,0,Yes,No,No
CUST02776,36.0,Female,4,37.94,2237.46,Month-to-month,Fiber optic,Mailed check,No,4,Yes,Yes,Yes
CUST02777,51.0,Male,6,22.54,1883.14,Month-to-month,DSL,Bank transfer,No,4,Yes,No,No
CUST02778,27.0,Male,9,23.94,2616.27,Two year,DSL,Mailed check,No,5,Yes,Yes,No
CUST02779,42.0,Female,9,78.75,9441.41,Month-to-month,DSL,Mailed check,No,4,Yes,Yes,No
CUST02780,19.0,Female,7,26.16,2316.4,Month-to-month,No,Credit card,No,2,Yes,Yes,No
CUST02781,28.0,Female,6,115.85,9531.27,Month-to-month,DSL,Mailed check,No,3,No,Yes,No
CUST02782,67.0,Female,7,34.19,2973.96,Month-to-month,Fiber optic,Mailed check,Yes,3,No,No,No
CUST02783,48.0,Male,8,50.47,,Month-to-month,Fiber optic,Electronic check,No,2,No,Yes,Yes
CUST02784,32.0,Male,4,102.25,5435.81,One year,Fiber optic,Electronic check,No,2,No,No,Yes
CUST02785,26.0,Female,4,41.87,2447.23,One year,Fiber optic,Mailed check,No,1,Yes,No,No
CUST02786,40.0,Female,10,44.3,5467.91,Month-to-month,Fiber optic,Credit card,No,1,Yes,Yes,No
CUST02787,36.0,Male,9,84.23,9323.72,Two year,Fiber optic,Electronic check,No,3,Yes,Yes,Yes
CUST02788,26.0,Female,3,47.61,2238.04,Month-to-month,DSL,Electronic check,No,3,Yes,No,Yes
CUST02789,52.0,Male,8,41.74,4479.61,Month-to-month,Fiber optic,Credit card,No,1,No,No,No
CUST02790,38.0,Female,4,45.42,2231.85,Two year,No,Bank transfer,No,2,Yes,No,No
CUST02791,26.0,Female,1,69.06,1450.38,Month-to-month,No,Electronic check,No,1,No,Yes,No
CUST02792,45.0,Male,9,116.61,13107.11,One year,Fiber optic,Mailed check,No,1,Yes,No,No
CUST02793,63.0,Male,7,103.22,9199.15,One year,No,Mailed check,Yes,1,No,Yes,No
CUST02794,68.0,Female,6,48.46,3787.64,One year,No,Mailed check,Yes,2,No,Yes,No
CUST02795,24.0,Male,7,56.34,5053.4,Month-to-month,Fiber optic,Credit card,No,3,No,Yes,No
CUST02796,33.0,Female,2,66.45,2037.67,Month-to-month,Fiber optic,Mailed check,No,4,Yes,Yes,No
CUST02797,33.0,Male,3,117.89,5117.13,Month-to-month,Fiber optic,Bank transfer,No,0,No,Yes,No
CUST02798,50.0,Female,4,37.24,2015.49,Month-to-month,No,Credit card,No,1,No,Yes,No
CUST02799,21.0,Female,5,55.75,3830.98,Month-to-month,Fiber optic,Electronic check,No,1,Yes,No,Yes
CUST02800,21.0,Female,0,92.94,827.6,Two year,No,Credit card,No,1,Yes,No,No
CUST02801,56.0,Male,3,116.39,4870.22,Month-to-month,DSL,Mailed check,No,2,No,No,No
CUST02802,57.0,Male,10,35.57,4359.71,Two year,DSL,Credit card,No,2,Yes,Yes,No
CUST02803,34.0,Male,9,42.74,4959.85,Month-to-month,DSL,Credit card,No,0,No,No,No
CUST02804,54.0,Male,4,42.57,2447.88,One year,DSL,Credit card,No,1,Yes,Yes,No
CUST02805,56.0,Female,6,22.09,1767.62,Two year,No,Credit card,No,0,No,No,No
CUST02806,69.0,Male,4,80.41,4460.23,Two year,DSL,Bank transfer,Yes,2,Yes,No,No
CUST02807,46.0,Male,0,87.07,306.79,Month-to-month,Fiber optic,Credit card,No,1,Yes,No,Yes
CUST02808,69.0,Male,10,80.25,10279.74,Two year,DSL,Mailed check,Yes,1,No,No,No
CUST02809,53.0,Female,6,27.13,2080.42,Month-to-month,DSL,Electronic check,No,4,No,Yes,No
CUST02810,55.0,Male,7,26.92,2560.5,Month-to-month,DSL,Bank transfer,No,1,Yes,No,No
CUST02811,56.0,Male,6,41.04,3291.04,One year,No,Credit card,No,2,Yes,Yes,Yes
CUST02812,67.0,Female,10,49.03,6082.66,Two year,Fiber optic,Electronic check,Yes,0,No,Yes,No
CUST02813,54.0,Female,3,98.65,4163.25,Two year,Fiber optic,Bank transfer,No,3,Yes,Yes,Yes
CUST02814,69.0,Female,7,35.94,3389.59,Month-to-month,No,Mailed check,Yes,3,Yes,Yes,No
CUST02815,52.0,Female,4,24.41,1286.17,One year,No,Mailed check,No,3,No,No,No
CUST02816,24.0,Female,9,59.4,6817.92,Two year,Fiber optic,Electronic check,No,2,Yes,No,No
CUST02817,44.0,Female,8,61.64,6439.92,Month-to-month,DSL,Credit card,No,2,Yes,Yes,No
CUST02818,,Female,9,65.09,7635.05,One year,DSL,Electronic check,No,3,No,No,No
CUST02819,39.0,Male,4,102.69,5228.24,Month-to-month,DSL,Bank transfer,No,1,No,No,No
CUST02820,31.0,Female,0,29.8,215.06,Month-to-month,DSL,Electronic check,No,2,Yes,Yes,No
CUST02821,24.0,Female,8,90.39,9674.82,One year,Fiber optic,Electronic check,No,3,Yes,Yes,Yes
CUST02822,54.0,Female,4,53.79,3208.68,Month-to-month,DSL,Credit card,No,1,No,No,No
CUST02823,39.0,Female,5,51.0,3479.1,Month-to-month,No,Mailed check,No,0,No,No,No
CUST02824,22.0,Female,3,113.25,5415.65,Month-to-month,No,Credit card,No,5,No,No,No
CUST02825,19.0,Male,5,44.85,3017.42,One year,DSL,Mailed check,No,4,No,No,Yes
CUST02826,44.0,Male,7,84.25,7571.43,Month-to-month,No,Credit card,No,0,No,Yes,No
CUST02827,38.0,Male,2,47.51,1476.02,Month-to-month,Fiber optic,Mailed check,No,0,Yes,No,Yes
CUST02828,55.0,Male,4,70.71,3554.79,One year,DSL,Credit card,No,3,Yes,No,No
CUST02829,32.0,Male,1,98.63,1718.02,Month-to-month,Fiber optic,Mailed check,No,1,Yes,Yes,No
CUST02830,38.0,Male,1,108.17,1951.65,Two year,DSL,Mailed check,No,1,No,No,No
CUST02831,27.0,Male,6,103.87,8552.13,Month-to-month,DSL,Mailed check,No,3,No,Yes,No
CUST02832,40.0,Female,9,78.22,9178.74,Month-to-month,Fiber optic,Mailed check,No,4,No,Yes,No
CUST02833,56.0,Female,9,44.88,5188.83,Month-to-month,Fiber optic,Credit card,No,2,Yes,No,No
CUST02834,22.0,Female,10,86.12,10749.5,Month-to-month,DSL,Bank transfer,No,2,Yes,No,No
CUST02835,18.0,Female,9,90.99,10105.11,Two year,Fiber optic,Mailed check,No,5,No,Yes,No
CUST02836,30.0,Female,5,21.07,1365.87,Month-to-month,No,Mailed check,No,6,Yes,No,No
CUST02837,38.0,Female,3,63.92,2843.02,One year,Fiber optic,Mailed check,No,0,No,No,No
CUST02838,43.0,Male,4,104.33,5414.04,Month-to-month,Fiber optic,Mailed check,No,1,Yes,No,Yes
CUST02839,67.0,Female,0,68.96,392.78,One year,Fiber optic,Mailed check,Yes,0,Yes,No,Yes
CUST02840,62.0,Female,6,51.14,3950.79,Two year,Fiber optic,Electronic check,Yes,3,No,Yes,No
CUST02841,38.0,Female,7,107.18,10012.92,Month-to-month,DSL,Electronic check,No,1,No,Yes,No
CUST02842,35.0,Male,8,35.59,3798.22,One year,No,Mailed check,No,3,No,No,No
CUST02843,54.0,Male,7,40.64,3767.05,Two year,No,Mailed check,No,2,No,No,No
CUST02844,62.0,Male,4,88.74,4681.71,One year,DSL,Mailed check,Yes,1,No,Yes,No
CUST02845,49.0,Female,2,55.24,1644.22,Month-to-month,Fiber optic,Bank transfer,No,1,Yes,No,No
CUST02846,53.0,Female,9,91.3,10095.67,Month-to-month,Fiber optic,Credit card,No,1,Yes,No,No
CUST02847,34.0,Female,10,35.77,4394.31,Month-to-month,DSL,Mailed check,No,5,Yes,No,No
CUST02848,52.0,Male,8,45.23,4469.05,Two year,DSL,Bank transfer,No,2,No,Yes,No
CUST02849,66.0,Male,5,35.66,2226.48,One year,DSL,Bank transfer,Yes,3,No,No,No
CUST02850,28.0,Female,4,115.29,5876.95,Two year,No,Mailed check,No,3,No,Yes,Yes
CUST02851,38.0,Male,2,60.54,1648.48,Month-to-month,DSL,Credit card,No,1,Yes,Yes,No
CUST02852,69.0,Female,5,53.72,3343.01,Month-to-month,DSL,Electronic check,Yes,3,No,No,No
CUST02853,43.0,Male,2,21.42,686.36,Month-to-month,DSL,Mailed check,No,3,No,Yes,No
CUST02854,21.0,Male,9,35.34,4237.07,Month-to-month,Fiber optic,Mailed check,No,1,Yes,Yes,No
CUST02855,51.0,Male,5,62.11,4389.38,Month-to-month,No,Electronic check,No,2,Yes,No,Yes
CUST02856,69.0,Female,3,,1006.92,Month-to-month,Fiber optic,Credit card,Yes,4,No,Yes,No
CUST02857,65.0,Male,1,71.07,1254.64,Two year,DSL,Electronic check,Yes,5,Yes,Yes,No
CUST02858,35.0,Female,7,65.5,6186.63,Month-to-month,Fiber optic,Mailed check,No,0,Yes,No,No
CUST02859,57.0,Female,3,96.72,3721.92,Month-to-month,Fiber optic,Mailed check,No,0,No,Yes,No
CUST02860,52.0,Female,8,85.98,9141.75,Two year,Fiber optic,Bank transfer,No,1,Yes,No,No
CUST02861,58.0,Male,6,64.59,5136.18,Two year,Fiber optic,Electronic check,No,5,Yes,Yes,No
CUST02862,46.0,Male,1,42.47,987.18,Month-to-month,DSL,Bank transfer,No,1,No,No,No
CUST02863,69.0,Male,3,92.69,4322.73,Two year,DSL,Bank transfer,Yes,2,Yes,No,No
CUST02864,46.0,Female,4,90.79,5124.86,Month-to-month,DSL,Bank transfer,No,1,Yes,Yes,No
CUST02865,55.0,Male,2,35.33,1138.9,Month-to-month,No,Bank transfer,No,0,Yes,Yes,No
CUST02866,59.0,Male,8,111.48,11074.96,Two year,Fiber optic,Electronic check,No,4,No,No,No
CUST02867,38.0,Female,4,26.44,1329.52,One year,Fiber optic,Electronic check,No,3,No,No,Yes
CUST02868,59.0,Female,1,25.5,448.02,Two year,No,Electronic check,No,2,Yes,No,No
CUST02869,30.0,Female,10,38.74,4767.05,Two year,No,Mailed check,No,4,No,No,Yes
CUST02870,66.0,Male,2,110.95,2898.74,Month-to-month,DSL,Credit card,Yes,1,Yes,Yes,No
CUST02871,58.0,Male,8,72.0,7223.44,One year,DSL,Bank transfer,No,0,Yes,Yes,Yes
CUST02872,34.0,Female,6,98.79,8146.76,Month-to-month,No,Mailed check,No,1,No,Yes,No
CUST02873,26.0,Male,1,42.78,564.21,Month-to-month,No,Electronic check,No,2,No,Yes,No
CUST02874,58.0,Female,8,69.02,6917.12,Month-to-month,Fiber optic,Electronic check,No,3,No,No,No
CUST02875,18.0,Male,3,55.83,2326.13,Month-to-month,No,Mailed check,No,3,No,Yes,Yes
CUST02876,,Female,8,102.78,10546.9,Two year,DSL,Bank transfer,No,1,Yes,No,No
CUST02877,65.0,Male,1,22.26,333.84,Two year,DSL,Electronic check,Yes,5,Yes,Yes,Yes
CUST02878,46.0,Female,9,44.38,5308.13,One year,Fiber optic,Bank transfer,No,0,Yes,Yes,No
CUST02879,50.0,Female,3,35.26,1529.14,Month-to-month,No,Bank transfer,No,1,No,Yes,No
CUST02880,27.0,Female,4,105.92,5798.4,One year,Fiber optic,Credit card,No,1,No,No,No
CUST02881,67.0,Male,1,66.75,874.23,One year,Fiber optic,Electronic check,Yes,2,No,Yes,No
CUST02882,57.0,Male,9,60.42,6908.6,Two year,DSL,Mailed check,No,3,No,Yes,No
CUST02883,38.0,Male,0,64.95,663.42,Month-to-month,DSL,Credit card,No,0,Yes,Yes,No
CUST02884,45.0,Female,6,117.19,8838.01,Month-to-month,No,Bank transfer,No,0,Yes,Yes,Yes
CUST02885,28.0,Female,9,105.03,11854.03,Two year,DSL,Mailed check,No,0,No,No,No
CUST02886,51.0,Female,0,90.64,111.15,Two year,Fiber optic,Credit card,No,2,No,No,No
CUST02887,25.0,Female,10,49.05,6462.15,Month-to-month,Fiber optic,Credit card,No,1,Yes,Yes,Yes
CUST02888,39.0,Female,10,36.52,4445.7,Month-to-month,Fiber optic,Credit card,No,4,No,No,No
CUST02889,25.0,Female,7,112.14,10639.89,Two year,No,Bank transfer,No,1,No,No,No
CUST02890,66.0,Female,2,62.31,1772.27,One year,Fiber optic,Bank transfer,Yes,7,Yes,No,No
CUST02891,32.0,Female,9,47.88,5528.37,One year,Fiber optic,Electronic check,No,0,Yes,Yes,No
CUST02892,34.0,Female,5,67.09,4593.82,Month-to-month,DSL,Credit card,No,2,Yes,Yes,No
CUST02893,40.0,Male,6,111.78,8333.1,Month-to-month,Fiber optic,Mailed check,No,2,No,No,No
CUST02894,41.0,Female,9,58.71,6685.97,Month-to-month,Fiber optic,Bank transfer,No,3,No,No,No
CUST02895,62.0,Male,0,76.26,349.28,One year,DSL,Credit card,Yes,0,No,Yes,Yes
CUST02896,36.0,Female,5,100.3,6180.75,Month-to-month,No,Mailed check,No,3,No,Yes,No
CUST02897,22.0,Male,6,62.71,5152.58,Month-to-month,Fiber optic,Bank transfer,No,1,No,No,Yes
CUST02898,49.0,Female,5,43.35,2665.89,Month-to-month,DSL,Mailed check,No,1,Yes,No,No
CUST02899,61.0,Male,3,119.45,5278.0,Month-to-month,DSL,Mailed check,Yes,0,Yes,No,No
CUST02900,18.0,Female,0,115.66,515.25,Month-to-month,DSL,Electronic check,No,2,Yes,Yes,Yes
CUST02901,40.0,Female,10,104.35,12846.89,Month-to-month,Fiber optic,Bank transfer,No,2,Yes,Yes,Yes
CUST02902,54.0,Female,8,88.84,9269.38,Two year,No,Bank transfer,No,7,No,No,Yes
CUST02903,25.0,Male,3,49.49,2143.9,Month-to-month,Fiber optic,Bank transfer,No,0,Yes,No,Yes
CUST02904,30.0,Female,6,111.34,8513.93,Month-to-month,DSL,Bank transfer,No,1,Yes,No,Yes
CUST02905,25.0,Male,6,47.56,,Month-to-month,DSL,Electronic check,No,1,Yes,Yes,No
CUST02906,,Male,1,100.08,1572.12,Two year,DSL,Electronic check,No,1,Yes,Yes,Yes
CUST02907,60.0,Male,0,111.83,1174.29,Month-to-month,Fiber optic,Credit card,Yes,2,No,No,Yes
CUST02908,18.0,Male,7,80.3,7102.7,Month-to-month,DSL,Bank transfer,No,3,No,Yes,No
CUST02909,62.0,Male,7,100.31,8796.85,Month-to-month,DSL,Mailed check,Yes,2,Yes,Yes,No
CUST02910,68.0,Female,6,99.17,8059.56,One year,DSL,Electronic check,Yes,2,No,Yes,Yes
CUST02911,41.0,Male,7,39.32,3349.81,One year,Fiber optic,Mailed check,No,1,Yes,Yes,No
CUST02912,52.0,Male,2,86.79,2425.62,Month-to-month,Fiber optic,Mailed check,No,2,Yes,No,No
CUST02913,41.0,Male,10,29.35,3672.55,Month-to-month,No,Mailed check,No,3,Yes,Yes,No
CUST02914,34.0,Male,1,70.79,1607.26,Month-to-month,Fiber optic,Credit card,No,1,No,No,No
CUST02915,22.0,Female,6,36.22,3022.74,One year,Fiber optic,Credit card,No,1,Yes,No,No
CUST02916,37.0,Female,7,61.63,5724.27,One year,DSL,Bank transfer,No,4,No,No,Yes
CUST02917,38.0,Female,0,103.3,662.96,Month-to-month,DSL,Electronic check,No,2,No,Yes,Yes
CUST02918,57.0,Male,9,118.72,13777.08,One year,Fiber optic,Bank transfer,No,3,No,Yes,No
CUST02919,48.0,Male,8,51.8,5260.5,Month-to-month,DSL,Credit card,No,2,No,No,No
CUST02920,63.0,Male,10,73.2,9097.81,One year,Fiber optic,Credit card,Yes,0,Yes,No,No
CUST02921,53.0,Female,3,71.13,3375.66,One year,DSL,Mailed check,No,2,No,No,No
CUST02922,28.0,Male,3,115.44,4417.81,Two year,DSL,Bank transfer,No,0,Yes,No,No
CUST02923,69.0,Female,2,67.86,1955.07,Month-to-month,DSL,Mailed check,Yes,1,Yes,Yes,No
CUST02924,32.0,Male,5,89.91,6373.72,Month-to-month,No,Credit card,No,4,No,Yes,No
CUST02925,36.0,Male,0,112.18,1004.52,Month-to-month,DSL,Bank transfer,No,1,Yes,Yes,No
CUST02926,24.0,Female,5,57.34,3516.1,Month-to-month,DSL,Bank transfer,No,1,Yes,Yes,Yes
CUST02927,68.0,Male,1,110.21,1460.73,Month-to-month,DSL,Electronic check,Yes,4,No,No,Yes
CUST02928,45.0,Female,8,111.75,11474.67,Month-to-month,Fiber optic,Credit card,No,4,No,Yes,Yes
CUST02929,68.0,Male,1,113.07,2072.21,Month-to-month,Fiber optic,Credit card,Yes,4,No,No,No
CUST02930,60.0,Female,6,47.04,3663.14,Two year,DSL,Electronic check,Yes,2,No,Yes,No
CUST02931,22.0,Male,0,60.04,259.72,One year,Fiber optic,Credit card,No,1,Yes,Yes,No
CUST02932,22.0,Male,6,107.04,8975.63,Month-to-month,Fiber optic,Mailed check,No,2,Yes,No,Yes
CUST02933,47.0,Male,4,55.92,2907.38,Month-to-month,Fiber optic,Mailed check,No,2,No,No,No
CUST02934,49.0,Male,7,80.03,7233.95,Month-to-month,Fiber optic,Mailed check,No,0,No,No,No
CUST02935,25.0,Male,3,31.81,1318.65,Month-to-month,Fiber optic,Bank transfer,No,4,Yes,Yes,No
CUST02936,27.0,Female,9,25.63,2841.67,Month-to-month,Fiber optic,Mailed check,No,4,Yes,No,No
CUST02937,55.0,Female,6,61.2,4604.0,Month-to-month,DSL,Credit card,No,4,No,No,No
CUST02938,64.0,Male,5,77.89,5538.08,Two year,Fiber optic,Electronic check,Yes,0,No,Yes,No
CUST02939,49.0,Female,4,59.27,3463.8,One year,DSL,Mailed check,No,2,No,No,No
CUST02940,65.0,Female,3,77.77,3047.77,Month-to-month,No,Mailed check,Yes,0,No,No,No
CUST02941,45.0,Female,6,71.51,5909.03,Two year,DSL,Bank transfer,No,2,No,Yes,No
CUST02942,34.0,Female,4,88.57,4543.73,Month-to-month,Fiber optic,Credit card,No,0,No,No,Yes
CUST02943,48.0,Male,4,84.95,4748.03,Month-to-month,DSL,Electronic check,No,3,No,No,No
CUST02944,25.0,Female,0,62.42,118.23,Month-to-month,DSL,Credit card,No,1,Yes,No,Yes
CUST02945,57.0,Female,1,62.5,1417.75,One year,Fiber optic,Mailed check,No,2,Yes,No,No
CUST02946,42.0,Male,4,34.08,1689.23,Month-to-month,Fiber optic,Credit card,No,4,Yes,Yes,Yes
CUST02947,26.0,Male,2,71.32,2218.36,Month-to-month,Fiber optic,Electronic check,No,2,Yes,No,No
CUST02948,19.0,Male,1,78.72,1698.53,Two year,DSL,Mailed check,No,2,Yes,No,No
CUST02949,32.0,Male,3,67.65,2589.99,Month-to-month,Fiber optic,Credit card,No,3,Yes,Yes,Yes
CUST02950,67.0,Male,3,52.57,2178.99,One year,DSL,Electronic check,Yes,4,No,Yes,No
CUST02951,20.0,Male,3,92.16,3452.45,Two year,Fiber optic,Mailed check,No,2,No,Yes,No
CUST02952,66.0,Male,3,27.47,1222.7,Month-to-month,Fiber optic,Mailed check,Yes,0,No,No,No
CUST02953,53.0,Male,2,111.44,3162.88,Two year,Fiber optic,Credit card,No,1,No,Yes,No
CUST02954,21.0,Female,6,22.06,1746.12,One year,DSL,Bank transfer,No,4,No,No,Yes
CUST02955,31.0,Male,8,116.24,12467.91,Two year,Fiber optic,Bank transfer,No,4,Yes,Yes,No
CUST02956,58.0,Female,4,66.24,3468.62,Month-to-month,DSL,Electronic check,No,1,Yes,No,No
CUST02957,58.0,Male,3,61.27,2299.76,Two year,DSL,Credit card,No,1,Yes,No,No
CUST02958,42.0,Male,10,45.64,5861.63,Month-to-month,Fiber optic,Electronic check,No,2,Yes,Yes,No
CUST02959,67.0,Female,1,21.01,454.98,One year,DSL,Credit card,Yes,2,Yes,Yes,No
CUST02960,27.0,Male,1,47.48,1117.52,Month-to-month,DSL,Electronic check,No,3,Yes,Yes,No
CUST02961,38.0,Male,4,30.94,1569.77,Month-to-month,Fiber optic,Electronic check,No,3,Yes,Yes,Yes
CUST02962,53.0,Female,6,85.98,,Month-to-month,No,Credit card,No,4,Yes,No,Yes
CUST02963,29.0,Female,9,51.91,6140.2,Month-to-month,Fiber optic,Bank transfer,No,2,No,Yes,No
CUST02964,44.0,Female,9,96.72,11400.93,Month-to-month,DSL,Electronic check,No,4,Yes,No,No
CUST02965,57.0,Female,8,40.69,4226.58,Month-to-month,DSL,Credit card,No,1,No,No,Yes
CUST02966,19.0,Female,6,110.02,8357.46,Month-to-month,Fiber optic,Credit card,No,1,No,Yes,No
CUST02967,30.0,Female,4,72.3,3768.59,Month-to-month,Fiber optic,Credit card,No,0,No,No,No
CUST02968,49.0,Male,9,31.45,3470.95,Month-to-month,DSL,Mailed check,No,1,Yes,Yes,No
CUST02969,48.0,Male,9,60.08,7157.95,Month-to-month,Fiber optic,Credit card,No,3,Yes,Yes,No
CUST02970,33.0,Male,9,40.68,4511.5,Two year,DSL,Credit card,No,1,Yes,Yes,No
CUST02971,49.0,Male,5,39.97,2690.05,One year,DSL,Mailed check,No,3,Yes,Yes,No
CUST02972,49.0,Male,10,70.64,9001.5,Month-to-month,DSL,Mailed check,No,1,Yes,No,No
CUST02973,51.0,Female,2,87.19,2534.23,Month-to-month,Fiber optic,Bank transfer,No,4,Yes,Yes,Yes
CUST02974,28.0,Female,4,111.16,5877.89,One year,DSL,Credit card,No,1,No,No,No
CUST02975,27.0,Male,7,70.22,6485.13,Month-to-month,DSL,Electronic check,No,0,Yes,No,No
CUST02976,32.0,Female,0,116.58,614.53,Month-to-month,DSL,Mailed check,No,1,Yes,Yes,No
CUST02977,34.0,Male,0,114.16,434.52,Month-to-month,No,Mailed check,No,1,Yes,Yes,No
CUST02978,57.0,Female,6,106.51,8242.86,Two year,Fiber optic,Bank transfer,No,0,Yes,No,No
CUST02979,35.0,Male,4,70.0,4051.9,Month-to-month,DSL,Bank transfer,No,2,Yes,No,Yes
CUST02980,26.0,Male,4,34.09,2032.83,One year,Fiber optic,Bank transfer,No,6,Yes,Yes,Yes
CUST02981,42.0,Male,0,41.79,334.13,Month-to-month,DSL,Credit card,No,2,No,No,No
CUST02982,57.0,Female,8,84.77,8951.98,One year,Fiber optic,Credit card,No,3,Yes,Yes,No
CUST02983,31.0,Female,0,62.18,426.62,Month-to-month,Fiber optic,Credit card,No,2,Yes,No,No
CUST02984,42.0,Male,4,34.68,1937.68,Month-to-month,Fiber optic,Mailed check,No,0,Yes,No,No
CUST02985,67.0,Female,9,67.9,8139.1,Month-to-month,DSL,Bank transfer,Yes,3,No,No,No
CUST02986,39.0,Male,8,21.74,2213.62,Two year,No,Mailed check,No,2,No,Yes,No
CUST02987,69.0,Male,3,93.39,3523.49,Month-to-month,Fiber optic,Electronic check,Yes,0,No,No,Yes
CUST02988,47.0,Female,7,27.36,2613.62,Month-to-month,No,Credit card,No,6,No,Yes,No
CUST02989,37.0,Male,5,82.91,5780.79,One year,Fiber optic,Mailed check,No,2,Yes,No,No
CUST02990,38.0,Male,10,99.3,12450.37,One year,No,Electronic check,No,0,Yes,No,No
CUST02991,61.0,Male,2,33.26,1190.92,Month-to-month,Fiber optic,Mailed check,Yes,0,Yes,No,No
CUST02992,49.0,Female,3,,2931.95,Month-to-month,DSL,Electronic check,No,3,No,Yes,No
CUST02993,68.0,Male,1,97.91,1673.61,Month-to-month,Fiber optic,Mailed check,Yes,2,Yes,Yes,Yes
CUST02994,63.0,Male,0,46.06,354.99,Month-to-month,Fiber optic,Mailed check,Yes,2,Yes,Yes,No
CUST02995,66.0,Male,7,36.29,3194.17,Two year,No,Credit card,Yes,4,No,Yes,No
CUST02996,38.0,Male,0,53.68,466.17,Month-to-month,DSL,Mailed check,No,4,Yes,No,Yes
CUST02997,52.0,Female,10,75.47,9258.76,Two year,Fiber optic,Mailed check,No,1,No,No,No
CUST02998,49.0,Male,0,77.53,169.66,Month-to-month,No,Bank transfer,No,1,Yes,No,No
CUST02999,47.0,Male,3,33.09,1419.02,Month-to-month,No,Mailed check,No,2,No,No,No
CUST03000,56.0,Female,9,65.76,7569.66,Month-to-month,DSL,Credit card,No,3,Yes,No,No
CUST03001,66.0,Female,9,46.83,5159.41,One year,Fiber optic,Mailed check,Yes,5,No,Yes,Yes
CUST03002,29.0,Female,5,104.2,7461.34,Month-to-month,Fiber optic,Credit card,No,4,No,Yes,No
CUST03003,58.0,Female,8,51.36,5305.8,One year,DSL,Bank transfer,No,1,No,Yes,No
CUST03004,64.0,Female,0,103.87,,One year,No,Credit card,Yes,1,No,No,No
CUST03005,35.0,Female,6,62.86,4804.13,Month-to-month,Fiber optic,Bank transfer,No,3,No,No,No
CUST03006,38.0,Male,9,92.66,10915.59,Month-to-month,Fiber optic,Bank transfer,No,2,Yes,Yes,Yes
CUST03007,30.0,Male,10,71.01,9000.91,Month-to-month,No,Bank transfer,No,1,Yes,No,No
CUST03008,38.0,Female,4,82.2,4197.92,One year,DSL,Bank transfer,No,2,Yes,Yes,No
CUST03009,25.0,Male,7,59.54,5128.26,Month-to-month,No,Bank transfer,No,3,No,No,No
CUST03010,63.0,Female,6,96.82,7526.64,One year,Fiber optic,Credit card,Yes,3,No,Yes,No
CUST03011,57.0,Male,3,62.52,2545.29,Month-to-month,No,Bank transfer,No,4,Yes,Yes,No
CUST03012,63.0,Female,3,65.75,2907.14,One year,Fiber optic,Bank transfer,Yes,0,No,Yes,Yes
CUST03013,24.0,Female,5,71.77,5108.42,One year,DSL,Bank transfer,No,1,Yes,No,No
CUST03014,40.0,Male,5,103.18,6575.15,Month-to-month,Fiber optic,Bank transfer,No,1,Yes,Yes,Yes
CUST03015,61.0,Female,8,85.94,9144.67,Two year,Fiber optic,Bank transfer,Yes,1,No,Yes,No
CUST03016,49.0,Male,4,54.92,3247.15,One year,Fiber optic,Electronic check,No,0,Yes,Yes,No
CUST03017,28.0,Female,7,87.03,8261.06,Month-to-month,Fiber optic,Mailed check,No,4,No,No,No
CUST03018,39.0,Female,4,84.24,5009.99,One year,Fiber optic,Mailed check,No,0,No,Yes,Yes
CUST03019,39.0,Male,1,113.1,2517.97,One year,Fiber optic,Bank transfer,No,0,No,No,No
CUST03020,60.0,Female,5,104.14,7032.4,Month-to-month,Fiber optic,Bank transfer,Yes,3,Yes,Yes,No
CUST03021,42.0,Male,8,84.74,8601.81,Month-to-month,Fiber optic,Electronic check,No,3,Yes,No,No
CUST03022,39.0,Male,2,54.15,1646.62,Month-to-month,Fiber optic,Bank transfer,No,0,No,No,Yes
CUST03023,45.0,Male,0,97.96,1038.25,Two year,No,Electronic check,No,1,Yes,Yes,No
CUST03024,46.0,Male,0,77.52,334.53,One year,DSL,Mailed check,No,2,No,Yes,No
CUST03025,30.0,Male,2,118.53,3170.9,Month-to-month,No,Credit card,No,1,Yes,No,No
CUST03026,35.0,Female,9,,4947.07,Month-to-month,Fiber optic,Mailed check,No,1,No,No,No
CUST03027,19.0,Female,4,27.97,1624.97,Month-to-month,Fiber optic,Credit card,No,2,No,No,Yes
CUST03028,46.0,Male,2,,900.83,Month-to-month,Fiber optic,Credit card,No,1,Yes,Yes,Yes
CUST03029,38.0,Female,8,84.0,8607.82,Month-to-month,Fiber optic,Credit card,No,0,Yes,Yes,No
CUST03030,32.0,Male,7,113.93,10028.53,Month-to-month,DSL,Bank transfer,No,1,No,No,No
CUST03031,,Female,2,20.19,655.24,Two year,DSL,Electronic check,Yes,4,Yes,Yes,Yes
CUST03032,44.0,Male,8,92.58,9019.4,Two year,DSL,Credit card,No,4,No,Yes,No
CUST03033,67.0,Female,5,85.71,5764.04,Month-to-month,Fiber optic,Electronic check,Yes,0,Yes,Yes,No
CUST03034,48.0,Male,6,93.23,7214.39,Month-to-month,DSL,Mailed check,No,3,Yes,No,No
CUST03035,,Female,3,55.54,2652.39,Two year,DSL,Credit card,No,2,No,Yes,No
CUST03036,68.0,Male,3,102.05,4345.61,Month-to-month,DSL,Mailed check,Yes,4,Yes,Yes,Yes
CUST03037,40.0,Male,1,24.47,466.76,One year,DSL,Electronic check,No,0,Yes,No,No
CUST03038,41.0,Female,4,95.54,5430.11,Two year,No,Electronic check,No,1,Yes,No,Yes
CUST03039,61.0,Male,7,46.71,4219.31,One year,Fiber optic,Mailed check,Yes,1,Yes,No,No
CUST03040,30.0,Male,6,67.68,5107.83,Month-to-month,No,Electronic check,No,2,Yes,Yes,No
CUST03041,39.0,Female,6,102.26,8069.34,Two year,Fiber optic,Mailed check,No,0,Yes,Yes,No
CUST03042,60.0,Female,5,47.14,3365.18,Two year,No,Electronic check,Yes,2,No,Yes,No
CUST03043,54.0,Male,2,38.52,1136.69,One year,Fiber optic,Bank transfer,No,2,Yes,No,No
CUST03044,50.0,Male,4,88.13,4977.23,Month-to-month,Fiber optic,Mailed check,No,4,Yes,No,Yes
CUST03045,20.0,Male,0,73.34,862.36,One year,Fiber optic,Credit card,No,1,No,Yes,No
CUST03046,36.0,Male,6,71.44,5867.31,Month-to-month,DSL,Credit card,No,1,Yes,Yes,No
CUST03047,40.0,Female,8,45.68,4762.11,Month-to-month,Fiber optic,Credit card,No,3,No,Yes,Yes
CUST03048,46.0,Male,0,23.49,213.66,Month-to-month,No,Electronic check,No,0,Yes,No,No
CUST03049,47.0,Male,1,61.03,1422.08,Two year,Fiber optic,Mailed check,No,0,Yes,No,Yes
CUST03050,56.0,Female,2,30.66,1090.19,Two year,Fiber optic,Electronic check,No,1,Yes,Yes,Yes
CUST03051,61.0,Female,2,110.6,3943.85,One year,No,Credit card,Yes,3,No,No,No
CUST03052,64.0,Male,7,24.13,2217.11,Month-to-month,No,Bank transfer,Yes,2,Yes,No,No
CUST03053,42.0,Female,6,63.17,4878.73,Month-to-month,Fiber optic,Credit card,No,4,No,Yes,Yes
CUST03054,54.0,Female,5,25.22,1575.36,Two year,No,Credit card,No,7,Yes,Yes,Yes
CUST03055,64.0,Female,9,29.55,3346.27,One year,DSL,Credit card,Yes,2,Yes,Yes,No
CUST03056,25.0,Male,9,85.89,10252.9,Two year,DSL,Bank transfer,No,0,No,Yes,No
CUST03057,59.0,Male,10,84.71,11079.03,Month-to-month,DSL,Bank transfer,No,2,Yes,Yes,No
CUST03058,33.0,Male,3,23.31,996.74,One year,Fiber optic,Mailed check,No,1,No,Yes,No
CUST03059,25.0,Female,8,20.11,2069.46,Two year,DSL,Bank transfer,No,4,Yes,Yes,Yes
CUST03060,18.0,Male,0,27.88,122.62,Month-to-month,DSL,Mailed check,No,1,No,Yes,Yes
CUST03061,61.0,Male,10,96.3,12133.76,Month-to-month,DSL,Bank transfer,Yes,0,No,No,No
CUST03062,22.0,Male,1,78.46,1636.59,Month-to-month,DSL,Mailed check,No,2,No,Yes,No
CUST03063,20.0,Female,3,23.81,986.37,Two year,Fiber optic,Credit card,No,1,Yes,No,No
CUST03064,18.0,Male,2,68.81,1862.54,One year,DSL,Bank transfer,No,1,No,Yes,No
CUST03065,21.0,Male,0,91.2,633.79,One year,Fiber optic,Electronic check,No,1,No,No,No
CUST03066,57.0,Male,4,106.9,5503.07,Month-to-month,DSL,Electronic check,No,2,Yes,Yes,No
CUST03067,52.0,Male,6,113.4,9493.53,One year,DSL,Mailed check,No,1,No,No,No
CUST03068,49.0,Female,1,52.74,912.07,One year,No,Bank transfer,No,0,Yes,Yes,No
CUST03069,59.0,Male,4,33.58,1981.43,Month-to-month,No,Bank transfer,No,3,No,Yes,No
CUST03070,51.0,Male,5,43.69,2773.49,Two year,Fiber optic,Electronic check,No,3,No,No,No
CUST03071,60.0,Female,10,97.62,12015.2,Month-to-month,DSL,Bank transfer,Yes,0,No,No,No
CUST03072,42.0,Female,6,117.15,9346.92,Month-to-month,No,Bank transfer,No,5,No,No,No
CUST03073,27.0,Female,0,66.64,637.96,Month-to-month,Fiber optic,Mailed check,No,1,No,Yes,No
CUST03074,38.0,Female,6,50.54,4004.51,Month-to-month,Fiber optic,Credit card,No,3,No,No,Yes
CUST03075,63.0,Female,3,62.92,2487.09,One year,Fiber optic,Electronic check,Yes,2,Yes,No,No
CUST03076,56.0,Male,7,50.48,4311.84,Month-to-month,DSL,Credit card,No,0,Yes,Yes,No
CUST03077,44.0,Female,3,45.65,1999.52,Two year,Fiber optic,Bank transfer,No,2,Yes,Yes,No
CUST03078,44.0,Female,5,79.38,4956.6,Month-to-month,Fiber optic,Bank transfer,No,1,Yes,Yes,Yes
CUST03079,19.0,Female,8,21.57,2173.72,Month-to-month,Fiber optic,Mailed check,No,1,Yes,Yes,No
CUST03080,58.0,Male,4,45.96,2593.69,One year,DSL,Credit card,No,1,Yes,No,No
CUST03081,65.0,Male,3,86.14,3280.06,One year,No,Credit card,Yes,3,No,Yes,No
CUST03082,30.0,Male,7,23.21,2005.34,Month-to-month,DSL,Mailed check,No,2,No,Yes,No
CUST03083,26.0,Female,8,28.32,2766.25,Two year,Fiber optic,Credit card,No,3,No,No,No
CUST03084,69.0,Male,3,49.34,2366.19,One year,Fiber optic,Mailed check,Yes,4,Yes,Yes,Yes
CUST03085,53.0,Female,2,107.78,3153.41,Month-to-month,Fiber optic,Mailed check,No,1,Yes,No,Yes
CUST03086,39.0,Female,7,96.49,9163.05,Month-to-month,DSL,Bank transfer,No,0,No,No,No
CUST03087,59.0,Male,4,22.22,1160.54,Month-to-month,Fiber optic,Bank transfer,No,6,No,No,Yes
CUST03088,43.0,Male,1,70.17,1493.58,Two year,DSL,Bank transfer,No,2,Yes,No,No
CUST03089,29.0,Male,9,47.47,5288.62,Month-to-month,Fiber optic,Mailed check,No,3,Yes,Yes,No
CUST03090,34.0,Female,8,84.86,8696.59,Month-to-month,DSL,Bank transfer,No,0,No,Yes,Yes
CUST03091,31.0,Male,2,92.16,3139.96,Month-to-month,No,Electronic check,No,2,Yes,No,No
CUST03092,31.0,Male,1,106.29,2336.22,Month-to-month,No,Electronic check,No,4,Yes,No,No
CUST03093,51.0,Male,0,67.54,657.64,One year,Fiber optic,Bank transfer,No,3,Yes,Yes,Yes
CUST03094,37.0,Male,7,119.45,11235.6,One year,No,Mailed check,No,2,No,No,No
CUST03095,28.0,Male,10,118.0,14552.49,Month-to-month,DSL,Electronic check,No,2,Yes,Yes,Yes
CUST03096,33.0,Female,2,108.22,3279.54,Month-to-month,No,Bank transfer,No,1,No,Yes,No
CUST03097,68.0,Female,6,77.49,6070.07,Month-to-month,DSL,Electronic check,Yes,1,No,No,Yes
CUST03098,48.0,Male,0,59.8,645.57,One year,Fiber optic,Electronic check,No,0,Yes,Yes,Yes
CUST03099,23.0,Female,0,56.44,240.76,Two year,DSL,Electronic check,No,4,No,No,No
CUST03100,36.0,Female,8,21.21,2274.7,Month-to-month,No,Credit card,No,1,No,No,Yes
CUST03101,54.0,Female,7,44.92,4040.95,Month-to-month,Fiber optic,Electronic check,No,2,No,Yes,No
CUST03102,21.0,Male,2,91.88,2973.94,Month-to-month,Fiber optic,Bank transfer,No,1,No,No,No
CUST03103,64.0,Female,5,80.36,5139.64,Two year,No,Electronic check,Yes,1,No,Yes,No
CUST03104,21.0,Male,10,111.64,14012.3,Month-to-month,Fiber optic,Bank transfer,No,1,No,Yes,Yes
CUST03105,37.0,Female,2,25.0,820.2,Month-to-month,Fiber optic,Electronic check,No,3,Yes,Yes,No
CUST03106,27.0,Male,3,35.53,1515.01,Month-to-month,DSL,Electronic check,No,0,Yes,No,Yes
CUST03107,41.0,Female,0,98.92,1111.64,Month-to-month,No,Credit card,No,3,Yes,Yes,Yes
CUST03108,52.0,Female,4,55.85,3189.5,One year,No,Electronic check,No,2,No,No,No
CUST03109,43.0,Male,0,31.83,229.44,Month-to-month,No,Bank transfer,No,2,Yes,Yes,No
CUST03110,54.0,Male,0,119.65,1286.64,Month-to-month,DSL,Credit card,No,1,Yes,Yes,No
CUST03111,55.0,Female,9,98.73,11484.38,One year,DSL,Credit card,No,2,No,No,No
CUST03112,38.0,Male,10,60.87,7798.7,Month-to-month,Fiber optic,Electronic check,No,4,No,No,No
CUST03113,57.0,Male,10,102.33,12659.25,One year,DSL,Electronic check,No,2,Yes,Yes,Yes
CUST03114,56.0,Male,6,88.06,6810.86,Month-to-month,DSL,Mailed check,No,2,Yes,No,No
CUST03115,38.0,Male,5,99.0,6783.12,One year,Fiber optic,Electronic check,No,2,Yes,No,No
CUST03116,27.0,Female,1,101.52,2315.64,Month-to-month,No,Mailed check,No,2,No,No,No
CUST03117,55.0,Male,10,28.47,3543.69,Two year,No,Bank transfer,No,1,Yes,No,No
CUST03118,63.0,Female,1,82.3,1264.98,Month-to-month,DSL,Electronic check,Yes,2,Yes,No,No
CUST03119,21.0,Female,10,20.68,2637.33,Month-to-month,DSL,Electronic check,No,3,No,No,No
CUST03120,62.0,Male,6,24.35,1795.55,Two year,DSL,Mailed check,Yes,4,No,Yes,No
CUST03121,37.0,Male,0,110.4,978.14,Two year,Fiber optic,Mailed check,No,1,No,No,Yes
CUST03122,34.0,Male,1,72.76,1508.64,Month-to-month,Fiber optic,Credit card,No,1,Yes,No,No
CUST03123,24.0,Male,7,93.59,8320.58,Two year,Fiber optic,Credit card,No,2,No,No,No
CUST03124,21.0,Female,5,103.85,7354.6,Month-to-month,No,Electronic check,No,1,No,Yes,Yes
CUST03125,46.0,Female,1,114.96,2129.52,One year,Fiber optic,Bank transfer,No,2,No,No,No
CUST03126,31.0,Male,6,106.94,8566.26,Month-to-month,Fiber optic,Credit card,No,2,No,Yes,No
CUST03127,20.0,Female,3,68.33,2685.74,Month-to-month,Fiber optic,Credit card,No,3,No,No,No
CUST03128,41.0,Male,1,53.6,942.86,Month-to-month,Fiber optic,Credit card,No,2,Yes,Yes,No
CUST03129,54.0,Female,5,35.45,2498.75,One year,Fiber optic,Mailed check,No,2,Yes,Yes,No
CUST03130,33.0,Female,10,60.03,7404.24,Month-to-month,No,Electronic check,No,1,Yes,Yes,No
CUST03131,69.0,Female,8,56.65,5738.44,Month-to-month,Fiber optic,Mailed check,Yes,2,Yes,Yes,Yes
CUST03132,21.0,Male,10,75.96,9456.93,Two year,No,Bank transfer,No,5,Yes,Yes,No
CUST03133,41.0,Male,8,86.55,8539.21,Month-to-month,DSL,Mailed check,No,0,No,No,Yes
CUST03134,51.0,Female,7,117.83,10391.06,Month-to-month,DSL,Electronic check,No,1,Yes,No,No
CUST03135,47.0,Male,2,92.84,2558.72,One year,No,Mailed check,No,3,No,No,No
CUST03136,35.0,Male,2,84.37,2966.41,Month-to-month,Fiber optic,Bank transfer,No,3,Yes,Yes,Yes
CUST03137,36.0,Female,1,53.51,1131.84,Month-to-month,Fiber optic,Electronic check,No,1,Yes,Yes,No
CUST03138,48.0,Male,4,23.45,1230.59,Month-to-month,Fiber optic,Electronic check,No,1,Yes,No,No
CUST03139,36.0,Male,3,48.81,2215.81,Month-to-month,DSL,Electronic check,No,2,No,No,Yes
CUST03140,66.0,Female,6,96.84,7092.9,Two year,Fiber optic,Electronic check,Yes,3,Yes,No,Yes
CUST03141,63.0,Female,3,40.53,1734.35,Month-to-month,No,Bank transfer,Yes,0,No,No,Yes
CUST03142,36.0,Female,8,91.22,9099.53,Month-to-month,No,Electronic check,No,4,Yes,No,No
CUST03143,39.0,Female,1,77.98,1111.8,Month-to-month,Fiber optic,Bank transfer,No,1,No,No,Yes
CUST03144,41.0,Male,10,37.19,4861.53,Month-to-month,Fiber optic,Bank transfer,No,4,Yes,Yes,Yes
CUST03145,62.0,Male,5,46.16,2916.98,Month-to-month,No,Mailed check,Yes,1,No,No,Yes
CUST03146,29.0,Female,6,69.63,5712.88,One year,Fiber optic,Mailed check,No,5,No,Yes,No
CUST03147,47.0,Female,3,61.84,2569.17,One year,DSL,Electronic check,No,0,Yes,No,No
CUST03148,55.0,Male,5,97.86,5984.84,Two year,DSL,Credit card,No,3,Yes,Yes,Yes
CUST03149,48.0,Male,6,,7574.05,Month-to-month,Fiber optic,Credit card,No,0,Yes,No,Yes
CUST03150,,Male,3,77.46,3374.15,Month-to-month,DSL,Electronic check,No,5,Yes,Yes,No
CUST03151,36.0,Female,7,102.23,9076.58,Two year,DSL,Bank transfer,No,1,Yes,Yes,No
CUST03152,65.0,Female,8,76.27,7634.4,Month-to-month,No,Mailed check,Yes,2,No,Yes,Yes
CUST03153,62.0,Female,0,116.44,210.83,Two year,Fiber optic,Electronic check,Yes,1,Yes,Yes,No
CUST03154,53.0,Female,6,41.72,3477.6,Two year,No,Electronic check,No,0,Yes,Yes,No
CUST03155,47.0,Male,8,91.41,9363.48,Two year,Fiber optic,Bank transfer,No,2,Yes,Yes,No
CUST03156,66.0,Female,9,56.99,6265.52,Month-to-month,Fiber optic,Mailed check,Yes,5,Yes,No,No
CUST03157,50.0,Female,4,47.9,2804.81,Month-to-month,DSL,Credit card,No,1,No,Yes,Yes
CUST03158,35.0,Male,1,38.04,611.19,One year,No,Credit card,No,2,No,No,No
CUST03159,69.0,Female,9,75.25,8370.78,One year,DSL,Electronic check,Yes,1,No,Yes,Yes
CUST03160,66.0,Male,5,41.55,2662.95,Month-to-month,Fiber optic,Electronic check,Yes,2,No,No,No
CUST03161,45.0,Female,6,40.04,3171.58,One year,DSL,Electronic check,No,2,No,No,No
CUST03162,64.0,Male,1,119.05,1644.63,Month-to-month,DSL,Electronic check,Yes,1,No,No,Yes
CUST03163,28.0,Male,1,100.17,1833.04,Month-to-month,DSL,Electronic check,No,0,No,No,No
CUST03164,62.0,Male,9,94.83,11270.85,Two year,Fiber optic,Credit card,Yes,2,No,Yes,Yes
CUST03165,50.0,Female,9,99.41,11041.46,Month-to-month,No,Electronic check,No,1,Yes,Yes,No
CUST03166,34.0,Female,0,116.89,542.73,Month-to-month,Fiber optic,Mailed check,No,4,Yes,Yes,Yes
CUST03167,23.0,Female,3,77.33,3198.16,Month-to-month,Fiber optic,Bank transfer,No,1,Yes,Yes,Yes
CUST03168,21.0,Female,6,42.02,3338.42,Month-to-month,No,Credit card,No,1,No,Yes,No
CUST03169,37.0,Female,8,106.22,11377.42,Month-to-month,Fiber optic,Bank transfer,No,1,No,No,Yes
CUST03170,65.0,Female,2,94.27,2765.88,Month-to-month,No,Bank transfer,Yes,4,Yes,No,No
CUST03171,64.0,Male,10,61.43,7479.76,Month-to-month,Fiber optic,Electronic check,Yes,0,Yes,Yes,No
CUST03172,44.0,Female,6,67.36,5175.1,Two year,No,Bank transfer,No,0,Yes,No,No
CUST03173,32.0,Female,6,61.13,4590.31,Two year,Fiber optic,Mailed check,No,3,No,No,Yes
CUST03174,23.0,Male,6,112.99,9058.35,Month-to-month,DSL,Electronic check,No,0,No,Yes,No
CUST03175,64.0,Male,1,54.35,724.04,Month-to-month,DSL,Credit card,Yes,5,No,Yes,No
CUST03176,31.0,Female,5,116.35,7470.98,Month-to-month,DSL,Mailed check,No,2,No,Yes,No
CUST03177,28.0,Male,1,111.03,2109.23,One year,Fiber optic,Credit card,No,1,No,Yes,No
CUST03178,56.0,Female,5,83.05,5319.41,One year,No,Electronic check,No,2,Yes,Yes,No
CUST03179,26.0,Male,9,77.98,8972.45,Two year,Fiber optic,Electronic check,No,2,No,Yes,Yes
CUST03180,43.0,Female,2,57.01,1497.19,Month-to-month,No,Credit card,No,2,No,No,No
CUST03181,33.0,Male,1,21.83,510.19,One year,Fiber optic,Bank transfer,No,2,No,Yes,No
CUST03182,22.0,Male,5,32.76,2103.19,Month-to-month,Fiber optic,Credit card,No,2,No,Yes,No
CUST03183,69.0,Female,1,95.42,2209.26,Two year,DSL,Mailed check,Yes,1,Yes,No,No
CUST03184,27.0,Female,4,67.15,3531.03,One year,Fiber optic,Bank transfer,No,2,No,Yes,Yes
CUST03185,67.0,Male,1,34.98,755.58,Month-to-month,Fiber optic,Electronic check,Yes,2,Yes,Yes,No
CUST03186,20.0,Male,2,46.4,1285.65,One year,No,Mailed check,No,1,Yes,No,No
CUST03187,30.0,Male,2,114.78,3715.14,Two year,Fiber optic,Mailed check,No,1,Yes,Yes,No
CUST03188,60.0,Male,5,56.71,3661.25,Month-to-month,Fiber optic,Electronic check,Yes,0,No,Yes,Yes
CUST03189,66.0,Female,5,110.77,7377.37,Month-to-month,DSL,Bank transfer,Yes,1,Yes,Yes,Yes
CUST03190,47.0,Male,9,50.46,5874.15,Month-to-month,Fiber optic,Electronic check,No,1,Yes,No,No
CUST03191,62.0,Male,2,74.32,2339.42,Month-to-month,No,Mailed check,Yes,3,No,Yes,No
CUST03192,23.0,Female,2,22.05,691.03,Month-to-month,Fiber optic,Mailed check,No,3,Yes,No,Yes
CUST03193,34.0,Female,0,72.19,124.35,Two year,DSL,Mailed check,No,0,No,Yes,No
CUST03194,62.0,Female,6,83.69,6338.67,One year,DSL,Electronic check,Yes,4,Yes,No,Yes
CUST03195,68.0,Female,7,43.43,3964.73,One year,Fiber optic,Credit card,Yes,4,Yes,No,Yes
CUST03196,36.0,Female,1,77.89,1028.26,One year,Fiber optic,Mailed check,No,0,No,Yes,No
CUST03197,59.0,Female,3,84.72,3368.22,Two year,DSL,Mailed check,No,1,No,Yes,No
CUST03198,52.0,Male,9,88.69,,Two year,No,Bank transfer,No,2,No,No,No
CUST03199,63.0,Male,6,97.64,7396.08,One year,Fiber optic,Credit card,Yes,1,No,No,Yes
CUST03200,43.0,Male,7,51.13,4647.29,Month-to-month,DSL,Bank transfer,No,0,Yes,No,No
CUST03201,68.0,Female,0,76.78,568.29,Month-to-month,Fiber optic,Mailed check,Yes,2,Yes,Yes,No
CUST03202,22.0,Female,3,118.16,5553.4,Month-to-month,Fiber optic,Credit card,No,1,Yes,Yes,No
CUST03203,46.0,Male,5,109.81,7164.7,Month-to-month,No,Bank transfer,No,3,No,No,No
CUST03204,54.0,Male,2,115.27,4056.62,Month-to-month,DSL,Electronic check,No,3,No,No,No
CUST03205,37.0,Female,4,58.61,3292.21,One year,DSL,Bank transfer,No,0,No,Yes,No
CUST03206,66.0,Female,9,98.69,11747.98,One year,DSL,Credit card,Yes,3,Yes,No,No
CUST03207,,Male,8,81.99,8704.73,Month-to-month,DSL,Bank transfer,No,3,Yes,Yes,Yes
CUST03208,27.0,Male,10,28.27,3634.49,Two year,No,Credit card,No,2,No,No,No
CUST03209,22.0,Male,2,102.4,2961.12,Month-to-month,DSL,Credit card,No,3,Yes,Yes,No
CUST03210,53.0,Male,4,87.71,4530.42,One year,No,Bank transfer,No,3,No,No,Yes
CUST03211,23.0,Male,7,39.89,3488.23,One year,Fiber optic,Bank transfer,No,1,No,Yes,No
CUST03212,43.0,Female,5,27.97,1999.13,One year,Fiber optic,Electronic check,No,3,No,Yes,No
CUST03213,21.0,Male,3,103.7,4930.35,Month-to-month,No,Bank transfer,No,2,Yes,No,No
CUST03214,56.0,Male,7,27.89,2593.02,One year,DSL,Credit card,No,1,Yes,No,No
CUST03215,56.0,Female,10,29.14,3809.23,Month-to-month,DSL,Mailed check,No,3,Yes,No,No
CUST03216,67.0,Male,2,62.74,2202.74,One year,Fiber optic,Bank transfer,Yes,2,No,Yes,No
CUST03217,52.0,Female,2,33.48,1025.4,Month-to-month,DSL,Bank transfer,No,6,Yes,No,Yes
CUST03218,18.0,Female,3,111.37,4891.33,One year,No,Credit card,No,4,Yes,Yes,Yes
CUST03219,41.0,Male,8,67.03,6810.67,Month-to-month,No,Mailed check,No,2,No,Yes,No
CUST03220,53.0,Male,4,76.92,4123.17,One year,No,Electronic check,No,2,Yes,Yes,No
CUST03221,23.0,Female,7,112.81,9636.54,Month-to-month,No,Mailed check,No,1,Yes,Yes,No
CUST03222,58.0,Female,5,73.03,4803.33,Two year,Fiber optic,Credit card,No,8,No,Yes,No
CUST03223,63.0,Female,2,55.36,1794.13,Two year,Fiber optic,Credit card,Yes,2,Yes,Yes,No
CUST03224,61.0,Male,7,99.72,8939.08,Month-to-month,DSL,Credit card,Yes,2,Yes,Yes,No
CUST03225,48.0,Male,8,64.29,6853.09,Month-to-month,Fiber optic,Credit card,No,0,No,Yes,No
CUST03226,37.0,Male,7,51.85,4596.93,One year,DSL,Mailed check,No,1,Yes,No,No
CUST03227,41.0,Male,3,92.32,3550.58,Month-to-month,No,Mailed check,No,4,Yes,No,No
CUST03228,42.0,Male,10,100.16,13013.5,Month-to-month,No,Mailed check,No,3,No,No,No
CUST03229,53.0,Female,5,99.17,6784.56,Month-to-month,DSL,Bank transfer,No,5,Yes,No,No
CUST03230,38.0,Male,0,117.77,431.04,One year,DSL,Credit card,No,3,Yes,No,No
CUST03231,47.0,Male,3,98.67,4233.04,Month-to-month,Fiber optic,Bank transfer,No,6,Yes,Yes,Yes
CUST03232,41.0,Female,7,96.99,8672.88,Month-to-month,Fiber optic,Bank transfer,No,0,Yes,No,No
CUST03233,61.0,Male,0,105.75,1197.88,One year,Fiber optic,Bank transfer,Yes,2,Yes,No,Yes
CUST03234,59.0,Male,2,20.02,634.25,Month-to-month,Fiber optic,Electronic check,No,2,Yes,Yes,No
CUST03235,47.0,Male,0,56.24,154.23,Month-to-month,No,Bank transfer,No,1,No,Yes,Yes
CUST03236,39.0,Female,8,93.76,9612.62,Two year,DSL,Credit card,No,2,No,No,No
CUST03237,45.0,Female,1,79.97,1798.38,One year,Fiber optic,Bank transfer,No,4,Yes,No,Yes
CUST03238,24.0,Male,8,37.76,3941.63,Month-to-month,Fiber optic,Credit card,No,3,Yes,No,Yes
CUST03239,52.0,Male,3,50.37,2330.47,Month-to-month,DSL,Electronic check,No,3,Yes,No,No
CUST03240,45.0,Male,1,53.68,845.7,One year,Fiber optic,Mailed check,No,1,No,Yes,Yes
CUST03241,31.0,Female,3,76.78,3591.14,Month-to-month,No,Credit card,No,2,Yes,No,No
CUST03242,27.0,Female,10,103.16,13339.8,Two year,No,Bank transfer,No,2,No,No,No
CUST03243,33.0,Male,10,113.25,14611.29,One year,Fiber optic,Credit card,No,2,Yes,Yes,No
CUST03244,33.0,Male,9,95.01,10718.26,Two year,No,Bank transfer,No,0,No,No,No
CUST03245,48.0,Male,5,104.3,7380.71,Two year,DSL,Mailed check,No,3,Yes,Yes,No
CUST03246,59.0,Male,10,67.01,8578.47,Month-to-month,No,Credit card,No,3,No,Yes,No
CUST03247,42.0,Female,6,58.98,4858.2,One year,DSL,Bank transfer,No,1,Yes,Yes,No
CUST03248,30.0,Female,2,59.27,1717.09,Two year,Fiber optic,Credit card,No,3,No,Yes,No
CUST03249,23.0,Male,2,81.6,2170.74,One year,DSL,Mailed check,No,0,Yes,Yes,No
CUST03250,61.0,Female,9,32.42,3652.3,Month-to-month,No,Mailed check,Yes,4,Yes,No,No
CUST03251,26.0,Female,7,77.95,7016.12,Month-to-month,DSL,Mailed check,No,1,Yes,No,No
CUST03252,62.0,Male,4,86.51,4746.59,Month-to-month,DSL,Credit card,Yes,3,Yes,Yes,No
CUST03253,53.0,Male,3,63.89,2722.92,One year,Fiber optic,Credit card,No,1,No,No,Yes
CUST03254,60.0,Male,6,115.32,9111.04,One year,DSL,Bank transfer,Yes,1,Yes,Yes,No
CUST03255,37.0,Male,6,80.82,6648.15,Two year,DSL,Mailed check,No,3,No,Yes,No
CUST03256,35.0,Female,8,42.0,4152.59,One year,Fiber optic,Bank transfer,No,0,No,No,No
CUST03257,60.0,Male,8,67.92,6824.37,Two year,DSL,Credit card,Yes,2,No,No,No
CUST03258,38.0,Male,4,87.54,5145.14,Month-to-month,DSL,Electronic check,No,1,Yes,No,No
CUST03259,21.0,Male,7,52.36,4773.4,Month-to-month,DSL,Mailed check,No,4,Yes,No,No
CUST03260,67.0,Male,9,27.96,3227.07,Two year,DSL,Bank transfer,Yes,5,No,No,No
CUST03261,50.0,Female,0,78.34,490.31,One year,Fiber optic,Mailed check,No,2,Yes,Yes,No
CUST03262,44.0,Male,8,114.79,11827.81,One year,Fiber optic,Bank transfer,No,1,No,No,No
CUST03263,24.0,Male,7,68.51,5972.62,Month-to-month,Fiber optic,Bank transfer,No,0,No,No,Yes
CUST03264,23.0,Female,5,110.61,7412.59,One year,DSL,Electronic check,No,2,No,No,No
CUST03265,32.0,Male,2,103.5,3722.78,Two year,Fiber optic,Credit card,No,0,No,No,Yes
CUST03266,35.0,Male,2,34.74,1084.81,Month-to-month,Fiber optic,Mailed check,No,2,No,No,Yes
CUST03267,49.0,Male,7,90.82,7764.06,One year,Fiber optic,Credit card,No,1,Yes,No,No
CUST03268,28.0,Female,4,63.55,3670.7,Month-to-month,DSL,Bank transfer,No,2,No,Yes,No
CUST03269,37.0,Male,9,45.02,5103.52,Month-to-month,DSL,Credit card,No,1,Yes,Yes,Yes
CUST03270,41.0,Male,10,88.69,10881.41,One year,DSL,Electronic check,No,5,No,Yes,No
CUST03271,32.0,Male,6,94.27,7776.12,Month-to-month,DSL,Credit card,No,6,Yes,Yes,No
CUST03272,65.0,Female,4,37.99,1944.24,Month-to-month,DSL,Bank transfer,Yes,2,No,Yes,No
CUST03273,24.0,Male,7,111.44,10601.11,One year,Fiber optic,Bank transfer,No,5,Yes,No,No
CUST03274,38.0,Male,9,95.11,10829.2,One year,Fiber optic,Electronic check,No,4,Yes,Yes,No
CUST03275,59.0,Male,9,113.34,13280.13,Month-to-month,No,Mailed check,No,2,Yes,No,No
CUST03276,43.0,Female,3,51.71,2224.41,Two year,Fiber optic,Electronic check,No,0,No,Yes,No
CUST03277,61.0,Female,1,113.93,1802.7,Month-to-month,Fiber optic,Mailed check,Yes,4,No,Yes,Yes
CUST03278,31.0,Male,2,56.85,1840.92,Two year,Fiber optic,Bank transfer,No,3,No,No,No
CUST03279,54.0,Male,7,25.4,2426.64,One year,DSL,Credit card,No,1,Yes,No,No
CUST03280,38.0,Female,10,96.3,12467.58,Month-to-month,Fiber optic,Bank transfer,No,2,Yes,Yes,No
CUST03281,35.0,Male,6,90.35,7195.85,Month-to-month,Fiber optic,Electronic check,No,2,Yes,Yes,Yes
CUST03282,22.0,Female,1,79.79,1906.73,Month-to-month,Fiber optic,Electronic check,No,1,No,Yes,No
CUST03283,20.0,Female,5,,4409.74,Month-to-month,No,Credit card,No,2,No,No,No
CUST03284,40.0,Female,8,23.22,2268.26,One year,DSL,Electronic check,No,0,No,Yes,Yes
CUST03285,,Male,3,82.46,3080.16,Month-to-month,DSL,Bank transfer,No,2,No,No,No
CUST03286,54.0,Female,8,61.68,6465.15,Month-to-month,Fiber optic,Credit card,No,1,No,No,No
CUST03287,41.0,Female,1,76.02,1682.52,One year,Fiber optic,Mailed check,No,2,No,No,Yes
CUST03288,66.0,Male,1,62.93,1257.73,Month-to-month,DSL,Electronic check,Yes,2,No,No,Yes
CUST03289,36.0,Male,8,116.61,12472.06,One year,Fiber optic,Mailed check,No,3,No,No,No
CUST03290,68.0,Male,6,80.41,6487.3,Month-to-month,DSL,Credit card,Yes,1,No,No,Yes
CUST03291,42.0,Female,6,94.92,7316.48,One year,Fiber optic,Electronic check,No,2,Yes,Yes,No
CUST03292,38.0,Female,0,113.63,340.19,One year,DSL,Credit card,No,0,Yes,No,Yes
CUST03293,29.0,Male,10,79.16,10383.51,One year,Fiber optic,Electronic check,No,3,No,Yes,No
CUST03294,58.0,Female,5,21.21,1317.98,Month-to-month,Fiber optic,Electronic check,No,3,No,No,No
CUST03295,50.0,Male,6,23.43,1850.33,Month-to-month,No,Electronic check,No,3,Yes,Yes,No
CUST03296,67.0,Male,10,90.23,11229.49,Month-to-month,No,Credit card,Yes,6,No,No,Yes
CUST03297,21.0,Male,5,47.91,3065.55,Month-to-month,Fiber optic,Credit card,No,2,Yes,No,No
CUST03298,59.0,Male,5,77.94,5308.04,Month-to-month,Fiber optic,Bank transfer,No,2,Yes,Yes,No
CUST03299,24.0,Male,1,40.23,625.32,One year,Fiber optic,Bank transfer,No,4,Yes,No,No
CUST03300,39.0,Female,5,47.02,3342.18,One year,DSL,Credit card,No,6,Yes,Yes,No
CUST03301,50.0,Female,3,70.46,2921.73,Two year,DSL,Credit card,No,2,No,No,No
CUST03302,34.0,Male,8,117.56,12279.27,Month-to-month,DSL,Electronic check,No,1,No,Yes,No
CUST03303,41.0,Female,0,81.63,735.1,Month-to-month,Fiber optic,Bank transfer,No,1,No,Yes,No
CUST03304,51.0,Female,7,113.61,10510.33,Two year,Fiber optic,Bank transfer,No,0,No,No,No
CUST03305,45.0,Male,4,115.94,6833.2,Month-to-month,DSL,Credit card,No,2,No,No,No
CUST03306,60.0,Female,0,40.81,144.57,One year,Fiber optic,Bank transfer,Yes,3,No,Yes,No
CUST03307,58.0,Female,3,51.12,1939.83,Two year,Fiber optic,Credit card,No,1,No,No,No
CUST03308,56.0,Male,0,97.0,156.18,Two year,Fiber optic,Bank transfer,No,4,Yes,Yes,No
CUST03309,39.0,Female,5,106.68,7537.61,Month-to-month,Fiber optic,Mailed check,No,2,Yes,Yes,Yes
CUST03310,66.0,Female,1,71.92,1704.95,One year,DSL,Mailed check,Yes,3,Yes,Yes,Yes
CUST03311,34.0,Female,4,119.32,6243.75,Month-to-month,DSL,Bank transfer,No,0,No,Yes,No
CUST03312,51.0,Female,6,21.16,1706.1,One year,No,Credit card,No,4,Yes,No,No
CUST03313,23.0,Female,1,49.96,654.38,Two year,DSL,Mailed check,No,2,No,No,No
CUST03314,63.0,Male,5,82.32,5192.33,Month-to-month,Fiber optic,Electronic check,Yes,2,No,No,No
CUST03315,23.0,Male,5,66.93,4590.19,Two year,Fiber optic,Credit card,No,3,No,No,No
CUST03316,51.0,Male,4,31.66,1574.29,One year,No,Mailed check,No,2,Yes,Yes,Yes
CUST03317,18.0,Male,4,56.78,3074.84,Month-to-month,Fiber optic,Electronic check,No,1,Yes,Yes,Yes
CUST03318,27.0,Male,2,22.54,727.78,One year,Fiber optic,Mailed check,No,1,No,Yes,No
CUST03319,38.0,Female,9,84.27,9895.45,Month-to-month,DSL,Mailed check,No,3,Yes,No,Yes
CUST03320,22.0,Female,9,109.27,12455.9,Month-to-month,No,Electronic check,No,2,Yes,Yes,Yes
CUST03321,19.0,Male,10,108.49,13879.46,Two year,Fiber optic,Electronic check,No,2,Yes,Yes,No
CUST03322,39.0,Male,1,89.95,1703.23,Month-to-month,DSL,Bank transfer,No,1,Yes,Yes,Yes
CUST03323,65.0,Male,6,66.58,4898.65,Month-to-month,Fiber optic,Mailed check,Yes,4,No,No,No
CUST03324,19.0,Female,0,71.2,652.96,Two year,Fiber optic,Electronic check,No,2,No,No,Yes
CUST03325,27.0,Female,5,33.69,2118.97,Two year,DSL,Bank transfer,No,6,Yes,No,No
CUST03326,51.0,Female,5,54.1,3319.03,Two year,Fiber optic,Electronic check,No,2,No,No,Yes
CUST03327,33.0,Female,2,38.77,1161.66,Month-to-month,Fiber optic,Bank transfer,No,4,No,Yes,No
CUST03328,65.0,Female,1,102.12,,Month-to-month,Fiber optic,Bank transfer,Yes,2,No,No,No
CUST03329,68.0,Female,1,111.48,1634.2,Month-to-month,Fiber optic,Electronic check,Yes,1,No,Yes,Yes
CUST03330,56.0,Male,8,73.69,7158.35,Month-to-month,Fiber optic,Electronic check,No,4,No,No,Yes
CUST03331,39.0,Female,10,92.78,11338.62,Two year,Fiber optic,Mailed check,No,2,No,Yes,No
CUST03332,29.0,Male,4,32.15,1703.96,One year,Fiber optic,Mailed check,No,2,Yes,Yes,No
CUST03333,41.0,Male,6,80.85,6418.03,Month-to-month,Fiber optic,Bank transfer,No,1,No,No,No
CUST03334,64.0,Female,4,90.28,4615.4,Month-to-month,DSL,Electronic check,Yes,2,No,No,No
CUST03335,57.0,Female,6,65.28,5341.31,Two year,DSL,Mailed check,No,5,Yes,Yes,No
CUST03336,55.0,Female,3,44.33,2007.54,Two year,No,Bank transfer,No,1,Yes,Yes,No
CUST03337,27.0,Female,7,107.74,9982.6,Month-to-month,No,Mailed check,No,1,Yes,Yes,No
CUST03338,52.0,Female,10,94.29,11914.69,One year,DSL,Bank transfer,No,2,No,No,Yes
CUST03339,68.0,Female,9,109.99,,Month-to-month,Fiber optic,Mailed check,Yes,2,Yes,No,No
CUST03340,66.0,Female,10,101.84,12743.39,One year,No,Electronic check,Yes,2,No,No,No
CUST03341,49.0,Female,9,119.04,13634.1,One year,DSL,Credit card,No,4,No,No,No
CUST03342,24.0,Male,6,39.22,2896.42,One year,Fiber optic,Credit card,No,2,No,Yes,No
CUST03343,38.0,Male,9,28.67,3340.21,Month-to-month,DSL,Bank transfer,No,3,Yes,No,No
CUST03344,37.0,Female,4,53.7,2838.94,Month-to-month,Fiber optic,Credit card,No,2,No,No,No
CUST03345,43.0,Male,10,32.9,4062.24,Month-to-month,No,Credit card,No,2,Yes,No,Yes
CUST03346,21.0,Female,5,72.31,4632.29,Two year,No,Bank transfer,No,1,No,Yes,No
CUST03347,63.0,Male,4,83.3,4246.9,Two year,Fiber optic,Credit card,Yes,2,No,No,No
CUST03348,69.0,Male,6,77.83,6453.45,Two year,Fiber optic,Mailed check,Yes,4,Yes,No,No
CUST03349,39.0,Female,1,45.92,682.34,Two year,Fiber optic,Mailed check,No,0,No,Yes,No
CUST03350,32.0,Female,4,110.88,6510.01,One year,DSL,Mailed check,No,0,No,Yes,No
CUST03351,57.0,Female,9,22.12,2550.32,Month-to-month,DSL,Electronic check,No,4,No,No,No
CUST03352,38.0,Male,2,54.8,1892.9,One year,No,Mailed check,No,0,No,No,No
CUST03353,32.0,Male,8,91.9,9393.53,Month-to-month,DSL,Credit card,No,1,Yes,No,No
CUST03354,39.0,Female,5,96.69,6884.71,Month-to-month,Fiber optic,Credit card,No,0,No,No,No
CUST03355,69.0,Male,9,61.61,6858.82,Month-to-month,Fiber optic,Mailed check,Yes,2,Yes,No,No
CUST03356,45.0,Female,2,21.69,674.59,Month-to-month,No,Electronic check,No,0,No,No,No
CUST03357,31.0,Male,6,81.8,6084.63,One year,Fiber optic,Mailed check,No,1,No,Yes,No
CUST03358,44.0,Female,3,26.31,1102.9,Month-to-month,Fiber optic,Electronic check,No,2,Yes,No,No
CUST03359,58.0,Male,2,30.79,962.77,Month-to-month,Fiber optic,Electronic check,No,1,Yes,Yes,No
CUST03360,57.0,Female,7,85.03,7794.06,One year,Fiber optic,Mailed check,No,1,No,Yes,No
CUST03361,45.0,Female,3,51.25,2102.32,One year,Fiber optic,Electronic check,No,1,Yes,No,No
CUST03362,43.0,Female,10,54.8,6676.82,One year,No,Credit card,No,4,Yes,Yes,No
CUST03363,66.0,Male,0,68.68,563.77,Month-to-month,Fiber optic,Mailed check,Yes,1,No,Yes,Yes
CUST03364,19.0,Female,5,117.86,7822.69,Month-to-month,Fiber optic,Credit card,No,1,No,Yes,Yes
CUST03365,42.0,Male,9,116.54,12878.33,One year,No,Electronic check,No,3,Yes,Yes,No
CUST03366,20.0,Female,10,61.63,8091.69,One year,Fiber optic,Bank transfer,No,1,Yes,Yes,No
CUST03367,25.0,Female,10,46.55,6121.9,Month-to-month,DSL,Mailed check,No,3,Yes,No,No
CUST03368,61.0,Female,0,50.26,523.84,Two year,DSL,Bank transfer,Yes,2,Yes,No,No
CUST03369,50.0,Male,4,46.88,2732.29,Month-to-month,No,Bank transfer,No,1,No,Yes,Yes
CUST03370,59.0,Male,6,73.22,5424.53,Month-to-month,Fiber optic,Bank transfer,No,2,No,Yes,No
CUST03371,69.0,Male,5,80.69,5803.84,Month-to-month,Fiber optic,Bank transfer,Yes,2,No,No,Yes
CUST03372,52.0,Female,1,68.88,1198.8,Month-to-month,DSL,Credit card,No,2,No,No,No
CUST03373,23.0,Male,10,60.8,7465.9,Two year,Fiber optic,Mailed check,No,1,No,No,No
CUST03374,56.0,Female,3,41.13,1889.23,Month-to-month,Fiber optic,Credit card,No,2,No,No,No
CUST03375,69.0,Female,10,68.25,8427.72,Month-to-month,Fiber optic,Electronic check,Yes,1,Yes,Yes,No
CUST03376,40.0,Female,1,54.11,1016.61,Month-to-month,DSL,Mailed check,No,0,Yes,Yes,No
CUST03377,42.0,Female,10,74.16,9077.79,Month-to-month,DSL,Mailed check,No,3,No,No,Yes
CUST03378,67.0,Female,0,87.52,544.47,Month-to-month,No,Credit card,Yes,3,No,Yes,Yes
CUST03379,60.0,Male,2,83.33,2594.86,Month-to-month,No,Electronic check,Yes,2,No,Yes,No
CUST03380,36.0,Male,2,66.25,1981.22,Month-to-month,Fiber optic,Bank transfer,No,1,Yes,No,Yes
CUST03381,22.0,Female,6,75.61,5577.32,One year,Fiber optic,Electronic check,No,2,Yes,No,No
CUST03382,68.0,Female,0,48.49,307.15,One year,Fiber optic,Credit card,Yes,3,Yes,Yes,Yes
CUST03383,28.0,Male,8,22.42,2290.39,One year,No,Credit card,No,1,Yes,No,No
CUST03384,29.0,Female,10,82.5,10219.92,One year,Fiber optic,Credit card,No,5,Yes,Yes,No
CUST03385,27.0,Female,5,45.26,3219.69,Month-to-month,No,Bank transfer,No,2,No,No,No
CUST03386,25.0,Female,3,86.9,3614.67,Two year,DSL,Mailed check,No,1,No,Yes,No
CUST03387,41.0,Female,2,94.7,3267.65,Month-to-month,Fiber optic,Electronic check,No,3,No,No,Yes
CUST03388,45.0,Male,2,111.59,2924.36,Month-to-month,Fiber optic,Electronic check,No,3,Yes,Yes,No
CUST03389,58.0,Female,1,115.81,1911.75,One year,Fiber optic,Bank transfer,No,1,Yes,No,No
CUST03390,53.0,Male,1,21.05,314.48,One year,Fiber optic,Credit card,No,6,Yes,No,No
CUST03391,54.0,Male,9,119.04,13510.15,Month-to-month,Fiber optic,Electronic check,No,2,Yes,Yes,No
CUST03392,38.0,Male,4,88.3,4435.13,Month-to-month,Fiber optic,Mailed check,No,1,Yes,No,Yes
CUST03393,25.0,Male,8,84.35,8591.16,Month-to-month,Fiber optic,Electronic check,No,0,No,Yes,Yes
CUST03394,26.0,Female,1,21.52,363.53,Two year,DSL,Credit card,No,2,No,No,Yes
CUST03395,64.0,Female,1,106.12,1640.24,Month-to-month,Fiber optic,Electronic check,Yes,1,Yes,Yes,Yes
CUST03396,32.0,Female,5,34.55,2351.61,One year,DSL,Credit card,No,3,No,No,Yes
CUST03397,65.0,Male,9,103.73,12391.59,Month-to-month,No,Mailed check,Yes,3,Yes,No,Yes
CUST03398,63.0,Male,1,21.56,,Month-to-month,DSL,Bank transfer,Yes,4,Yes,Yes,No
CUST03399,57.0,Male,3,84.6,3792.59,Month-to-month,Fiber optic,Credit card,No,1,Yes,Yes,Yes
CUST03400,35.0,Female,5,63.48,4390.67,Month-to-month,Fiber optic,Credit card,No,0,Yes,Yes,No
CUST03401,59.0,Female,4,40.08,2183.53,Month-to-month,DSL,Electronic check,No,3,Yes,No,Yes
CUST03402,37.0,Female,0,30.76,334.5,One year,Fiber optic,Bank transfer,No,1,No,Yes,No
CUST03403,23.0,Male,5,64.01,4585.05,Month-to-month,No,Credit card,No,3,No,No,Yes
CUST03404,29.0,Male,0,32.33,161.16,One year,DSL,Electronic check,No,2,No,Yes,Yes
CUST03405,19.0,Female,2,68.64,2207.56,Month-to-month,DSL,Mailed check,No,1,No,Yes,Yes
CUST03406,24.0,Male,9,82.52,9595.78,Two year,Fiber optic,Bank transfer,No,3,Yes,No,No
CUST03407,33.0,Male,4,102.74,5490.42,Two year,DSL,Electronic check,No,1,No,No,No
CUST03408,20.0,Female,9,87.86,9882.91,Month-to-month,No,Bank transfer,No,3,Yes,Yes,No
CUST03409,62.0,Male,4,26.52,1571.87,Two year,Fiber optic,Credit card,Yes,0,Yes,Yes,No
CUST03410,20.0,Male,9,50.74,5971.58,Month-to-month,Fiber optic,Electronic check,No,1,Yes,No,No
CUST03411,44.0,Female,5,48.8,3038.24,One year,DSL,Mailed check,No,2,No,No,Yes
CUST03412,67.0,Male,9,111.5,12300.54,Month-to-month,DSL,Mailed check,Yes,2,Yes,Yes,No
CUST03413,60.0,Male,7,106.78,10159.9,Month-to-month,DSL,Electronic check,Yes,2,No,No,No
CUST03414,57.0,Male,4,57.01,2844.54,Month-to-month,Fiber optic,Electronic check,No,0,Yes,No,No
CUST03415,55.0,Male,10,27.12,3486.89,Month-to-month,Fiber optic,Bank transfer,No,2,Yes,Yes,Yes
CUST03416,50.0,Female,0,109.41,382.32,One year,DSL,Electronic check,No,1,Yes,No,No
CUST03417,45.0,Female,4,108.82,5374.3,One year,No,Bank transfer,No,8,No,Yes,No
CUST03418,18.0,Male,2,105.47,2705.94,Month-to-month,Fiber optic,Credit card,No,0,Yes,No,No
CUST03419,25.0,Female,3,104.51,4296.27,Two year,DSL,Electronic check,No,2,No,Yes,No
CUST03420,54.0,Female,7,68.03,5840.61,Two year,DSL,Credit card,No,0,No,No,No
CUST03421,49.0,Female,6,37.74,3002.71,Two year,DSL,Mailed check,No,2,Yes,Yes,No
CUST03422,65.0,Male,10,67.75,8680.12,Two year,DSL,Bank transfer,Yes,4,Yes,No,No
CUST03423,60.0,Male,4,69.46,3688.89,Month-to-month,Fiber optic,Bank transfer,Yes,1,No,No,No
CUST03424,54.0,Female,1,68.99,1460.63,Month-to-month,No,Mailed check,No,4,No,Yes,Yes
CUST03425,21.0,Female,5,73.88,4904.93,Month-to-month,No,Credit card,No,1,Yes,No,No
CUST03426,47.0,Female,10,45.77,,Two year,No,Bank transfer,No,5,No,Yes,Yes
CUST03427,23.0,Female,5,56.62,3707.3,Month-to-month,DSL,Mailed check,No,2,Yes,No,No
CUST03428,63.0,Male,9,63.42,7213.53,Month-to-month,DSL,Mailed check,Yes,3,Yes,No,No
CUST03429,36.0,Female,9,33.11,3961.5,Month-to-month,No,Mailed check,No,5,Yes,Yes,No
CUST03430,49.0,Male,10,65.54,8421.59,Month-to-month,Fiber optic,Electronic check,No,2,Yes,No,Yes
CUST03431,26.0,Male,5,101.05,6514.42,Month-to-month,DSL,Credit card,No,1,Yes,Yes,Yes
CUST03432,29.0,Male,8,102.81,10802.5,One year,DSL,Mailed check,No,0,No,Yes,No
CUST03433,28.0,Male,10,61.16,7622.55,Month-to-month,Fiber optic,Credit card,No,2,Yes,Yes,No
CUST03434,63.0,Male,7,71.88,6209.2,One year,Fiber optic,Bank transfer,Yes,2,No,Yes,No
CUST03435,33.0,Male,7,23.37,2108.65,Two year,No,Electronic check,No,3,Yes,Yes,No
CUST03436,18.0,Male,0,87.44,809.8,One year,DSL,Mailed check,No,4,Yes,No,No
CUST03437,62.0,Female,4,60.46,3213.71,Month-to-month,DSL,Mailed check,Yes,5,No,No,No
CUST03438,38.0,Male,6,64.55,5329.31,Two year,Fiber optic,Mailed check,No,2,No,No,Yes
CUST03439,47.0,Female,5,107.37,7006.59,One year,DSL,Bank transfer,No,2,No,Yes,No
CUST03440,30.0,Female,4,66.18,3497.5,Month-to-month,Fiber optic,Electronic check,No,2,Yes,Yes,Yes
CUST03441,51.0,Female,7,22.12,2123.09,One year,Fiber optic,Credit card,No,3,No,No,No
CUST03442,21.0,Female,2,42.75,1295.63,One year,DSL,Credit card,No,1,No,Yes,No
CUST03443,45.0,Female,5,67.56,4719.57,Month-to-month,Fiber optic,Credit card,No,0,No,Yes,No
CUST03444,55.0,Male,4,62.44,3612.46,Month-to-month,DSL,Credit card,No,3,No,No,No
CUST03445,48.0,Male,7,106.04,10093.95,One year,Fiber optic,Credit card,No,1,No,Yes,No
CUST03446,44.0,Female,3,74.21,2815.07,One year,Fiber optic,Credit card,No,0,Yes,Yes,No
CUST03447,22.0,Female,7,88.96,7827.01,Month-to-month,DSL,Credit card,No,2,No,No,No
CUST03448,42.0,Female,9,66.93,7860.61,One year,Fiber optic,Electronic check,No,1,Yes,Yes,No
CUST03449,20.0,Male,1,63.97,1227.5,Month-to-month,Fiber optic,Electronic check,No,2,Yes,Yes,Yes
CUST03450,,Female,8,64.63,6666.96,One year,DSL,Bank transfer,No,3,No,Yes,No
CUST03451,21.0,Male,8,61.09,6037.43,Month-to-month,DSL,Mailed check,No,2,No,No,Yes
CUST03452,42.0,Male,9,73.86,8279.17,Month-to-month,DSL,Electronic check,No,1,Yes,Yes,No
CUST03453,37.0,Female,9,45.04,5167.65,Two year,Fiber optic,Mailed check,No,2,Yes,No,No
CUST03454,51.0,Male,5,109.11,6988.39,One year,DSL,Bank transfer,No,0,No,Yes,Yes
CUST03455,43.0,Male,3,53.31,2095.78,Month-to-month,Fiber optic,Electronic check,No,2,Yes,Yes,Yes
CUST03456,22.0,Male,3,34.75,1319.29,Month-to-month,No,Bank transfer,No,3,Yes,No,Yes
CUST03457,52.0,Female,5,29.66,1860.07,One year,Fiber optic,Electronic check,No,1,Yes,No,No
CUST03458,45.0,Female,4,21.34,1226.14,Two year,DSL,Electronic check,No,1,Yes,Yes,No
CUST03459,46.0,Female,5,62.29,4292.19,One year,DSL,Credit card,No,0,Yes,No,No
CUST03460,26.0,Female,6,38.76,2849.02,Month-to-month,DSL,Mailed check,No,0,No,No,No
CUST03461,69.0,Female,6,22.16,1667.23,Two year,DSL,Bank transfer,Yes,2,Yes,No,No
CUST03462,55.0,Female,8,72.0,7427.88,One year,Fiber optic,Credit card,No,2,Yes,Yes,Yes
CUST03463,67.0,Female,7,88.0,7792.3,Month-to-month,DSL,Electronic check,Yes,0,No,Yes,Yes
CUST03464,23.0,Female,5,28.58,2002.19,One year,Fiber optic,Electronic check,No,3,No,Yes,No
CUST03465,36.0,Male,5,66.09,4602.17,Month-to-month,DSL,Bank transfer,No,0,Yes,Yes,No
CUST03466,61.0,Female,4,94.36,5549.06,One year,DSL,Mailed check,Yes,2,Yes,No,No
CUST03467,28.0,Male,0,118.58,852.86,Month-to-month,DSL,Bank transfer,No,3,Yes,No,No
CUST03468,19.0,Male,8,86.72,8747.69,Month-to-month,DSL,Electronic check,No,4,No,Yes,Yes
CUST03469,64.0,Female,8,44.48,4611.1,Month-to-month,DSL,Credit card,Yes,2,Yes,No,No
CUST03470,61.0,Male,8,91.66,8980.89,Month-to-month,Fiber optic,Bank transfer,Yes,1,Yes,No,No
CUST03471,61.0,Male,10,79.79,9663.0,Month-to-month,Fiber optic,Credit card,Yes,1,Yes,No,Yes
CUST03472,26.0,Female,7,41.18,3508.04,One year,DSL,Mailed check,No,4,No,No,Yes
CUST03473,38.0,Male,9,105.11,11928.2,Month-to-month,Fiber optic,Mailed check,No,1,No,Yes,Yes
CUST03474,41.0,Female,2,62.74,1725.91,One year,DSL,Credit card,No,2,No,No,No
CUST03475,51.0,Male,0,116.2,317.31,One year,DSL,Mailed check,No,1,No,No,No
CUST03476,39.0,Male,10,92.29,11791.76,One year,No,Credit card,No,2,No,No,No
CUST03477,20.0,Female,7,84.46,8103.6,Month-to-month,No,Credit card,No,0,Yes,No,No
CUST03478,29.0,Male,6,92.84,6958.85,Month-to-month,No,Credit card,No,1,No,Yes,No
CUST03479,45.0,Male,4,67.81,3730.27,Month-to-month,DSL,Mailed check,No,2,No,Yes,Yes
CUST03480,47.0,Female,9,70.52,7779.56,Two year,No,Credit card,No,2,Yes,Yes,No
CUST03481,43.0,Female,6,105.12,8754.04,Month-to-month,Fiber optic,Mailed check,No,2,Yes,Yes,No
CUST03482,65.0,Male,9,88.09,9884.52,One year,Fiber optic,Credit card,Yes,1,Yes,Yes,No
CUST03483,38.0,Male,3,109.72,5119.73,One year,No,Credit card,No,1,Yes,No,No
CUST03484,45.0,Female,8,109.08,10920.42,Month-to-month,No,Mailed check,No,2,Yes,No,No
CUST03485,43.0,Male,10,117.65,15278.8,One year,Fiber optic,Credit card,No,0,Yes,No,Yes
CUST03486,50.0,Female,9,90.02,10019.51,Month-to-month,No,Credit card,No,2,No,Yes,No
CUST03487,38.0,Female,1,70.23,1139.18,Two year,Fiber optic,Mailed check,No,2,No,Yes,No
CUST03488,52.0,Female,8,36.63,3630.66,Month-to-month,Fiber optic,Electronic check,No,1,No,No,No
CUST03489,69.0,Male,8,90.54,9045.57,Month-to-month,DSL,Bank transfer,Yes,3,Yes,Yes,No
CUST03490,51.0,Male,4,49.16,2860.3,Month-to-month,No,Mailed check,No,4,Yes,No,No
CUST03491,58.0,Male,10,48.29,6182.54,Two year,Fiber optic,Credit card,No,1,No,No,No
CUST03492,68.0,Female,0,43.83,239.52,Two year,No,Bank transfer,Yes,3,No,Yes,Yes
CUST03493,64.0,Male,6,107.51,8997.16,Month-to-month,Fiber optic,Bank transfer,Yes,0,Yes,No,No
CUST03494,35.0,Female,9,106.8,12187.32,Month-to-month,Fiber optic,Credit card,No,0,No,No,No
CUST03495,28.0,Male,9,83.1,9944.36,Month-to-month,Fiber optic,Credit card,No,0,Yes,No,Yes
CUST03496,40.0,Female,3,67.3,2635.63,One year,Fiber optic,Electronic check,No,5,Yes,Yes,No
CUST03497,65.0,Female,8,87.21,9327.2,Month-to-month,Fiber optic,Credit card,Yes,0,Yes,Yes,Yes
CUST03498,39.0,Male,5,80.72,4936.19,One year,DSL,Bank transfer,No,1,Yes,Yes,Yes
CUST03499,34.0,Female,2,61.57,1908.57,Month-to-month,Fiber optic,Credit card,No,4,No,No,Yes
CUST03500,22.0,Male,5,57.96,3805.28,One year,Fiber optic,Bank transfer,No,4,No,Yes,No
CUST03501,61.0,Male,9,58.28,6689.14,Month-to-month,DSL,Mailed check,Yes,2,No,No,No
CUST03502,28.0,Male,5,78.91,5293.91,One year,DSL,Mailed check,No,2,No,No,Yes
CUST03503,47.0,Male,4,84.77,4516.49,One year,DSL,Bank transfer,No,5,Yes,Yes,No
CUST03504,32.0,Male,1,65.17,1562.79,Month-to-month,DSL,Mailed check,No,0,No,Yes,Yes
CUST03505,44.0,Female,9,116.87,13994.2,One year,No,Electronic check,No,2,No,No,No
CUST03506,52.0,Male,9,28.38,3393.66,One year,No,Bank transfer,No,5,Yes,Yes,No
CUST03507,50.0,Female,1,54.7,1300.22,Month-to-month,Fiber optic,Bank transfer,No,0,Yes,Yes,No
CUST03508,37.0,Male,6,61.91,5059.48,Month-to-month,DSL,Credit card,No,1,No,No,No
CUST03509,33.0,Female,1,21.69,517.84,One year,Fiber optic,Electronic check,No,1,Yes,Yes,Yes
CUST03510,51.0,Female,5,56.5,4001.1,Two year,Fiber optic,Credit card,No,1,Yes,No,No
CUST03511,19.0,Male,4,47.37,2537.86,Two year,Fiber optic,Electronic check,No,3,Yes,Yes,No
CUST03512,52.0,Female,3,70.6,3221.66,One year,Fiber optic,Electronic check,No,0,Yes,Yes,No
CUST03513,57.0,Male,6,53.64,4453.88,Month-to-month,DSL,Electronic check,No,2,Yes,No,Yes
CUST03514,45.0,Male,7,92.62,8598.72,Month-to-month,Fiber optic,Bank transfer,No,3,Yes,No,No
CUST03515,64.0,Male,3,70.99,2956.78,Month-to-month,Fiber optic,Mailed check,Yes,4,Yes,No,No
CUST03516,,Female,0,32.98,56.85,Month-to-month,No,Mailed check,No,4,Yes,No,No
CUST03517,23.0,Female,0,95.01,,Month-to-month,Fiber optic,Credit card,No,1,No,Yes,No
CUST03518,26.0,Female,0,29.92,343.49,Month-to-month,Fiber optic,Credit card,No,1,No,Yes,No
CUST03519,37.0,Female,10,103.9,12986.16,Two year,Fiber optic,Mailed check,No,2,Yes,Yes,No
CUST03520,18.0,Male,0,113.14,302.19,Two year,Fiber optic,Mailed check,No,2,No,No,No
CUST03521,25.0,Male,4,52.24,2747.38,Two year,DSL,Electronic check,No,2,Yes,Yes,No
CUST03522,40.0,Female,3,112.61,4888.27,Month-to-month,Fiber optic,Credit card,No,4,Yes,No,No
CUST03523,20.0,Female,8,99.3,9978.28,Two year,DSL,Credit card,No,4,No,No,No
CUST03524,21.0,Male,2,112.24,3559.89,Month-to-month,DSL,Credit card,No,2,No,No,Yes
CUST03525,42.0,Female,6,86.63,7245.33,Month-to-month,DSL,Credit card,No,2,Yes,Yes,No
CUST03526,64.0,Male,10,43.56,5592.15,One year,DSL,Mailed check,Yes,1,Yes,Yes,No
CUST03527,55.0,Female,7,109.45,9739.87,Month-to-month,DSL,Mailed check,No,4,Yes,No,No
CUST03528,32.0,Female,5,38.43,2739.8,Two year,Fiber optic,Bank transfer,No,4,Yes,No,Yes
CUST03529,38.0,Female,9,41.31,4759.82,Month-to-month,DSL,Bank transfer,No,5,No,No,No
CUST03530,52.0,Male,0,47.11,113.63,Month-to-month,Fiber optic,Mailed check,No,2,No,Yes,Yes
CUST03531,63.0,Male,7,50.42,4562.44,Month-to-month,Fiber optic,Electronic check,Yes,4,No,No,No
CUST03532,69.0,Female,9,71.45,8301.78,Two year,DSL,Mailed check,Yes,4,No,No,No
CUST03533,31.0,Female,2,91.35,3126.07,Month-to-month,No,Electronic check,No,1,Yes,No,No
CUST03534,53.0,Female,7,112.62,10732.83,One year,Fiber optic,Credit card,No,3,No,Yes,No
CUST03535,29.0,Female,3,28.84,1167.78,One year,No,Bank transfer,No,2,No,Yes,No
CUST03536,34.0,Female,7,115.44,10009.88,One year,Fiber optic,Electronic check,No,3,No,No,No
CUST03537,56.0,Female,10,112.13,13658.79,Month-to-month,Fiber optic,Credit card,No,1,Yes,No,No
CUST03538,26.0,Female,0,25.4,231.7,Month-to-month,No,Mailed check,No,6,Yes,No,Yes
CUST03539,52.0,Female,2,56.03,1890.83,One year,DSL,Bank transfer,No,2,Yes,Yes,Yes
CUST03540,30.0,Male,5,101.31,6636.12,Two year,Fiber optic,Mailed check,No,3,Yes,Yes,Yes
CUST03541,32.0,Male,8,81.16,8225.99,Two year,Fiber optic,Credit card,No,1,Yes,No,Yes
CUST03542,35.0,Male,1,97.91,2300.55,Month-to-month,No,Credit card,No,2,No,Yes,Yes
CUST03543,68.0,Male,10,91.9,12046.57,Month-to-month,DSL,Mailed check,Yes,1,No,No,No
CUST03544,50.0,Female,0,69.68,248.47,Month-to-month,Fiber optic,Credit card,No,4,No,Yes,No
CUST03545,23.0,Male,9,24.12,2836.24,One year,DSL,Credit card,No,2,No,No,No
CUST03546,44.0,Male,2,78.43,2497.97,Month-to-month,No,Electronic check,No,2,Yes,Yes,Yes
CUST03547,40.0,Female,3,24.86,961.99,One year,Fiber optic,Mailed check,No,1,Yes,No,No
CUST03548,44.0,Male,10,80.37,10040.18,Two year,No,Mailed check,No,1,Yes,No,No
CUST03549,51.0,Male,4,100.04,5097.26,Month-to-month,No,Bank transfer,No,1,Yes,No,No
CUST03550,63.0,Male,2,78.5,2217.37,Month-to-month,Fiber optic,Electronic check,Yes,1,No,Yes,No
CUST03551,55.0,Male,9,119.7,13857.47,Two year,Fiber optic,Electronic check,No,3,Yes,No,Yes
CUST03552,31.0,Male,10,65.59,8207.14,Month-to-month,Fiber optic,Credit card,No,3,No,No,No
CUST03553,53.0,Female,1,94.88,1644.71,Month-to-month,Fiber optic,Bank transfer,No,4,Yes,No,No
CUST03554,25.0,Female,1,86.72,1642.14,Month-to-month,Fiber optic,Bank transfer,No,3,No,No,No
CUST03555,52.0,Female,6,119.14,8811.53,Month-to-month,DSL,Electronic check,No,3,Yes,Yes,No
CUST03556,36.0,Male,8,91.32,9600.18,One year,Fiber optic,Bank transfer,No,2,No,Yes,Yes
CUST03557,47.0,Male,9,36.4,4128.44,Month-to-month,No,Electronic check,No,1,No,No,No
CUST03558,31.0,Male,1,115.55,2112.76,Month-to-month,DSL,Bank transfer,No,2,No,Yes,No
CUST03559,37.0,Female,6,86.78,7264.99,One year,Fiber optic,Electronic check,No,5,Yes,No,No
CUST03560,66.0,Male,6,25.93,1991.11,Month-to-month,DSL,Electronic check,Yes,1,Yes,Yes,Yes
CUST03561,42.0,Male,10,85.76,10988.46,Month-to-month,Fiber optic,Credit card,No,4,Yes,No,No
CUST03562,57.0,Male,6,108.31,8374.26,One year,DSL,Credit card,No,3,No,No,No
CUST03563,41.0,Male,2,77.7,2706.84,Two year,Fiber optic,Bank transfer,No,3,No,No,No
CUST03564,31.0,Female,6,55.4,4560.21,Month-to-month,DSL,Credit card,No,2,No,No,No
CUST03565,43.0,Female,0,102.09,373.43,Month-to-month,Fiber optic,Mailed check,No,2,No,No,No
CUST03566,55.0,Male,9,98.25,,One year,Fiber optic,Mailed check,No,3,Yes,No,No
CUST03567,40.0,Female,0,74.42,127.77,One year,Fiber optic,Bank transfer,No,1,No,Yes,No
CUST03568,39.0,Female,4,35.44,2112.05,Month-to-month,Fiber optic,Electronic check,No,2,Yes,Yes,Yes
CUST03569,65.0,Female,1,45.1,759.43,Month-to-month,No,Credit card,Yes,3,No,Yes,Yes
CUST03570,36.0,Male,8,93.85,9962.2,Month-to-month,Fiber optic,Bank transfer,No,1,Yes,No,No
CUST03571,63.0,Female,6,100.61,7696.94,One year,DSL,Mailed check,Yes,2,No,Yes,Yes
CUST03572,68.0,Female,3,47.93,2107.03,Month-to-month,DSL,Electronic check,Yes,3,No,No,Yes
CUST03573,20.0,Male,3,56.8,2716.15,Two year,DSL,Credit card,No,2,Yes,Yes,No
CUST03574,59.0,Female,1,27.76,628.6,One year,Fiber optic,Electronic check,No,3,Yes,No,No
CUST03575,36.0,Female,4,91.35,4637.29,One year,Fiber optic,Electronic check,No,2,No,Yes,No
CUST03576,26.0,Female,3,20.36,875.94,Two year,No,Credit card,No,0,No,No,Yes
CUST03577,45.0,Male,0,24.65,119.15,Month-to-month,Fiber optic,Credit card,No,2,No,Yes,Yes
CUST03578,,Male,7,20.43,1834.16,Month-to-month,Fiber optic,Mailed check,No,0,Yes,No,Yes
CUST03579,62.0,Female,2,84.53,2424.91,Month-to-month,DSL,Mailed check,Yes,6,Yes,Yes,No
CUST03580,24.0,Male,5,61.74,3994.3,Month-to-month,DSL,Electronic check,No,2,Yes,No,No
CUST03581,31.0,Male,3,49.75,2137.66,Month-to-month,No,Electronic check,No,4,Yes,Yes,Yes
CUST03582,26.0,Male,8,111.27,11028.15,Month-to-month,DSL,Mailed check,No,4,Yes,Yes,No
CUST03583,36.0,Female,6,39.28,3099.64,Two year,No,Mailed check,No,1,No,Yes,No
CUST03584,64.0,Female,8,58.94,5898.04,One year,DSL,Electronic check,Yes,2,No,Yes,No
CUST03585,69.0,Male,9,114.03,12791.75,Two year,No,Bank transfer,Yes,0,Yes,Yes,No
CUST03586,31.0,Female,2,62.71,2077.35,Month-to-month,Fiber optic,Bank transfer,No,2,No,Yes,No
CUST03587,55.0,Male,0,75.47,100.04,One year,Fiber optic,Bank transfer,No,5,Yes,No,No
CUST03588,53.0,Male,4,28.03,1490.93,Month-to-month,No,Credit card,No,0,Yes,Yes,Yes
CUST03589,57.0,Female,2,99.02,2919.39,Month-to-month,DSL,Mailed check,No,5,Yes,No,No
CUST03590,34.0,Male,5,62.28,4131.42,One year,DSL,Bank transfer,No,1,Yes,Yes,No
CUST03591,47.0,Male,7,100.05,9240.53,Month-to-month,DSL,Bank transfer,No,1,Yes,No,No
CUST03592,26.0,Male,10,45.38,5675.52,One year,DSL,Mailed check,No,1,No,Yes,No
CUST03593,50.0,Male,3,62.25,2449.2,Month-to-month,Fiber optic,Credit card,No,1,No,No,Yes
CUST03594,69.0,Female,4,98.65,5794.07,Month-to-month,No,Bank transfer,Yes,4,No,No,No
CUST03595,42.0,Male,4,,7018.92,Month-to-month,DSL,Credit card,No,1,No,No,Yes
CUST03596,31.0,Female,3,25.96,966.24,Two year,No,Credit card,No,2,Yes,Yes,No
CUST03597,28.0,Male,3,101.25,4354.88,Month-to-month,No,Electronic check,No,0,No,Yes,No
CUST03598,52.0,Female,3,50.07,2040.79,One year,Fiber optic,Mailed check,No,0,No,Yes,No
CUST03599,58.0,Male,3,75.07,3006.32,Month-to-month,No,Electronic check,No,2,Yes,No,No
CUST03600,31.0,Male,3,49.01,1994.35,Month-to-month,Fiber optic,Bank transfer,No,1,No,Yes,Yes
CUST03601,47.0,Female,4,81.34,4557.29,One year,Fiber optic,Electronic check,No,2,No,No,No
CUST03602,58.0,Female,1,55.38,836.12,Month-to-month,Fiber optic,Mailed check,No,5,No,Yes,Yes
CUST03603,21.0,Male,1,53.36,1229.49,Month-to-month,Fiber optic,Credit card,No,2,No,No,No
CUST03604,21.0,Male,8,23.79,2429.61,Month-to-month,DSL,Credit card,No,3,Yes,Yes,No
CUST03605,45.0,Male,1,34.7,575.37,Two year,DSL,Bank transfer,No,0,Yes,Yes,No
CUST03606,25.0,Male,5,111.71,7755.0,Month-to-month,Fiber optic,Mailed check,No,2,No,Yes,No
CUST03607,19.0,Male,1,119.83,1579.34,Month-to-month,DSL,Credit card,No,0,Yes,No,No
CUST03608,58.0,Female,4,98.05,5270.22,Month-to-month,No,Bank transfer,No,1,No,No,No
CUST03609,63.0,Female,3,48.68,1991.42,Month-to-month,Fiber optic,Mailed check,Yes,2,No,Yes,No
CUST03610,39.0,Male,6,60.24,4621.63,Month-to-month,Fiber optic,Mailed check,No,1,No,Yes,No
CUST03611,58.0,Female,6,93.95,7206.7,Month-to-month,DSL,Electronic check,No,2,Yes,No,Yes
CUST03612,33.0,Female,5,116.85,7168.04,Month-to-month,Fiber optic,Credit card,No,2,Yes,No,No
CUST03613,46.0,Male,9,65.55,7254.63,Month-to-month,DSL,Mailed check,No,1,No,Yes,No
CUST03614,66.0,Female,4,102.95,5205.23,Two year,DSL,Credit card,Yes,6,Yes,Yes,No
CUST03615,65.0,Male,0,117.51,1395.4,Month-to-month,No,Credit card,Yes,2,Yes,Yes,Yes
CUST03616,47.0,Female,2,107.35,2709.92,Month-to-month,DSL,Mailed check,No,1,Yes,No,No
CUST03617,29.0,Female,8,42.71,4221.36,Month-to-month,Fiber optic,Credit card,No,2,Yes,No,Yes
CUST03618,52.0,Female,0,20.8,243.69,Month-to-month,DSL,Electronic check,No,2,No,Yes,No
CUST03619,28.0,Female,4,69.21,3869.59,One year,No,Bank transfer,No,5,No,No,No
CUST03620,63.0,Female,1,73.14,1313.4,Month-to-month,Fiber optic,Bank transfer,Yes,1,No,Yes,No
CUST03621,67.0,Male,3,,1519.58,Month-to-month,Fiber optic,Mailed check,Yes,3,No,Yes,No
CUST03622,38.0,Female,10,48.47,6221.91,Month-to-month,Fiber optic,Electronic check,No,2,No,No,No
CUST03623,38.0,Male,0,96.52,242.83,Month-to-month,Fiber optic,Bank transfer,No,2,Yes,Yes,Yes
CUST03624,22.0,Female,2,67.03,2170.64,Two year,DSL,Electronic check,No,3,Yes,Yes,Yes
CUST03625,,Female,9,51.74,6196.95,Month-to-month,Fiber optic,Mailed check,Yes,3,No,Yes,No
CUST03626,37.0,Female,6,82.26,6486.34,Month-to-month,DSL,Electronic check,No,2,No,No,No
CUST03627,54.0,Male,9,85.28,9496.35,Month-to-month,Fiber optic,Mailed check,No,1,No,Yes,No
CUST03628,20.0,Female,2,96.94,3090.27,One year,Fiber optic,Bank transfer,No,1,No,No,No
CUST03629,61.0,Female,3,35.67,1521.05,Month-to-month,No,Bank transfer,Yes,3,Yes,No,No
CUST03630,50.0,Male,1,94.15,1776.1,Month-to-month,DSL,Bank transfer,No,1,Yes,Yes,Yes
CUST03631,26.0,Male,2,79.94,2418.92,Month-to-month,DSL,Bank transfer,No,0,No,No,No
CUST03632,26.0,Male,8,25.76,2689.63,Month-to-month,No,Credit card,No,0,No,Yes,No
CUST03633,21.0,Female,2,97.74,3058.42,Month-to-month,No,Electronic check,No,0,Yes,No,No
CUST03634,52.0,Female,10,58.31,7688.58,Month-to-month,No,Electronic check,No,2,No,No,No
CUST03635,34.0,Female,4,53.04,3080.8,One year,Fiber optic,Electronic check,No,1,No,Yes,Yes
CUST03636,51.0,Female,1,64.81,1031.24,Two year,DSL,Mailed check,No,3,No,Yes,Yes
CUST03637,41.0,Male,3,54.62,2456.99,One year,No,Bank transfer,No,3,No,No,No
CUST03638,49.0,Male,6,53.83,4056.48,Month-to-month,DSL,Bank transfer,No,2,Yes,No,Yes
CUST03639,18.0,Female,6,100.81,8226.68,One year,DSL,Credit card,No,2,No,Yes,No
CUST03640,25.0,Male,2,32.45,863.92,One year,DSL,Credit card,No,4,Yes,Yes,No
CUST03641,62.0,Male,4,117.06,6345.72,Two year,Fiber optic,Bank transfer,Yes,1,Yes,No,No
CUST03642,40.0,Male,0,75.49,732.0,One year,DSL,Electronic check,No,3,No,No,No
CUST03643,64.0,Female,9,38.29,4291.59,One year,Fiber optic,Electronic check,Yes,1,No,Yes,No
CUST03644,57.0,Male,9,33.12,,Month-to-month,DSL,Bank transfer,No,3,No,Yes,Yes
CUST03645,29.0,Female,9,79.15,9188.18,Month-to-month,DSL,Mailed check,No,1,No,No,No
CUST03646,29.0,Female,10,83.3,10443.55,Month-to-month,Fiber optic,Electronic check,No,2,Yes,Yes,No
CUST03647,63.0,Female,0,25.3,143.14,Month-to-month,Fiber optic,Bank transfer,Yes,2,No,No,Yes
CUST03648,64.0,Male,4,44.3,2621.94,Month-to-month,No,Bank transfer,Yes,4,No,Yes,Yes
CUST03649,32.0,Male,9,99.55,11089.44,Month-to-month,No,Credit card,No,2,Yes,No,No
CUST03650,58.0,Male,8,24.96,2611.49,One year,DSL,Credit card,No,5,No,Yes,No
CUST03651,36.0,Male,0,105.51,926.4,Two year,No,Bank transfer,No,1,No,No,Yes
CUST03652,43.0,Female,0,85.82,956.63,Month-to-month,Fiber optic,Mailed check,No,2,Yes,No,No
CUST03653,69.0,Female,3,63.44,2844.95,Month-to-month,Fiber optic,Bank transfer,Yes,3,No,Yes,No
CUST03654,46.0,Female,3,54.64,2372.97,Two year,Fiber optic,Electronic check,No,2,Yes,No,No
CUST03655,39.0,Male,1,21.92,502.58,Two year,No,Mailed check,No,1,No,Yes,No
CUST03656,57.0,Male,8,102.52,10879.47,Month-to-month,DSL,Mailed check,No,4,Yes,Yes,No
CUST03657,38.0,Male,8,34.27,3594.39,Month-to-month,DSL,Credit card,No,3,Yes,Yes,No
CUST03658,68.0,Female,1,50.95,680.61,Month-to-month,Fiber optic,Bank transfer,Yes,2,No,Yes,No
CUST03659,55.0,Female,8,76.91,7776.27,Month-to-month,DSL,Credit card,No,0,Yes,Yes,No
CUST03660,37.0,Male,5,44.6,3030.61,Two year,Fiber optic,Electronic check,No,1,No,No,Yes
CUST03661,46.0,Female,7,69.71,6325.82,One year,Fiber optic,Credit card,No,3,No,Yes,No
CUST03662,68.0,Female,9,100.93,11355.89,Month-to-month,No,Electronic check,Yes,1,No,Yes,No
CUST03663,21.0,Male,3,67.05,2587.37,Two year,DSL,Bank transfer,No,2,No,Yes,Yes
CUST03664,24.0,Male,1,114.9,2192.63,One year,DSL,Bank transfer,No,1,No,No,Yes
CUST03665,45.0,Female,1,104.75,1691.2,Two year,Fiber optic,Credit card,No,1,No,Yes,Yes
CUST03666,45.0,Male,8,53.3,5306.71,Two year,Fiber optic,Credit card,No,3,No,Yes,No
CUST03667,21.0,Female,0,60.0,323.31,Month-to-month,No,Credit card,No,4,No,No,No
CUST03668,39.0,Male,6,62.33,5088.65,Month-to-month,No,Electronic check,No,2,Yes,Yes,Yes
CUST03669,29.0,Female,10,82.62,10440.39,Month-to-month,No,Mailed check,No,1,No,Yes,No
CUST03670,62.0,Male,2,48.68,1332.93,Two year,Fiber optic,Mailed check,Yes,0,Yes,No,No
CUST03671,20.0,Male,2,116.92,3073.35,Two year,Fiber optic,Credit card,No,2,Yes,No,No
CUST03672,39.0,Male,1,80.87,1495.19,One year,DSL,Credit card,No,1,Yes,No,No
CUST03673,61.0,Female,9,59.94,7057.22,Month-to-month,Fiber optic,Bank transfer,Yes,1,Yes,No,Yes
CUST03674,19.0,Female,5,84.5,5761.29,Month-to-month,No,Credit card,No,3,No,Yes,No
CUST03675,41.0,Male,9,59.54,6641.9,One year,DSL,Bank transfer,No,3,No,No,No
CUST03676,51.0,Female,1,101.78,1812.07,One year,DSL,Electronic check,No,1,Yes,No,No
CUST03677,44.0,Female,9,76.78,9091.33,Month-to-month,No,Electronic check,No,3,Yes,No,No
CUST03678,,Male,3,24.2,942.69,Month-to-month,DSL,Electronic check,No,0,Yes,No,No
CUST03679,18.0,Male,9,37.68,4327.66,One year,DSL,Electronic check,No,3,No,Yes,No
CUST03680,25.0,Male,8,106.5,10747.83,Two year,No,Credit card,No,1,No,Yes,No
CUST03681,40.0,Female,8,76.29,7504.34,Month-to-month,DSL,Credit card,No,5,No,Yes,No
CUST03682,55.0,Male,5,115.03,7079.97,Month-to-month,DSL,Bank transfer,No,2,No,Yes,Yes
CUST03683,23.0,Female,3,27.24,1174.44,One year,Fiber optic,Credit card,No,3,No,Yes,No
CUST03684,39.0,Female,6,49.53,3626.99,Two year,Fiber optic,Bank transfer,No,1,Yes,Yes,No
CUST03685,42.0,Female,0,39.35,84.13,Month-to-month,Fiber optic,Electronic check,No,0,No,No,Yes
CUST03686,35.0,Male,3,75.38,,Month-to-month,Fiber optic,Bank transfer,No,3,Yes,Yes,No
CUST03687,34.0,Male,4,58.28,2883.62,Month-to-month,Fiber optic,Bank transfer,No,3,Yes,No,No
CUST03688,29.0,Female,7,35.73,3194.44,Month-to-month,Fiber optic,Credit card,No,1,Yes,Yes,No
CUST03689,23.0,Female,1,84.28,1216.5,Month-to-month,DSL,Electronic check,No,4,Yes,Yes,Yes
CUST03690,43.0,Male,4,73.63,3891.24,One year,DSL,Mailed check,No,1,No,No,No
CUST03691,44.0,Male,5,47.47,3308.79,Month-to-month,Fiber optic,Credit card,No,3,No,Yes,No
CUST03692,25.0,Male,4,67.98,3799.4,One year,Fiber optic,Credit card,No,3,No,Yes,No
CUST03693,36.0,Male,8,94.57,9636.63,Month-to-month,Fiber optic,Mailed check,No,1,No,No,Yes
CUST03694,59.0,Male,9,40.53,4458.71,Month-to-month,Fiber optic,Electronic check,No,4,No,Yes,Yes
CUST03695,18.0,Male,0,49.29,384.99,Month-to-month,Fiber optic,Mailed check,No,3,Yes,Yes,No
CUST03696,46.0,Male,2,54.61,1463.59,Month-to-month,DSL,Bank transfer,No,1,No,Yes,No
CUST03697,62.0,Male,1,94.67,1310.46,Month-to-month,No,Mailed check,Yes,0,No,No,No
CUST03698,66.0,Male,2,104.69,3381.9,Two year,No,Electronic check,Yes,0,No,No,Yes
CUST03699,52.0,Female,9,57.64,6861.04,Month-to-month,Fiber optic,Electronic check,No,3,Yes,Yes,No
CUST03700,57.0,Male,8,49.66,5068.62,Month-to-month,DSL,Mailed check,No,0,Yes,No,No
CUST03701,31.0,Male,8,108.94,10616.31,One year,Fiber optic,Credit card,No,4,No,No,Yes
CUST03702,52.0,Female,9,119.94,14234.87,Two year,Fiber optic,Mailed check,No,4,Yes,No,No
CUST03703,65.0,Male,1,87.04,1195.64,Month-to-month,DSL,Bank transfer,Yes,6,Yes,Yes,Yes
CUST03704,62.0,Male,2,119.0,4110.57,Month-to-month,Fiber optic,Mailed check,Yes,1,Yes,No,No
CUST03705,37.0,Female,3,86.0,3552.66,One year,Fiber optic,Mailed check,No,0,Yes,Yes,No
CUST03706,66.0,Male,8,93.35,9430.16,Month-to-month,No,Mailed check,Yes,1,No,No,Yes
CUST03707,30.0,Female,2,58.87,1823.25,One year,DSL,Bank transfer,No,0,No,Yes,No
CUST03708,55.0,Female,6,63.3,5287.32,Month-to-month,DSL,Mailed check,No,1,Yes,Yes,No
CUST03709,66.0,Male,2,34.41,1200.43,Two year,Fiber optic,Credit card,Yes,1,Yes,No,No
CUST03710,63.0,Female,6,102.28,7995.6,Month-to-month,No,Bank transfer,Yes,4,Yes,No,Yes
CUST03711,66.0,Female,6,113.11,9122.78,Two year,Fiber optic,Credit card,Yes,3,Yes,Yes,No
CUST03712,25.0,Female,8,82.34,8512.7,Month-to-month,Fiber optic,Bank transfer,No,1,Yes,Yes,No
CUST03713,60.0,Female,1,54.36,1121.34,Two year,DSL,Electronic check,Yes,1,Yes,No,No
CUST03714,37.0,Male,5,35.4,2482.34,Month-to-month,Fiber optic,Electronic check,No,2,No,No,Yes
CUST03715,50.0,Female,8,46.52,4530.09,Month-to-month,No,Bank transfer,No,2,Yes,Yes,No
CUST03716,43.0,Female,1,45.54,755.21,Month-to-month,Fiber optic,Bank transfer,No,3,No,No,No
CUST03717,56.0,Male,1,81.35,1916.01,Two year,No,Bank transfer,No,0,No,No,No
CUST03718,38.0,Female,4,114.5,6806.19,Month-to-month,Fiber optic,Electronic check,No,1,No,No,No
CUST03719,66.0,Male,9,24.83,2709.53,Month-to-month,No,Bank transfer,Yes,1,Yes,Yes,No
CUST03720,59.0,Female,9,20.1,2235.44,Month-to-month,DSL,Electronic check,No,0,Yes,Yes,No
CUST03721,60.0,Male,9,80.02,9596.92,Two year,DSL,Electronic check,Yes,1,No,Yes,No
CUST03722,58.0,Female,7,48.41,4377.28,Month-to-month,DSL,Bank transfer,No,1,No,Yes,No
CUST03723,26.0,Male,10,108.05,13754.93,Month-to-month,Fiber optic,Bank transfer,No,4,Yes,No,No
CUST03724,41.0,Female,8,52.73,5211.34,Two year,DSL,Bank transfer,No,1,Yes,No,No
CUST03725,54.0,Male,1,48.97,1118.36,Two year,Fiber optic,Electronic check,No,0,Yes,Yes,No
CUST03726,66.0,Male,4,46.95,2419.99,Month-to-month,No,Mailed check,Yes,1,Yes,Yes,No
CUST03727,58.0,Male,6,34.49,2589.72,Two year,Fiber optic,Bank transfer,No,4,Yes,Yes,Yes
CUST03728,34.0,Male,5,78.15,4963.26,Month-to-month,DSL,Mailed check,No,0,No,No,Yes
CUST03729,41.0,Male,5,36.82,2618.49,Month-to-month,No,Mailed check,No,0,Yes,Yes,Yes
CUST03730,38.0,Female,6,62.46,5042.48,Two year,Fiber optic,Mailed check,No,5,No,No,No
CUST03731,68.0,Female,2,66.1,2211.35,One year,Fiber optic,Credit card,Yes,2,No,Yes,No
CUST03732,56.0,Male,2,22.05,642.7,Month-to-month,No,Mailed check,No,4,No,No,No
CUST03733,58.0,Male,9,21.68,2579.94,Month-to-month,No,Mailed check,No,1,No,No,No
CUST03734,56.0,Female,8,72.02,7611.32,Month-to-month,Fiber optic,Electronic check,No,1,Yes,No,No
CUST03735,30.0,Female,7,89.6,8355.79,One year,No,Credit card,No,3,No,Yes,No
CUST03736,28.0,Male,4,114.21,6816.09,Two year,Fiber optic,Electronic check,No,1,No,Yes,No
CUST03737,63.0,Female,5,37.91,2465.22,Month-to-month,Fiber optic,Electronic check,Yes,2,Yes,Yes,No
CUST03738,36.0,Male,10,30.33,3873.77,Two year,Fiber optic,Mailed check,No,1,Yes,Yes,No
CUST03739,28.0,Male,9,25.21,3000.22,Month-to-month,Fiber optic,Electronic check,No,2,No,Yes,Yes
CUST03740,30.0,Male,0,63.6,616.91,One year,Fiber optic,Bank transfer,No,0,Yes,No,No
CUST03741,63.0,Female,9,82.31,9481.88,Month-to-month,Fiber optic,Mailed check,Yes,1,Yes,No,No
CUST03742,62.0,Male,0,104.06,191.3,One year,DSL,Bank transfer,Yes,0,Yes,Yes,No
CUST03743,18.0,Female,3,88.26,3899.32,Month-to-month,Fiber optic,Mailed check,No,0,Yes,Yes,No
CUST03744,57.0,Female,1,40.84,767.47,Two year,Fiber optic,Mailed check,No,2,Yes,No,Yes
CUST03745,61.0,Female,10,66.18,8141.86,Month-to-month,No,Mailed check,Yes,3,No,No,No
CUST03746,36.0,Female,6,111.03,9182.71,Month-to-month,DSL,Credit card,No,1,Yes,Yes,Yes
CUST03747,29.0,Male,1,52.67,883.58,Two year,No,Mailed check,No,4,Yes,Yes,Yes
CUST03748,25.0,Male,9,69.87,7913.64,Month-to-month,No,Bank transfer,No,0,Yes,Yes,No
CUST03749,25.0,Female,1,115.86,2363.13,Month-to-month,Fiber optic,Mailed check,No,4,Yes,Yes,Yes
CUST03750,62.0,Male,4,93.47,5082.6,Month-to-month,Fiber optic,Mailed check,Yes,1,No,No,No
CUST03751,29.0,Female,3,94.77,3599.56,Two year,Fiber optic,Electronic check,No,1,Yes,Yes,No
CUST03752,65.0,Male,7,45.23,4037.31,Month-to-month,No,Mailed check,Yes,3,No,No,Yes
CUST03753,50.0,Male,3,61.47,2338.27,Month-to-month,Fiber optic,Mailed check,No,2,Yes,Yes,Yes
CUST03754,62.0,Male,5,28.23,1781.26,Month-to-month,DSL,Mailed check,Yes,3,No,No,Yes
CUST03755,43.0,Male,4,80.65,3958.21,Two year,Fiber optic,Mailed check,No,2,Yes,Yes,Yes
CUST03756,56.0,Male,10,30.37,3735.34,Month-to-month,Fiber optic,Mailed check,No,1,Yes,Yes,No
CUST03757,45.0,Male,1,103.59,1723.21,Month-to-month,DSL,Mailed check,No,1,No,No,Yes
CUST03758,22.0,Female,10,101.46,12877.34,One year,Fiber optic,Credit card,No,2,Yes,No,No
CUST03759,25.0,Male,7,73.36,6977.42,Month-to-month,DSL,Bank transfer,No,2,No,No,No
CUST03760,42.0,Male,1,34.12,646.36,Month-to-month,Fiber optic,Credit card,No,1,Yes,No,Yes
CUST03761,44.0,Male,8,22.56,2363.42,Two year,Fiber optic,Bank transfer,No,7,No,Yes,No
CUST03762,63.0,Female,8,99.67,10060.14,Month-to-month,No,Credit card,Yes,2,No,No,No
CUST03763,40.0,Male,2,80.01,2661.77,One year,Fiber optic,Mailed check,No,5,Yes,Yes,Yes
CUST03764,47.0,Male,3,91.09,3992.03,Two year,Fiber optic,Credit card,No,5,No,Yes,No
CUST03765,62.0,Male,7,50.38,4537.11,Month-to-month,No,Bank transfer,Yes,1,Yes,Yes,No
CUST03766,64.0,Female,8,70.95,7033.38,Month-to-month,Fiber optic,Electronic check,Yes,4,No,Yes,No
CUST03767,40.0,Male,2,94.72,2684.27,Two year,No,Electronic check,No,0,Yes,Yes,No
CUST03768,66.0,Female,4,66.26,3699.32,One year,DSL,Mailed check,Yes,3,No,Yes,No
CUST03769,64.0,Female,10,80.14,10072.53,Month-to-month,No,Mailed check,Yes,2,No,No,No
CUST03770,37.0,Male,7,98.97,9380.7,Month-to-month,DSL,Bank transfer,No,4,Yes,Yes,No
CUST03771,35.0,Male,2,41.52,1145.26,One year,No,Electronic check,No,1,No,Yes,Yes
CUST03772,35.0,Female,6,26.59,1962.44,Month-to-month,DSL,Mailed check,No,3,Yes,No,No
CUST03773,19.0,Female,10,73.18,9329.19,Month-to-month,DSL,Credit card,No,5,Yes,Yes,No
CUST03774,21.0,Male,7,26.21,2483.31,Two year,DSL,Credit card,No,0,Yes,No,No
CUST03775,47.0,Male,9,96.66,10923.75,Month-to-month,DSL,Electronic check,No,3,Yes,Yes,Yes
CUST03776,50.0,Female,10,91.92,11777.23,Two year,Fiber optic,Bank transfer,No,4,Yes,Yes,Yes
CUST03777,53.0,Female,2,108.17,2979.6,One year,Fiber optic,Mailed check,No,0,Yes,No,Yes
CUST03778,35.0,Female,1,83.96,1607.26,Month-to-month,No,Mailed check,No,1,Yes,No,No
CUST03779,54.0,Female,9,26.72,3143.73,One year,Fiber optic,Mailed check,No,5,Yes,Yes,No
CUST03780,36.0,Male,6,45.32,3740.59,Month-to-month,DSL,Electronic check,No,1,Yes,No,Yes
CUST03781,64.0,Female,8,100.79,9893.17,Month-to-month,Fiber optic,Credit card,Yes,0,Yes,Yes,No
CUST03782,45.0,Male,0,36.71,180.62,Month-to-month,DSL,Bank transfer,No,1,Yes,No,Yes
CUST03783,57.0,Female,2,89.85,2878.44,One year,No,Electronic check,No,4,No,No,No
CUST03784,37.0,Female,4,98.03,4840.91,One year,Fiber optic,Electronic check,No,0,Yes,Yes,No
CUST03785,66.0,Male,2,53.01,1727.95,Two year,Fiber optic,Mailed check,Yes,2,Yes,No,No
CUST03786,50.0,Male,0,52.23,355.6,Two year,DSL,Credit card,No,5,Yes,Yes,No
CUST03787,29.0,Male,6,75.78,5772.48,Month-to-month,DSL,Bank transfer,No,1,No,Yes,Yes
CUST03788,68.0,Male,6,106.13,8698.54,One year,Fiber optic,Bank transfer,Yes,0,Yes,No,Yes
CUST03789,32.0,Female,9,42.39,4755.76,Month-to-month,Fiber optic,Mailed check,No,4,Yes,No,No
CUST03790,58.0,Male,7,114.13,10945.7,Month-to-month,No,Bank transfer,No,2,Yes,Yes,No
CUST03791,56.0,Male,4,79.91,4633.19,Month-to-month,Fiber optic,Credit card,No,3,No,No,Yes
CUST03792,19.0,Male,9,119.21,13922.27,One year,No,Mailed check,No,2,Yes,Yes,Yes
CUST03793,46.0,Female,4,28.96,1438.58,Month-to-month,No,Mailed check,No,1,No,No,No
CUST03794,58.0,Female,4,32.66,1925.22,Month-to-month,DSL,Credit card,No,1,Yes,No,Yes
CUST03795,27.0,Male,0,102.66,994.84,Month-to-month,No,Bank transfer,No,1,Yes,No,Yes
CUST03796,19.0,Female,9,106.48,11874.57,Month-to-month,DSL,Credit card,No,3,No,No,No
CUST03797,68.0,Female,4,64.55,3441.47,Two year,Fiber optic,Bank transfer,Yes,3,No,No,No
CUST03798,28.0,Male,5,91.41,5846.12,Two year,Fiber optic,Bank transfer,No,5,No,Yes,Yes
CUST03799,30.0,Female,0,106.76,1262.82,One year,Fiber optic,Bank transfer,No,2,Yes,Yes,No
CUST03800,27.0,Male,10,24.31,3169.93,One year,DSL,Credit card,No,2,No,No,No
CUST03801,31.0,Male,6,77.4,6442.19,One year,Fiber optic,Credit card,No,4,No,Yes,Yes
CUST03802,35.0,Male,0,105.35,1019.42,One year,No,Electronic check,No,1,Yes,Yes,Yes
CUST03803,68.0,Female,10,59.82,7538.51,One year,No,Credit card,Yes,1,Yes,Yes,No
CUST03804,26.0,Male,1,50.24,766.65,Month-to-month,Fiber optic,Mailed check,No,2,Yes,Yes,No
CUST03805,56.0,Female,1,99.57,1522.31,Month-to-month,DSL,Mailed check,No,2,No,Yes,No
CUST03806,45.0,Female,4,53.58,2714.82,Month-to-month,No,Mailed check,No,1,Yes,No,Yes
CUST03807,20.0,Female,9,20.32,2337.07,Month-to-month,No,Mailed check,No,2,Yes,No,No
CUST03808,37.0,Female,6,115.96,9638.55,Month-to-month,Fiber optic,Electronic check,No,2,No,No,No
CUST03809,23.0,Male,0,79.21,943.37,One year,DSL,Credit card,No,3,Yes,Yes,Yes
CUST03810,44.0,Male,9,101.95,11434.74,One year,No,Credit card,No,1,Yes,Yes,No
CUST03811,19.0,Female,0,102.53,888.98,Month-to-month,No,Bank transfer,No,3,No,No,Yes
CUST03812,46.0,Male,0,26.64,201.61,Month-to-month,DSL,Credit card,No,2,No,No,Yes
CUST03813,55.0,Female,5,37.09,2461.97,One year,No,Bank transfer,No,2,No,Yes,No
CUST03814,20.0,Female,1,51.11,1038.73,Month-to-month,Fiber optic,Bank transfer,No,1,No,Yes,Yes
CUST03815,33.0,Male,0,52.07,264.78,Month-to-month,No,Mailed check,No,4,No,Yes,Yes
CUST03816,47.0,Female,5,85.88,6130.92,Two year,Fiber optic,Electronic check,No,1,Yes,Yes,No
CUST03817,57.0,Male,1,,1708.75,Month-to-month,Fiber optic,Electronic check,No,3,No,Yes,Yes
CUST03818,19.0,Female,5,69.46,4813.31,Two year,DSL,Credit card,No,4,No,Yes,No
CUST03819,34.0,Female,9,41.13,4592.85,Two year,No,Bank transfer,No,1,Yes,No,No
CUST03820,58.0,Female,7,58.2,5054.93,Two year,Fiber optic,Mailed check,No,4,No,No,Yes
CUST03821,29.0,Female,1,74.36,1289.23,Month-to-month,No,Bank transfer,No,3,No,No,No
CUST03822,52.0,Male,10,66.8,8646.15,Month-to-month,DSL,Mailed check,No,2,Yes,No,No
CUST03823,60.0,Female,8,32.73,3512.8,Month-to-month,Fiber optic,Bank transfer,Yes,3,Yes,Yes,Yes
CUST03824,18.0,Female,7,84.95,7620.07,Month-to-month,Fiber optic,Credit card,No,2,Yes,Yes,Yes
CUST03825,62.0,Male,9,27.31,3209.35,Month-to-month,DSL,Credit card,Yes,3,Yes,No,Yes
CUST03826,32.0,Female,0,57.82,357.01,One year,DSL,Bank transfer,No,2,Yes,Yes,No
CUST03827,43.0,Female,6,91.0,6938.52,Two year,DSL,Electronic check,No,1,Yes,No,No
CUST03828,54.0,Female,9,22.0,2576.9,Two year,Fiber optic,Mailed check,No,1,No,No,No
CUST03829,38.0,Female,5,77.0,5373.08,Month-to-month,Fiber optic,Electronic check,No,5,Yes,No,No
CUST03830,66.0,Female,5,53.45,3379.71,One year,DSL,Electronic check,Yes,2,Yes,No,No
CUST03831,48.0,Female,5,20.88,1343.77,Month-to-month,DSL,Bank transfer,No,3,Yes,No,No
CUST03832,42.0,Male,5,39.04,2593.92,Month-to-month,Fiber optic,Mailed check,No,2,Yes,Yes,No
CUST03833,40.0,Female,9,114.09,12669.89,Two year,DSL,Mailed check,No,2,No,Yes,No
CUST03834,41.0,Male,6,72.11,6000.79,Month-to-month,Fiber optic,Credit card,No,0,Yes,No,No
CUST03835,55.0,Female,2,119.72,3771.74,Month-to-month,Fiber optic,Bank transfer,No,1,No,No,No
CUST03836,45.0,Male,5,72.48,4517.91,Two year,Fiber optic,Bank transfer,No,1,No,Yes,No
CUST03837,38.0,Male,2,74.39,2010.34,Month-to-month,Fiber optic,Bank transfer,No,2,Yes,No,No
CUST03838,60.0,Male,6,59.18,4941.41,Two year,DSL,Credit card,Yes,2,No,Yes,No
CUST03839,35.0,Male,6,51.0,4137.11,Month-to-month,DSL,Credit card,No,3,Yes,Yes,No
CUST03840,53.0,Female,7,45.15,4202.49,Two year,No,Mailed check,No,3,No,No,No
CUST03841,52.0,Female,1,54.34,749.76,Month-to-month,No,Credit card,No,2,No,Yes,No
CUST03842,62.0,Female,8,65.99,7050.92,Month-to-month,Fiber optic,Bank transfer,Yes,2,No,No,No
CUST03843,26.0,Male,4,39.2,2112.14,Month-to-month,DSL,Bank transfer,No,3,No,Yes,Yes
CUST03844,55.0,Male,8,42.49,4429.88,One year,Fiber optic,Electronic check,No,1,Yes,Yes,No
CUST03845,47.0,Male,9,47.15,5637.09,Two year,No,Credit card,No,6,No,No,No
CUST03846,61.0,Male,4,64.93,3253.0,One year,Fiber optic,Bank transfer,Yes,2,Yes,Yes,Yes
CUST03847,51.0,Male,6,85.28,6677.85,Two year,No,Bank transfer,No,2,No,No,Yes
CUST03848,49.0,Male,10,105.61,12836.45,Two year,DSL,Mailed check,No,1,Yes,No,Yes
CUST03849,20.0,Male,8,48.71,4992.53,Month-to-month,Fiber optic,Credit card,No,2,No,No,No
CUST03850,,Female,3,38.37,1526.16,One year,Fiber optic,Bank transfer,No,2,Yes,No,No
CUST03851,45.0,Male,1,57.88,1332.5,Month-to-month,Fiber optic,Mailed check,No,4,No,No,Yes
CUST03852,61.0,Female,8,109.44,11095.4,Month-to-month,Fiber optic,Electronic check,Yes,2,Yes,Yes,Yes
CUST03853,32.0,Female,1,20.99,419.22,Month-to-month,Fiber optic,Electronic check,No,2,Yes,Yes,No
CUST03854,58.0,Male,2,87.79,3025.52,Month-to-month,No,Mailed check,No,6,No,Yes,Yes
CUST03855,40.0,Male,9,67.72,8114.25,One year,No,Credit card,No,3,No,No,No
CUST03856,57.0,Male,1,36.1,669.37,Month-to-month,DSL,Bank transfer,No,3,No,Yes,No
CUST03857,28.0,Male,2,52.1,1563.69,One year,Fiber optic,Credit card,No,2,No,Yes,No
CUST03858,65.0,Female,5,42.5,2627.91,Two year,No,Mailed check,Yes,2,No,No,No
CUST03859,49.0,Male,2,107.78,2709.6,Month-to-month,DSL,Bank transfer,No,2,Yes,No,Yes
CUST03860,53.0,Female,9,68.19,7889.37,One year,Fiber optic,Bank transfer,No,1,Yes,No,Yes
CUST03861,50.0,Male,7,76.31,6541.3,One year,DSL,Bank transfer,No,1,No,No,No
CUST03862,41.0,Female,10,79.37,9935.87,Month-to-month,DSL,Credit card,No,2,No,Yes,No
CUST03863,56.0,Female,5,83.96,5124.89,One year,No,Credit card,No,1,No,Yes,No
CUST03864,51.0,Female,6,69.56,5548.63,Month-to-month,Fiber optic,Mailed check,No,2,No,Yes,No
CUST03865,45.0,Female,0,21.79,123.76,Month-to-month,Fiber optic,Electronic check,No,3,No,Yes,No
CUST03866,54.0,Female,2,53.47,1411.46,Month-to-month,DSL,Mailed check,No,4,Yes,Yes,Yes
CUST03867,24.0,Male,2,38.39,1084.9,Month-to-month,DSL,Bank transfer,No,3,Yes,No,No
CUST03868,21.0,Male,1,88.01,1695.62,Month-to-month,No,Mailed check,No,2,Yes,Yes,Yes
CUST03869,54.0,Male,6,25.67,2059.35,Month-to-month,Fiber optic,Electronic check,No,0,No,No,No
CUST03870,18.0,Female,8,76.38,7797.31,Month-to-month,DSL,Mailed check,No,0,No,Yes,Yes
CUST03871,18.0,Male,3,41.06,1882.34,Two year,No,Electronic check,No,4,No,No,No
CUST03872,64.0,Female,4,114.88,5771.21,Two year,Fiber optic,Electronic check,Yes,3,Yes,Yes,No
CUST03873,37.0,Female,2,53.55,1388.55,Month-to-month,Fiber optic,Bank transfer,No,1,No,Yes,No
CUST03874,36.0,Male,10,52.52,6380.48,Month-to-month,Fiber optic,Electronic check,No,0,No,No,Yes
CUST03875,46.0,Female,8,112.34,11559.12,Month-to-month,DSL,Credit card,No,1,No,No,No
CUST03876,27.0,Male,3,61.73,2763.56,Two year,Fiber optic,Mailed check,No,4,Yes,No,No
CUST03877,35.0,Female,4,116.29,5865.17,Month-to-month,Fiber optic,Mailed check,No,2,Yes,No,No
CUST03878,45.0,Male,0,22.42,180.0,Month-to-month,DSL,Credit card,No,2,Yes,Yes,No
CUST03879,52.0,Female,10,50.63,6391.86,Month-to-month,Fiber optic,Credit card,No,1,Yes,Yes,Yes
CUST03880,60.0,Male,1,86.62,2066.82,One year,Fiber optic,Bank transfer,Yes,2,Yes,No,Yes
CUST03881,64.0,Male,8,109.09,11442.69,Month-to-month,Fiber optic,Mailed check,Yes,0,Yes,Yes,No
CUST03882,48.0,Female,1,45.64,923.4,Month-to-month,DSL,Credit card,No,0,No,No,No
CUST03883,44.0,Female,4,113.05,6248.83,One year,No,Bank transfer,No,2,No,Yes,Yes
CUST03884,28.0,Female,7,79.41,7621.06,One year,No,Mailed check,No,0,No,No,No
CUST03885,66.0,Male,2,100.1,3582.08,One year,DSL,Mailed check,Yes,2,Yes,No,No
CUST03886,66.0,Male,5,59.72,3996.42,Month-to-month,No,Credit card,Yes,6,Yes,Yes,No
CUST03887,55.0,Female,3,41.22,,One year,Fiber optic,Electronic check,No,1,Yes,Yes,Yes
CUST03888,22.0,Male,10,111.12,14010.37,Month-to-month,Fiber optic,Electronic check,No,2,Yes,Yes,No
CUST03889,25.0,Male,6,113.31,8805.52,Month-to-month,No,Credit card,No,1,No,No,No
CUST03890,51.0,Female,9,69.76,8011.61,Month-to-month,DSL,Electronic check,No,1,No,Yes,No
CUST03891,65.0,Male,2,20.65,578.39,Month-to-month,DSL,Mailed check,Yes,4,Yes,Yes,No
CUST03892,69.0,Male,5,30.98,2205.61,Month-to-month,DSL,Bank transfer,Yes,2,Yes,No,Yes
CUST03893,29.0,Male,9,77.3,8842.54,Month-to-month,Fiber optic,Bank transfer,No,2,Yes,Yes,No
CUST03894,55.0,Female,8,22.38,2378.15,Month-to-month,DSL,Credit card,No,3,No,No,No
CUST03895,18.0,Male,10,59.69,7534.57,Month-to-month,Fiber optic,Bank transfer,No,2,Yes,Yes,No
CUST03896,48.0,Female,9,50.34,5884.81,One year,DSL,Credit card,No,1,No,No,No
CUST03897,21.0,Male,0,91.43,430.24,Month-to-month,Fiber optic,Electronic check,No,6,No,No,Yes
CUST03898,66.0,Male,2,25.56,814.67,Two year,DSL,Mailed check,Yes,3,Yes,Yes,No
CUST03899,62.0,Male,1,68.87,1272.86,Month-to-month,Fiber optic,Electronic check,Yes,1,Yes,Yes,No
CUST03900,67.0,Male,7,77.91,6936.97,Month-to-month,DSL,Credit card,Yes,2,Yes,Yes,Yes
CUST03901,22.0,Male,6,81.73,6758.84,Month-to-month,Fiber optic,Mailed check,No,2,No,No,No
CUST03902,47.0,Female,1,60.52,861.79,One year,No,Mailed check,No,0,No,Yes,No
CUST03903,41.0,Male,5,50.44,3347.0,One year,DSL,Mailed check,No,2,No,No,No
CUST03904,20.0,Male,2,88.25,2394.93,Two year,Fiber optic,Electronic check,No,5,No,Yes,No
CUST03905,28.0,Male,7,104.76,9896.85,Month-to-month,No,Mailed check,No,2,No,No,No
CUST03906,62.0,Male,9,89.36,9989.39,Month-to-month,No,Electronic check,Yes,1,No,Yes,No
CUST03907,21.0,Female,2,113.21,3619.07,One year,Fiber optic,Electronic check,No,0,Yes,Yes,No
CUST03908,43.0,Male,9,91.73,10165.63,One year,DSL,Mailed check,No,3,Yes,Yes,Yes
CUST03909,44.0,Male,8,96.46,9786.26,Two year,DSL,Credit card,No,2,Yes,No,No
CUST03910,63.0,Male,0,36.79,400.75,Month-to-month,Fiber optic,Mailed check,Yes,2,No,No,No
CUST03911,60.0,Male,4,61.95,3148.71,One year,Fiber optic,Mailed check,Yes,1,Yes,No,No
CUST03912,44.0,Female,2,68.51,2212.54,Month-to-month,Fiber optic,Electronic check,No,2,Yes,No,No
CUST03913,59.0,Female,5,45.63,2886.08,Month-to-month,Fiber optic,Mailed check,No,3,Yes,Yes,Yes
CUST03914,68.0,Male,9,72.85,8273.81,Month-to-month,DSL,Credit card,Yes,1,No,No,No
CUST03915,67.0,Male,1,49.08,929.91,One year,DSL,Mailed check,Yes,2,Yes,Yes,No
CUST03916,23.0,Male,8,88.75,9172.35,One year,No,Credit card,No,1,Yes,Yes,No
CUST03917,32.0,Male,5,67.03,4533.08,Month-to-month,No,Bank transfer,No,2,No,No,No
CUST03918,,Male,6,65.88,5273.13,Month-to-month,Fiber optic,Bank transfer,No,2,Yes,Yes,No
CUST03919,59.0,Female,4,118.36,6153.47,Month-to-month,DSL,Bank transfer,No,1,Yes,Yes,Yes
CUST03920,54.0,Female,8,59.24,6007.83,Month-to-month,No,Mailed check,No,2,No,Yes,Yes
CUST03921,54.0,Male,0,56.23,79.31,Month-to-month,DSL,Electronic check,No,1,Yes,Yes,No
CUST03922,59.0,Male,4,51.86,2979.69,Month-to-month,Fiber optic,Credit card,No,1,No,Yes,Yes
CUST03923,54.0,Male,10,109.47,14253.88,One year,DSL,Bank transfer,No,0,No,No,No
CUST03924,52.0,Female,9,69.67,7746.72,Month-to-month,Fiber optic,Credit card,No,1,Yes,No,Yes
CUST03925,40.0,Male,10,80.0,9857.27,Month-to-month,Fiber optic,Electronic check,No,0,No,No,No
CUST03926,23.0,Male,5,38.08,2340.49,Two year,No,Credit card,No,1,Yes,Yes,Yes
CUST03927,21.0,Female,6,74.09,,Month-to-month,Fiber optic,Credit card,No,2,Yes,Yes,No
CUST03928,35.0,Female,3,47.46,2177.42,One year,No,Bank transfer,No,2,Yes,No,No
CUST03929,26.0,Male,0,93.06,462.3,Month-to-month,Fiber optic,Credit card,No,2,Yes,Yes,No
CUST03930,66.0,Male,10,103.25,13040.58,Two year,Fiber optic,Bank transfer,Yes,0,Yes,No,No
CUST03931,46.0,Male,7,91.48,8069.6,Month-to-month,Fiber optic,Electronic check,No,1,No,Yes,Yes
CUST03932,30.0,Male,9,93.02,10750.29,One year,DSL,Bank transfer,No,1,No,Yes,No
CUST03933,64.0,Female,3,71.25,3198.44,Month-to-month,Fiber optic,Credit card,Yes,4,Yes,No,Yes
CUST03934,69.0,Female,2,91.21,2729.1,Two year,No,Electronic check,Yes,3,No,Yes,No
CUST03935,34.0,Male,6,62.27,5144.1,Month-to-month,DSL,Mailed check,No,4,Yes,Yes,No
CUST03936,62.0,Female,1,85.15,,Month-to-month,DSL,Mailed check,Yes,2,Yes,No,Yes
CUST03937,49.0,Male,7,45.9,3974.33,Month-to-month,DSL,Electronic check,No,4,Yes,No,Yes
CUST03938,65.0,Female,5,26.98,1830.46,Two year,No,Electronic check,Yes,2,Yes,No,No
CUST03939,39.0,Male,6,61.35,4790.49,One year,DSL,Credit card,No,1,No,No,No
CUST03940,21.0,Male,4,66.18,3923.97,Month-to-month,DSL,Mailed check,No,3,Yes,No,No
CUST03941,22.0,Female,8,45.64,4623.83,Month-to-month,DSL,Electronic check,No,1,Yes,No,No
CUST03942,54.0,Female,4,92.77,4956.84,Month-to-month,DSL,Mailed check,No,2,Yes,Yes,No
CUST03943,58.0,Female,10,27.36,3506.42,Month-to-month,Fiber optic,Mailed check,No,1,Yes,Yes,No
CUST03944,66.0,Female,4,42.27,2316.26,Month-to-month,No,Credit card,Yes,2,No,No,No
CUST03945,30.0,Female,2,94.86,2762.22,Two year,DSL,Electronic check,No,2,Yes,Yes,No
CUST03946,51.0,Male,10,63.71,8402.55,One year,DSL,Bank transfer,No,1,No,Yes,No
CUST03947,62.0,Male,0,90.53,391.46,Two year,No,Electronic check,Yes,0,No,No,No
CUST03948,39.0,Female,1,76.75,1232.05,Month-to-month,No,Mailed check,No,2,No,Yes,No
CUST03949,40.0,Male,7,115.07,10875.12,One year,DSL,Bank transfer,No,3,No,Yes,No
CUST03950,68.0,Male,0,79.78,82.74,Month-to-month,DSL,Bank transfer,Yes,1,Yes,Yes,Yes
CUST03951,20.0,Male,6,21.49,1616.34,Month-to-month,No,Mailed check,No,4,No,No,No
CUST03952,59.0,Male,4,55.29,3068.31,Month-to-month,Fiber optic,Bank transfer,No,2,No,Yes,No
CUST03953,51.0,Female,2,34.31,919.06,Month-to-month,No,Bank transfer,No,2,No,No,Yes
CUST03954,49.0,Male,10,112.46,14827.16,Two year,DSL,Electronic check,No,2,No,No,No
CUST03955,62.0,Male,6,30.4,2374.43,Month-to-month,Fiber optic,Mailed check,Yes,2,No,Yes,No
CUST03956,68.0,Male,8,58.77,6086.87,Two year,Fiber optic,Credit card,Yes,3,Yes,Yes,No
CUST03957,66.0,Male,1,42.61,629.1,One year,No,Bank transfer,Yes,0,Yes,No,No
CUST03958,38.0,Female,7,104.67,9230.13,Month-to-month,No,Mailed check,No,4,No,No,Yes
CUST03959,63.0,Male,8,50.86,5277.28,Month-to-month,DSL,Electronic check,Yes,3,No,No,No
CUST03960,61.0,Male,10,119.19,15142.5,Month-to-month,Fiber optic,Electronic check,Yes,2,Yes,Yes,No
CUST03961,38.0,Male,2,23.86,802.36,Month-to-month,DSL,Electronic check,No,4,No,No,No
CUST03962,61.0,Female,1,32.83,524.02,One year,No,Bank transfer,Yes,2,Yes,No,No
CUST03963,28.0,Female,6,42.46,3404.82,Two year,Fiber optic,Credit card,No,0,No,No,Yes
CUST03964,56.0,Male,4,101.11,5278.02,Month-to-month,No,Electronic check,No,2,No,No,No
CUST03965,21.0,Male,4,107.85,5980.74,Two year,DSL,Credit card,No,2,Yes,No,No
CUST03966,68.0,Female,9,27.15,3140.04,Month-to-month,DSL,Mailed check,Yes,0,No,Yes,No
CUST03967,18.0,Male,4,23.25,1170.41,Month-to-month,DSL,Electronic check,No,3,No,Yes,No
CUST03968,45.0,Female,3,94.46,4065.08,Month-to-month,DSL,Bank transfer,No,5,Yes,Yes,No
CUST03969,41.0,Male,4,33.34,1638.04,Month-to-month,Fiber optic,Electronic check,No,0,No,No,Yes
CUST03970,52.0,Male,3,33.3,1415.69,Month-to-month,No,Bank transfer,No,2,Yes,No,No
CUST03971,30.0,Female,5,22.24,1527.28,Month-to-month,Fiber optic,Mailed check,No,1,No,Yes,No
CUST03972,64.0,Male,3,24.98,944.27,Month-to-month,Fiber optic,Credit card,Yes,2,Yes,Yes,No
CUST03973,51.0,Male,1,46.37,1081.62,Month-to-month,No,Credit card,No,6,No,Yes,No
CUST03974,28.0,Male,8,26.5,2704.23,Month-to-month,No,Credit card,No,3,Yes,No,No
CUST03975,53.0,Female,1,56.89,1326.82,Month-to-month,Fiber optic,Electronic check,No,0,Yes,No,No
CUST03976,68.0,Female,8,103.28,10140.17,Month-to-month,DSL,Electronic check,Yes,3,Yes,Yes,No
CUST03977,34.0,Male,9,52.63,6286.6,One year,DSL,Mailed check,No,1,No,Yes,No
CUST03978,52.0,Male,5,92.78,5771.02,Two year,Fiber optic,Credit card,No,1,No,No,No
CUST03979,35.0,Male,8,29.39,3000.03,Month-to-month,Fiber optic,Mailed check,No,0,Yes,No,No
CUST03980,57.0,Male,8,85.94,9222.9,Month-to-month,Fiber optic,Bank transfer,No,1,No,No,No
CUST03981,39.0,Female,2,51.67,1424.01,One year,Fiber optic,Electronic check,No,1,Yes,Yes,No
CUST03982,41.0,Female,0,94.98,131.32,Month-to-month,No,Credit card,No,0,No,Yes,No
CUST03983,36.0,Female,0,33.63,327.03,One year,No,Electronic check,No,0,Yes,No,No
CUST03984,54.0,Male,2,109.79,3464.39,Month-to-month,No,Credit card,No,1,No,Yes,No
CUST03985,56.0,Male,4,44.26,2418.95,Month-to-month,No,Credit card,No,1,No,Yes,No
CUST03986,38.0,Female,2,55.31,1403.64,Month-to-month,DSL,Electronic check,No,1,No,No,Yes
CUST03987,25.0,Male,8,115.02,11983.42,Month-to-month,DSL,Electronic check,No,5,No,No,No
CUST03988,45.0,Male,8,77.85,7698.42,One year,Fiber optic,Mailed check,No,2,No,Yes,No
CUST03989,22.0,Female,2,56.58,1994.06,Month-to-month,Fiber optic,Electronic check,No,4,No,No,Yes
CUST03990,34.0,Male,2,114.96,3741.14,Two year,Fiber optic,Electronic check,No,1,No,Yes,No
CUST03991,54.0,Female,4,52.91,3004.09,Month-to-month,DSL,Electronic check,No,2,No,Yes,No
CUST03992,53.0,Male,1,29.49,458.82,Two year,No,Bank transfer,No,1,Yes,No,No
CUST03993,36.0,Male,5,119.68,8459.97,Month-to-month,DSL,Bank transfer,No,2,Yes,Yes,No
CUST03994,44.0,Male,6,46.78,3691.65,Month-to-month,No,Bank transfer,No,2,Yes,Yes,Yes
CUST03995,51.0,Male,8,105.13,11188.77,One year,Fiber optic,Mailed check,No,2,No,No,Yes
CUST03996,,Male,5,36.55,2338.48,Month-to-month,DSL,Mailed check,No,2,No,No,No
CUST03997,62.0,Female,2,93.14,3102.5,Two year,DSL,Credit card,Yes,3,Yes,No,No
CUST03998,64.0,Female,4,72.44,4007.4,Month-to-month,DSL,Mailed check,Yes,3,Yes,No,No
CUST03999,29.0,Male,3,118.09,4432.23,One year,DSL,Electronic check,No,1,Yes,Yes,No
CUST04000,38.0,Male,4,75.28,4024.38,Month-to-month,Fiber optic,Credit card,No,2,Yes,Yes,No
CUST04001,28.0,Female,7,22.5,1958.02,One year,DSL,Electronic check,No,3,Yes,Yes,No
CUST04002,56.0,Female,7,80.39,7150.76,One year,No,Credit card,No,1,Yes,Yes,No
CUST04003,45.0,Male,5,34.53,2251.94,One year,DSL,Mailed check,No,4,Yes,Yes,No
CUST04004,22.0,Female,0,99.85,621.49,Month-to-month,DSL,Bank transfer,No,4,Yes,No,No
CUST04005,34.0,Female,7,105.66,9678.79,Two year,No,Electronic check,No,2,Yes,No,No
CUST04006,37.0,Female,7,68.21,6226.26,Two year,Fiber optic,Credit card,No,1,Yes,No,No
CUST04007,58.0,Male,1,98.32,1320.33,Two year,Fiber optic,Bank transfer,No,0,No,Yes,No
CUST04008,63.0,Female,3,34.51,1561.84,One year,DSL,Electronic check,Yes,1,No,No,No
CUST04009,29.0,Female,1,69.21,1622.35,Month-to-month,DSL,Electronic check,No,5,No,Yes,Yes
CUST04010,23.0,Female,3,59.39,2425.22,Month-to-month,Fiber optic,Bank transfer,No,1,Yes,No,No
CUST04011,34.0,Female,9,81.13,9003.58,Two year,Fiber optic,Mailed check,No,3,Yes,No,No
CUST04012,68.0,Male,6,24.45,1930.08,Two year,DSL,Bank transfer,Yes,2,No,No,No
CUST04013,36.0,Female,8,95.21,9973.63,Month-to-month,Fiber optic,Mailed check,No,1,No,No,No
CUST04014,43.0,Female,7,27.91,2580.78,Month-to-month,No,Credit card,No,4,Yes,No,No
CUST04015,65.0,Female,8,85.65,8884.75,Two year,DSL,Mailed check,Yes,2,No,Yes,No
CUST04016,61.0,Male,7,21.85,1892.4,Month-to-month,No,Credit card,Yes,2,No,Yes,No
CUST04017,61.0,Male,1,103.19,2291.34,Month-to-month,DSL,Credit card,Yes,1,No,Yes,Yes
CUST04018,69.0,Male,6,37.47,2910.74,Two year,No,Credit card,Yes,4,No,Yes,No
CUST04019,49.0,Female,1,71.55,1104.46,Two year,No,Credit card,No,5,No,Yes,No
CUST04020,23.0,Female,10,46.15,5627.94,Two year,DSL,Electronic check,No,2,No,Yes,No
CUST04021,53.0,Female,1,92.26,1622.29,Month-to-month,No,Credit card,No,3,No,No,No
CUST04022,55.0,Male,3,52.14,2283.61,Month-to-month,Fiber optic,Electronic check,No,1,No,No,No
CUST04023,28.0,Female,0,92.46,769.19,One year,DSL,Electronic check,No,0,No,No,Yes
CUST04024,50.0,Female,4,48.49,2889.52,Month-to-month,Fiber optic,Credit card,No,1,Yes,Yes,Yes
CUST04025,41.0,Male,5,95.25,5970.71,Month-to-month,No,Mailed check,No,2,No,Yes,No
CUST04026,40.0,Female,8,23.06,2486.87,Two year,No,Mailed check,No,0,Yes,Yes,Yes
CUST04027,32.0,Female,9,48.33,5616.02,Two year,DSL,Bank transfer,No,1,Yes,No,Yes
CUST04028,44.0,Male,7,69.86,6287.16,Month-to-month,Fiber optic,Electronic check,No,2,Yes,No,No
CUST04029,28.0,Male,1,24.51,558.1,Month-to-month,DSL,Electronic check,No,3,No,No,No
CUST04030,68.0,Male,0,38.6,333.48,Month-to-month,Fiber optic,Mailed check,Yes,3,No,No,Yes
CUST04031,67.0,Male,1,113.45,1910.03,Month-to-month,Fiber optic,Electronic check,Yes,2,No,No,Yes
CUST04032,34.0,Male,6,117.68,9735.07,Month-to-month,DSL,Mailed check,No,1,No,No,No
CUST04033,68.0,Female,3,93.97,4165.95,Month-to-month,Fiber optic,Bank transfer,Yes,1,No,Yes,No
CUST04034,31.0,Male,9,45.22,5276.6,Month-to-month,No,Credit card,No,3,No,Yes,No
CUST04035,44.0,Female,4,46.05,2710.52,Two year,Fiber optic,Credit card,No,0,No,No,No
CUST04036,35.0,Female,6,84.58,6591.54,Month-to-month,No,Credit card,No,1,No,No,Yes
CUST04037,45.0,Male,2,31.76,1023.5,One year,DSL,Bank transfer,No,0,No,Yes,No
CUST04038,68.0,Male,9,114.83,13457.11,One year,No,Electronic check,Yes,3,Yes,No,No
CUST04039,64.0,Female,1,42.48,764.36,One year,DSL,Bank transfer,Yes,2,No,Yes,No
CUST04040,64.0,Female,6,119.96,8867.2,Two year,Fiber optic,Electronic check,Yes,3,No,No,No
CUST04041,21.0,Female,4,69.57,3999.29,One year,Fiber optic,Electronic check,No,2,No,No,Yes
CUST04042,24.0,Male,0,97.14,148.23,Two year,No,Credit card,No,1,Yes,No,Yes
CUST04043,62.0,Female,0,20.22,179.9,Month-to-month,DSL,Mailed check,Yes,2,No,No,Yes
CUST04044,52.0,Male,8,108.87,11651.23,One year,Fiber optic,Mailed check,No,4,No,Yes,Yes
CUST04045,65.0,Female,4,47.0,2482.38,Month-to-month,Fiber optic,Credit card,Yes,6,Yes,Yes,No
CUST04046,26.0,Female,0,86.79,184.23,Two year,DSL,Electronic check,No,1,No,No,No
CUST04047,25.0,Female,6,100.64,7604.51,Month-to-month,Fiber optic,Bank transfer,No,1,Yes,Yes,Yes
CUST04048,69.0,Male,8,36.41,3756.97,Month-to-month,Fiber optic,Credit card,Yes,2,Yes,No,No
CUST04049,62.0,Male,10,64.25,8440.47,One year,Fiber optic,Credit card,Yes,5,No,Yes,No
CUST04050,34.0,Female,0,69.38,460.34,Month-to-month,DSL,Bank transfer,No,1,No,Yes,Yes
CUST04051,34.0,Female,9,51.21,5645.4,One year,DSL,Electronic check,No,0,Yes,No,No
CUST04052,66.0,Female,3,68.18,2993.48,Two year,No,Credit card,Yes,2,No,Yes,No
CUST04053,50.0,Male,2,51.75,1710.92,Two year,Fiber optic,Credit card,No,3,Yes,No,No
CUST04054,49.0,Male,4,56.07,2990.0,Month-to-month,Fiber optic,Electronic check,No,3,No,Yes,Yes
CUST04055,25.0,Male,6,86.93,7035.82,Month-to-month,Fiber optic,Bank transfer,No,3,Yes,No,No
CUST04056,36.0,Male,7,83.26,7374.59,One year,DSL,Bank transfer,No,5,No,Yes,No
CUST04057,55.0,Male,1,43.23,937.23,One year,Fiber optic,Mailed check,No,0,Yes,No,No
CUST04058,20.0,Female,6,109.75,8423.51,One year,DSL,Mailed check,No,1,Yes,Yes,Yes
CUST04059,22.0,Female,0,106.28,405.69,One year,No,Bank transfer,No,3,Yes,No,No
CUST04060,30.0,Female,6,70.91,5862.2,One year,No,Mailed check,No,2,No,No,No
CUST04061,64.0,Male,7,63.33,5765.13,Month-to-month,No,Mailed check,Yes,4,Yes,Yes,Yes
CUST04062,63.0,Female,1,57.69,930.93,One year,Fiber optic,Electronic check,Yes,2,No,Yes,Yes
CUST04063,48.0,Male,8,90.73,9734.05,Month-to-month,Fiber optic,Credit card,No,3,No,Yes,Yes
CUST04064,33.0,Male,0,87.17,749.61,Month-to-month,No,Mailed check,No,2,Yes,No,No
CUST04065,67.0,Female,5,39.62,2513.01,One year,Fiber optic,Mailed check,Yes,5,Yes,No,Yes
CUST04066,49.0,Female,0,87.15,676.38,Month-to-month,Fiber optic,Electronic check,No,3,No,Yes,Yes
CUST04067,39.0,Male,2,45.24,1564.13,One year,Fiber optic,Bank transfer,No,0,Yes,Yes,No
CUST04068,46.0,Male,10,21.86,2812.46,Month-to-month,Fiber optic,Mailed check,No,0,Yes,Yes,No
CUST04069,39.0,Female,5,89.92,5727.22,Month-to-month,Fiber optic,Credit card,No,2,No,No,No
CUST04070,60.0,Male,2,84.48,2714.96,Month-to-month,Fiber optic,Mailed check,Yes,6,Yes,Yes,No
CUST04071,20.0,Male,7,61.08,5607.8,One year,Fiber optic,Credit card,No,4,No,No,No
CUST04072,27.0,Male,4,72.57,4211.18,Month-to-month,No,Bank transfer,No,5,Yes,No,Yes
CUST04073,59.0,Female,1,114.72,1716.15,One year,Fiber optic,Mailed check,No,3,Yes,No,No
CUST04074,38.0,Male,3,79.52,3554.22,One year,Fiber optic,Credit card,No,3,No,No,No
CUST04075,33.0,Male,8,85.79,8347.46,Month-to-month,DSL,Credit card,No,2,Yes,No,Yes
CUST04076,29.0,Male,3,26.39,1178.52,Two year,No,Credit card,No,2,No,No,Yes
CUST04077,19.0,Male,9,36.6,4376.07,Two year,DSL,Bank transfer,No,0,Yes,No,No
CUST04078,58.0,Male,9,50.1,5557.01,Two year,Fiber optic,Credit card,No,4,Yes,No,No
CUST04079,41.0,Male,7,73.94,6538.09,One year,No,Electronic check,No,1,No,No,No
CUST04080,52.0,Male,4,97.66,5411.5,Month-to-month,Fiber optic,Bank transfer,No,2,No,Yes,No
CUST04081,47.0,Female,10,52.12,6726.42,Month-to-month,DSL,Credit card,No,3,No,Yes,Yes
CUST04082,47.0,Female,10,55.64,6943.21,One year,DSL,Bank transfer,No,1,No,No,No
CUST04083,64.0,Female,9,45.62,5305.92,Month-to-month,No,Bank transfer,Yes,4,No,Yes,No
CUST04084,52.0,Male,0,45.46,495.15,One year,DSL,Electronic check,No,1,Yes,Yes,Yes
CUST04085,36.0,Female,6,114.89,9305.19,Month-to-month,DSL,Credit card,No,1,No,Yes,No
CUST04086,67.0,Female,2,83.55,2742.22,Month-to-month,Fiber optic,Bank transfer,Yes,3,No,No,No
CUST04087,25.0,Male,9,35.59,4028.85,One year,Fiber optic,Bank transfer,No,2,No,No,No
CUST04088,43.0,Female,7,92.22,8763.27,Month-to-month,Fiber optic,Credit card,No,2,No,Yes,Yes
CUST04089,66.0,Male,2,92.2,2586.26,Month-to-month,Fiber optic,Electronic check,Yes,4,No,No,Yes
CUST04090,57.0,Male,0,86.65,282.31,Two year,No,Mailed check,No,2,No,No,No
CUST04091,24.0,Male,4,33.47,1774.13,Month-to-month,No,Credit card,No,2,No,No,No
CUST04092,47.0,Female,1,60.8,1225.22,Month-to-month,Fiber optic,Mailed check,No,4,Yes,No,Yes
CUST04093,24.0,Male,10,30.68,4003.08,Month-to-month,DSL,Credit card,No,2,No,Yes,No
CUST04094,20.0,Female,3,101.66,3909.12,Month-to-month,Fiber optic,Credit card,No,4,Yes,Yes,Yes
CUST04095,18.0,Male,0,85.52,851.08,Month-to-month,Fiber optic,Bank transfer,No,3,Yes,Yes,No
CUST04096,53.0,Male,8,70.72,7492.15,One year,Fiber optic,Credit card,No,2,Yes,Yes,No
CUST04097,42.0,Female,5,54.3,3662.87,Two year,DSL,Electronic check,No,1,Yes,No,No
CUST04098,54.0,Male,7,38.42,3587.17,Two year,Fiber optic,Electronic check,No,3,No,No,No
CUST04099,18.0,Female,10,30.64,3768.74,Month-to-month,No,Credit card,No,4,No,No,Yes
CUST04100,32.0,Male,3,116.92,4544.15,One year,Fiber optic,Bank transfer,No,1,Yes,No,No
CUST04101,54.0,Male,8,39.96,4255.37,Two year,Fiber optic,Bank transfer,No,2,No,No,No
CUST04102,30.0,Male,1,25.99,480.29,Month-to-month,Fiber optic,Mailed check,No,1,Yes,No,No
CUST04103,57.0,Male,8,116.17,11582.77,Month-to-month,Fiber optic,Credit card,No,2,Yes,No,No
CUST04104,25.0,Male,4,74.9,4237.54,Two year,Fiber optic,Mailed check,No,4,Yes,No,No
CUST04105,22.0,Male,5,99.67,7057.7,One year,DSL,Bank transfer,No,6,Yes,No,Yes
CUST04106,26.0,Male,2,24.38,779.08,Month-to-month,Fiber optic,Electronic check,No,1,Yes,No,Yes
CUST04107,18.0,Male,3,76.69,3130.55,Month-to-month,Fiber optic,Bank transfer,No,1,No,Yes,No
CUST04108,53.0,Female,5,59.82,3967.0,Month-to-month,Fiber optic,Electronic check,No,3,No,Yes,No
CUST04109,52.0,Female,6,97.2,7899.93,Month-to-month,Fiber optic,Mailed check,No,3,No,No,Yes
CUST04110,19.0,Female,0,23.84,41.54,Month-to-month,DSL,Bank transfer,No,1,No,No,No
CUST04111,57.0,Male,6,60.17,4536.14,Month-to-month,Fiber optic,Electronic check,No,1,No,No,No
CUST04112,40.0,Female,0,99.91,608.29,One year,DSL,Mailed check,No,3,Yes,Yes,Yes
CUST04113,26.0,Female,4,72.27,4021.58,One year,DSL,Bank transfer,No,1,No,No,No
CUST04114,51.0,Male,5,75.0,4854.81,One year,Fiber optic,Credit card,No,1,Yes,Yes,No
CUST04115,63.0,Female,1,29.72,483.91,One year,Fiber optic,Bank transfer,Yes,1,No,No,No
CUST04116,31.0,Male,9,33.23,3637.2,Month-to-month,No,Mailed check,No,1,Yes,Yes,No
CUST04117,21.0,Female,8,87.7,8538.35,Month-to-month,No,Bank transfer,No,1,Yes,No,Yes
CUST04118,47.0,Female,9,87.5,9805.74,Month-to-month,DSL,Mailed check,No,2,Yes,Yes,No
CUST04119,48.0,Female,5,117.91,7880.58,Month-to-month,DSL,Electronic check,No,4,Yes,No,No
CUST04120,55.0,Female,6,91.2,7215.75,Two year,Fiber optic,Bank transfer,No,0,Yes,Yes,Yes
CUST04121,28.0,Female,9,69.32,7932.59,One year,No,Mailed check,No,3,Yes,No,No
CUST04122,52.0,Male,7,105.73,9463.75,Month-to-month,DSL,Mailed check,No,3,No,No,No
CUST04123,25.0,Female,10,30.45,3768.96,Month-to-month,Fiber optic,Credit card,No,0,No,No,No
CUST04124,20.0,Male,9,64.93,7363.56,Month-to-month,Fiber optic,Electronic check,No,5,Yes,Yes,No
CUST04125,31.0,Female,0,48.71,123.06,Month-to-month,Fiber optic,Credit card,No,1,Yes,Yes,Yes
CUST04126,30.0,Male,7,30.46,2627.72,Month-to-month,DSL,Credit card,No,4,No,Yes,No
CUST04127,62.0,Female,3,96.35,3882.84,Month-to-month,No,Bank transfer,Yes,2,Yes,Yes,Yes
CUST04128,49.0,Female,9,71.08,8525.96,Month-to-month,Fiber optic,Mailed check,No,2,No,No,No
CUST04129,51.0,Female,7,75.68,6704.6,Month-to-month,DSL,Mailed check,No,0,Yes,No,No
CUST04130,62.0,Female,5,61.13,4358.63,One year,DSL,Mailed check,Yes,1,No,No,Yes
CUST04131,36.0,Female,10,66.03,8274.54,One year,DSL,Bank transfer,No,1,Yes,Yes,No
CUST04132,55.0,Male,8,31.6,3217.8,Two year,Fiber optic,Bank transfer,No,0,No,No,No
CUST04133,33.0,Female,10,87.29,11327.42,Month-to-month,Fiber optic,Electronic check,No,3,No,Yes,No
CUST04134,19.0,Female,3,63.24,2405.02,Two year,DSL,Credit card,No,2,No,Yes,No
CUST04135,57.0,Male,1,101.68,1525.75,One year,Fiber optic,Electronic check,No,2,Yes,Yes,No
CUST04136,34.0,Female,1,39.63,939.72,Month-to-month,Fiber optic,Electronic check,No,1,No,No,Yes
CUST04137,51.0,Female,4,40.51,2210.43,Month-to-month,Fiber optic,Bank transfer,No,3,No,Yes,Yes
CUST04138,59.0,Female,9,84.58,9260.44,Month-to-month,Fiber optic,Mailed check,No,4,Yes,Yes,Yes
CUST04139,33.0,Female,8,104.6,10200.72,Month-to-month,Fiber optic,Bank transfer,No,2,Yes,Yes,No
CUST04140,55.0,Female,2,67.22,2351.33,Month-to-month,DSL,Bank transfer,No,3,Yes,Yes,No
CUST04141,19.0,Male,7,92.7,8770.07,Two year,Fiber optic,Bank transfer,No,5,No,Yes,Yes
CUST04142,19.0,Female,3,119.93,5042.14,Month-to-month,DSL,Electronic check,No,4,Yes,No,Yes
CUST04143,43.0,Male,5,119.03,7474.54,Month-to-month,Fiber optic,Mailed check,No,3,No,Yes,No
CUST04144,30.0,Female,9,94.43,11155.31,Month-to-month,No,Bank transfer,No,0,No,Yes,No
CUST04145,64.0,Female,5,93.96,6067.05,Month-to-month,DSL,Electronic check,Yes,4,No,Yes,No
CUST04146,48.0,Male,2,44.76,1325.33,Two year,DSL,Bank transfer,No,1,No,Yes,No
CUST04147,51.0,Female,4,103.35,5840.02,Two year,Fiber optic,Credit card,No,3,No,No,Yes
CUST04148,56.0,Female,2,60.51,1747.98,Month-to-month,DSL,Mailed check,No,0,Yes,Yes,No
CUST04149,20.0,Male,10,116.2,14863.77,Month-to-month,DSL,Electronic check,No,1,Yes,No,No
CUST04150,25.0,Female,10,28.14,3678.97,Two year,Fiber optic,Credit card,No,2,Yes,Yes,No
CUST04151,40.0,Female,0,63.58,621.25,Month-to-month,No,Bank transfer,No,3,Yes,Yes,No
CUST04152,31.0,Male,6,75.58,5834.6,One year,DSL,Credit card,No,5,Yes,Yes,No
CUST04153,44.0,Male,3,60.52,2430.93,Two year,No,Credit card,No,1,Yes,No,No
CUST04154,46.0,Female,6,41.06,3126.33,One year,Fiber optic,Electronic check,No,3,Yes,No,Yes
CUST04155,56.0,Female,2,79.3,2286.58,Month-to-month,Fiber optic,Mailed check,No,4,No,Yes,No
CUST04156,56.0,Female,10,95.59,12085.32,Two year,Fiber optic,Mailed check,No,2,No,No,No
CUST04157,18.0,Male,4,84.48,4526.66,Two year,DSL,Electronic check,No,0,No,No,No
CUST04158,34.0,Male,4,43.44,2192.11,One year,DSL,Bank transfer,No,4,No,No,No
CUST04159,58.0,Female,1,93.16,1378.58,Month-to-month,DSL,Credit card,No,0,No,Yes,No
CUST04160,47.0,Female,10,45.69,5700.84,Two year,DSL,Mailed check,No,1,Yes,No,No
CUST04161,30.0,Female,9,37.52,4321.66,Two year,No,Mailed check,No,2,Yes,No,No
CUST04162,38.0,Male,1,89.07,1738.58,Two year,Fiber optic,Credit card,No,0,Yes,No,No
CUST04163,36.0,Male,3,104.28,4416.08,Month-to-month,Fiber optic,Bank transfer,No,3,No,No,No
CUST04164,36.0,Male,3,68.15,3075.37,One year,Fiber optic,Credit card,No,2,Yes,No,No
CUST04165,42.0,Female,3,73.14,3299.33,One year,No,Electronic check,No,2,No,No,No
CUST04166,39.0,Female,5,50.27,3302.94,Month-to-month,No,Electronic check,No,1,No,Yes,No
CUST04167,48.0,Female,1,69.46,998.06,Month-to-month,Fiber optic,Bank transfer,No,2,Yes,Yes,Yes
CUST04168,34.0,Male,5,33.2,2218.82,One year,Fiber optic,Mailed check,No,1,No,No,Yes
CUST04169,40.0,Female,6,115.58,8922.33,Two year,DSL,Mailed check,No,1,No,No,No
CUST04170,49.0,Male,10,100.04,12256.62,Two year,DSL,Bank transfer,No,1,Yes,Yes,No
CUST04171,27.0,Female,9,86.8,10398.64,Month-to-month,DSL,Bank transfer,No,2,Yes,No,No
CUST04172,27.0,Male,2,73.82,2145.75,Month-to-month,DSL,Electronic check,No,1,Yes,Yes,Yes
CUST04173,53.0,Female,10,99.22,12688.63,Month-to-month,No,Electronic check,No,2,Yes,No,Yes
CUST04174,25.0,Female,7,69.48,6280.4,Two year,No,Bank transfer,No,0,No,Yes,Yes
CUST04175,69.0,Male,1,50.0,728.56,Month-to-month,Fiber optic,Mailed check,Yes,2,Yes,Yes,No
CUST04176,37.0,Female,10,36.04,4382.86,One year,Fiber optic,Credit card,No,1,Yes,No,No
CUST04177,49.0,Male,7,84.76,7788.04,One year,Fiber optic,Credit card,No,0,Yes,No,Yes
CUST04178,67.0,Female,10,112.94,13972.63,Two year,DSL,Credit card,Yes,0,Yes,No,No
CUST04179,31.0,Female,4,35.36,1827.41,Month-to-month,No,Electronic check,No,3,No,Yes,Yes
CUST04180,67.0,Female,1,38.0,894.02,One year,DSL,Bank transfer,Yes,1,No,Yes,No
CUST04181,45.0,Male,6,63.36,4947.12,Two year,Fiber optic,Mailed check,No,2,No,Yes,No
CUST04182,63.0,Female,1,100.69,1341.56,One year,DSL,Electronic check,Yes,1,Yes,Yes,No
CUST04183,69.0,Male,5,49.39,3197.42,Month-to-month,No,Bank transfer,Yes,4,Yes,Yes,No
CUST04184,41.0,Female,9,45.39,5239.34,Month-to-month,Fiber optic,Bank transfer,No,3,No,No,No
CUST04185,32.0,Female,2,82.0,2346.37,Two year,Fiber optic,Credit card,No,3,No,Yes,No
CUST04186,39.0,Male,8,73.56,7157.05,Month-to-month,DSL,Credit card,No,1,Yes,Yes,Yes
CUST04187,47.0,Female,2,26.02,777.67,One year,Fiber optic,Mailed check,No,2,No,No,Yes
CUST04188,21.0,Female,10,28.15,3438.94,One year,Fiber optic,Mailed check,No,2,Yes,No,Yes
CUST04189,30.0,Male,2,84.3,2681.65,Two year,DSL,Credit card,No,1,Yes,Yes,No
CUST04190,40.0,Male,4,66.51,3712.29,Month-to-month,No,Credit card,No,2,No,Yes,No
CUST04191,25.0,Female,6,117.1,8596.94,One year,No,Bank transfer,No,3,No,No,No
CUST04192,35.0,Male,7,87.85,7748.14,Month-to-month,Fiber optic,Mailed check,No,3,Yes,No,Yes
CUST04193,29.0,Male,10,21.01,2637.82,Month-to-month,DSL,Bank transfer,No,1,Yes,Yes,No
CUST04194,48.0,Female,6,68.1,5383.5,Month-to-month,No,Mailed check,No,3,No,Yes,Yes
CUST04195,31.0,Male,8,61.44,6159.77,Two year,DSL,Mailed check,No,0,No,No,No
CUST04196,51.0,Male,4,30.67,1599.91,Two year,DSL,Electronic check,No,1,No,No,No
CUST04197,35.0,Female,9,112.32,13457.41,Month-to-month,DSL,Credit card,No,2,Yes,No,Yes
CUST04198,51.0,Male,10,100.5,12206.78,Month-to-month,DSL,Electronic check,No,0,No,Yes,No
CUST04199,28.0,Male,2,43.01,1543.18,One year,Fiber optic,Mailed check,No,1,No,Yes,Yes
CUST04200,58.0,Female,5,45.6,2805.55,One year,DSL,Bank transfer,No,1,No,Yes,No
CUST04201,29.0,Female,4,23.2,1210.38,One year,Fiber optic,Mailed check,No,1,Yes,No,Yes
CUST04202,66.0,Male,3,49.67,2107.53,Two year,Fiber optic,Electronic check,Yes,2,Yes,Yes,Yes
CUST04203,32.0,Female,1,78.46,1143.66,Two year,Fiber optic,Credit card,No,3,Yes,Yes,Yes
CUST04204,48.0,Male,6,62.08,4623.92,Month-to-month,Fiber optic,Bank transfer,No,3,Yes,No,No
CUST04205,66.0,Male,4,116.93,6059.25,Month-to-month,No,Mailed check,Yes,3,Yes,Yes,No
CUST04206,46.0,Male,3,25.61,1221.82,One year,Fiber optic,Mailed check,No,2,No,Yes,Yes
CUST04207,,Male,7,79.14,7057.81,Two year,DSL,Credit card,No,0,Yes,No,No
CUST04208,35.0,Female,8,105.83,10924.4,Month-to-month,Fiber optic,Mailed check,No,2,No,No,Yes
CUST04209,49.0,Female,8,68.07,7130.14,One year,DSL,Mailed check,No,2,Yes,No,No
CUST04210,39.0,Male,2,20.3,673.24,Month-to-month,DSL,Credit card,No,1,Yes,Yes,Yes
CUST04211,55.0,Female,2,44.28,1442.13,Two year,No,Electronic check,No,1,Yes,Yes,Yes
CUST04212,34.0,Male,4,52.38,2760.75,One year,DSL,Electronic check,No,3,No,Yes,Yes
CUST04213,40.0,Male,4,116.6,5856.7,Month-to-month,Fiber optic,Electronic check,No,1,Yes,Yes,Yes
CUST04214,41.0,Female,9,111.18,12463.15,Month-to-month,DSL,Electronic check,No,3,No,No,No
CUST04215,67.0,Female,1,114.92,1759.8,Month-to-month,No,Bank transfer,Yes,1,No,Yes,Yes
CUST04216,25.0,Male,0,102.58,256.35,Two year,DSL,Bank transfer,No,3,Yes,No,Yes
CUST04217,58.0,Female,7,55.16,4703.46,One year,DSL,Credit card,No,2,No,Yes,No
CUST04218,23.0,Male,2,110.59,3903.05,One year,Fiber optic,Credit card,No,1,No,No,No
CUST04219,,Female,0,118.17,1315.39,Month-to-month,Fiber optic,Credit card,No,3,Yes,No,No
CUST04220,61.0,Female,0,55.01,85.52,Month-to-month,Fiber optic,Bank transfer,Yes,2,No,Yes,No
CUST04221,46.0,Male,10,46.06,5660.96,Month-to-month,Fiber optic,Mailed check,No,3,Yes,Yes,No
CUST04222,45.0,Female,1,74.69,1085.58,Month-to-month,DSL,Bank transfer,No,0,Yes,No,No
CUST04223,28.0,Female,5,38.72,2481.7,Month-to-month,Fiber optic,Electronic check,No,0,No,No,No
CUST04224,18.0,Male,5,23.26,1471.07,Month-to-month,Fiber optic,Electronic check,No,5,No,Yes,No
CUST04225,60.0,Male,2,114.58,4056.63,Month-to-month,Fiber optic,Mailed check,Yes,2,No,No,No
CUST04226,36.0,Male,3,112.57,4269.32,One year,DSL,Credit card,No,2,No,Yes,No
CUST04227,26.0,Male,1,36.27,555.96,Two year,Fiber optic,Bank transfer,No,4,Yes,Yes,No
CUST04228,44.0,Male,1,60.77,843.97,Month-to-month,No,Mailed check,No,1,Yes,Yes,Yes
CUST04229,51.0,Male,6,103.1,8638.16,One year,Fiber optic,Mailed check,No,1,No,Yes,No
CUST04230,61.0,Female,0,86.1,955.93,Month-to-month,DSL,Bank transfer,Yes,2,Yes,No,No
CUST04231,21.0,Male,6,59.48,4810.92,Month-to-month,Fiber optic,Mailed check,No,3,No,No,No
CUST04232,53.0,Male,0,94.42,536.84,Two year,Fiber optic,Credit card,No,2,Yes,No,No
CUST04233,35.0,Male,5,109.7,6921.19,Month-to-month,DSL,Bank transfer,No,2,No,No,No
CUST04234,32.0,Female,2,112.62,3089.89,Month-to-month,Fiber optic,Bank transfer,No,3,No,No,No
CUST04235,68.0,Male,7,57.88,5201.87,Month-to-month,Fiber optic,Mailed check,Yes,0,No,No,Yes
CUST04236,30.0,Male,5,37.36,2594.67,Month-to-month,DSL,Credit card,No,1,No,Yes,Yes
CUST04237,36.0,Female,10,111.28,13788.93,One year,DSL,Credit card,No,4,Yes,Yes,No
CUST04238,66.0,Female,1,29.26,480.41,Month-to-month,DSL,Electronic check,Yes,2,Yes,No,No
CUST04239,23.0,Male,7,92.17,8442.72,Month-to-month,DSL,Bank transfer,No,6,No,Yes,Yes
CUST04240,65.0,Female,4,34.05,1757.49,Two year,DSL,Electronic check,Yes,6,No,Yes,Yes
CUST04241,29.0,Female,7,58.94,5388.67,Month-to-month,DSL,Credit card,No,2,Yes,No,No
CUST04242,68.0,Male,7,61.16,5459.05,Month-to-month,DSL,Credit card,Yes,1,No,Yes,No
CUST04243,54.0,Male,5,35.88,2202.24,Two year,No,Electronic check,No,2,Yes,Yes,No
CUST04244,34.0,Male,1,112.27,1956.83,Month-to-month,Fiber optic,Bank transfer,No,3,No,Yes,Yes
CUST04245,40.0,Female,7,20.27,1927.98,Two year,Fiber optic,Electronic check,No,0,No,Yes,No
CUST04246,43.0,Male,10,109.38,13587.65,Two year,No,Credit card,No,2,Yes,Yes,No
CUST04247,46.0,Female,5,108.38,6996.05,Month-to-month,DSL,Credit card,No,5,Yes,Yes,No
CUST04248,50.0,Male,5,51.7,3191.2,Month-to-month,Fiber optic,Mailed check,No,0,Yes,No,Yes
CUST04249,44.0,Female,7,90.43,8298.36,Month-to-month,DSL,Mailed check,No,4,Yes,Yes,No
CUST04250,42.0,Male,0,45.28,468.27,Two year,No,Electronic check,No,3,No,No,No
CUST04251,27.0,Female,1,95.88,1618.66,Month-to-month,DSL,Mailed check,No,3,No,Yes,No
CUST04252,64.0,Male,8,76.11,7583.81,One year,DSL,Credit card,Yes,1,Yes,Yes,No
CUST04253,40.0,Male,10,50.02,6578.77,Two year,DSL,Bank transfer,No,2,Yes,No,No
CUST04254,38.0,Male,7,60.02,5593.61,Two year,No,Bank transfer,No,2,No,Yes,Yes
CUST04255,38.0,Female,6,88.99,7051.46,Two year,DSL,Electronic check,No,1,No,No,No
CUST04256,60.0,Female,6,110.61,8446.27,One year,DSL,Mailed check,Yes,0,No,Yes,No
CUST04257,30.0,Male,4,33.07,1700.75,Two year,DSL,Electronic check,No,3,Yes,No,No
CUST04258,54.0,Female,1,77.14,1610.16,Month-to-month,No,Mailed check,No,2,Yes,No,No
CUST04259,50.0,Male,10,45.37,5750.18,One year,Fiber optic,Bank transfer,No,5,No,Yes,No
CUST04260,41.0,Female,5,100.14,6682.0,One year,Fiber optic,Mailed check,No,2,Yes,Yes,Yes
CUST04261,61.0,Male,9,27.02,2967.09,Month-to-month,Fiber optic,Mailed check,Yes,0,No,No,No
CUST04262,28.0,Female,2,88.9,2723.37,Month-to-month,Fiber optic,Electronic check,No,1,No,No,No
CUST04263,34.0,Female,3,37.49,1726.42,One year,DSL,Bank transfer,No,1,Yes,Yes,No
CUST04264,21.0,Female,9,79.64,,Month-to-month,Fiber optic,Mailed check,No,1,No,Yes,Yes
CUST04265,64.0,Female,10,103.57,12653.51,Month-to-month,No,Bank transfer,Yes,3,Yes,Yes,No
CUST04266,42.0,Female,1,,1904.74,Month-to-month,Fiber optic,Mailed check,No,0,No,No,Yes
CUST04267,47.0,Male,1,95.29,1834.51,Two year,No,Bank transfer,No,2,No,Yes,No
CUST04268,26.0,Female,7,71.78,6804.27,Month-to-month,Fiber optic,Mailed check,No,3,Yes,No,Yes
CUST04269,38.0,Female,7,109.07,10172.27,Two year,Fiber optic,Credit card,No,2,No,No,No
CUST04270,37.0,Female,9,78.81,9427.09,Month-to-month,Fiber optic,Bank transfer,No,1,No,Yes,No
CUST04271,36.0,Female,5,111.75,7996.87,Month-to-month,Fiber optic,Credit card,No,2,No,No,No
CUST04272,36.0,Male,4,74.65,3843.17,Month-to-month,DSL,Credit card,No,1,No,No,No
CUST04273,29.0,Female,7,70.6,6564.31,One year,DSL,Credit card,No,0,No,No,No
CUST04274,54.0,Female,3,42.24,1809.38,Two year,Fiber optic,Mailed check,No,1,No,Yes,No
CUST04275,59.0,Male,10,74.48,9187.9,One year,DSL,Bank transfer,No,2,No,No,No
CUST04276,34.0,Male,3,34.06,1333.23,One year,DSL,Mailed check,No,1,Yes,Yes,No
CUST04277,54.0,Female,4,106.97,5336.94,Month-to-month,No,Mailed check,No,2,No,Yes,No
CUST04278,65.0,Male,0,87.59,854.09,One year,No,Bank transfer,Yes,2,Yes,No,No
CUST04279,56.0,Female,0,119.36,545.42,Month-to-month,Fiber optic,Electronic check,No,2,No,Yes,Yes
CUST04280,45.0,Female,1,29.21,655.08,Month-to-month,Fiber optic,Mailed check,No,2,Yes,Yes,No
CUST04281,58.0,Male,7,44.07,4040.84,Two year,DSL,Credit card,No,1,No,Yes,No
CUST04282,52.0,Female,6,107.72,8661.76,Two year,Fiber optic,Mailed check,No,2,Yes,Yes,No
CUST04283,64.0,Male,9,59.53,6679.77,Month-to-month,Fiber optic,Electronic check,Yes,1,No,Yes,No
CUST04284,65.0,Male,8,66.63,6798.27,Two year,Fiber optic,Credit card,Yes,5,Yes,No,Yes
CUST04285,35.0,Female,4,106.07,5678.51,One year,No,Mailed check,No,0,No,Yes,No
CUST04286,31.0,Female,1,72.18,1125.47,Month-to-month,DSL,Bank transfer,No,3,No,Yes,No
CUST04287,52.0,Male,6,39.35,3232.9,Month-to-month,DSL,Credit card,No,1,No,Yes,No
CUST04288,61.0,Female,7,109.2,10029.25,Two year,Fiber optic,Electronic check,Yes,4,No,No,No
CUST04289,58.0,Male,6,23.11,1696.55,One year,Fiber optic,Mailed check,No,4,No,Yes,No
CUST04290,24.0,Male,6,109.54,8984.37,Month-to-month,DSL,Bank transfer,No,2,No,Yes,No
CUST04291,58.0,Male,4,25.05,1256.67,One year,No,Credit card,No,3,No,No,No
CUST04292,30.0,Male,1,86.58,1510.01,One year,No,Credit card,No,3,Yes,Yes,Yes
CUST04293,35.0,Female,5,27.17,1828.1,Month-to-month,No,Bank transfer,No,4,Yes,No,No
CUST04294,54.0,Female,3,90.62,3360.57,One year,No,Electronic check,No,3,No,Yes,No
CUST04295,30.0,Female,9,23.4,2718.66,Month-to-month,No,Credit card,No,3,Yes,Yes,No
CUST04296,53.0,Female,1,104.25,2111.76,One year,No,Electronic check,No,5,Yes,Yes,No
CUST04297,48.0,Female,8,66.59,6937.2,Two year,Fiber optic,Electronic check,No,0,No,No,No
CUST04298,19.0,Female,6,29.35,2195.33,Two year,DSL,Bank transfer,No,2,Yes,No,No
CUST04299,33.0,Male,5,90.68,5786.57,One year,DSL,Credit card,No,1,No,No,No
CUST04300,26.0,Female,4,68.93,3565.14,Two year,DSL,Mailed check,No,3,No,Yes,No
CUST04301,26.0,Male,2,39.09,1390.07,Two year,Fiber optic,Bank transfer,No,3,No,No,No
CUST04302,55.0,Male,9,21.57,2367.15,Month-to-month,No,Bank transfer,No,2,Yes,No,No
CUST04303,28.0,Male,9,61.8,7027.67,Two year,Fiber optic,Electronic check,No,3,No,No,Yes
CUST04304,39.0,Female,3,28.56,1330.43,Month-to-month,Fiber optic,Mailed check,No,1,Yes,Yes,No
CUST04305,50.0,Male,2,29.42,984.51,Month-to-month,DSL,Bank transfer,No,6,No,No,No
CUST04306,53.0,Female,10,46.73,6077.09,One year,DSL,Electronic check,No,6,No,No,No
CUST04307,62.0,Male,7,83.05,7947.49,Month-to-month,Fiber optic,Credit card,Yes,1,Yes,No,Yes
CUST04308,40.0,Female,2,72.99,2135.68,Month-to-month,DSL,Electronic check,No,5,No,No,Yes
CUST04309,62.0,Female,6,26.9,2055.33,One year,DSL,Mailed check,Yes,1,No,Yes,Yes
CUST04310,62.0,Female,6,116.84,8568.72,Month-to-month,Fiber optic,Mailed check,Yes,0,No,No,No
CUST04311,51.0,Female,6,108.72,8115.97,Two year,Fiber optic,Electronic check,No,2,Yes,No,No
CUST04312,26.0,Female,6,45.92,3636.04,Month-to-month,DSL,Credit card,No,1,No,Yes,No
CUST04313,41.0,Male,1,32.23,474.89,Two year,Fiber optic,Mailed check,No,4,Yes,No,No
CUST04314,25.0,Female,9,114.24,13377.43,Month-to-month,Fiber optic,Mailed check,No,1,No,No,No
CUST04315,24.0,Female,2,66.11,1679.83,One year,DSL,Credit card,No,1,Yes,Yes,Yes
CUST04316,53.0,Male,9,51.12,5718.0,Month-to-month,Fiber optic,Bank transfer,No,1,Yes,Yes,Yes
CUST04317,35.0,Female,8,69.04,7225.03,One year,Fiber optic,Mailed check,No,1,No,No,No
CUST04318,20.0,Female,2,97.27,2705.13,Month-to-month,DSL,Electronic check,No,5,Yes,Yes,Yes
CUST04319,45.0,Female,1,36.84,774.24,Month-to-month,No,Credit card,No,2,No,No,No
CUST04320,23.0,Female,8,96.75,10444.6,Month-to-month,Fiber optic,Mailed check,No,0,No,Yes,Yes
CUST04321,61.0,Female,9,94.94,11180.89,One year,Fiber optic,Bank transfer,Yes,0,No,No,No
CUST04322,61.0,Male,8,73.93,7449.2,Two year,No,Mailed check,Yes,1,Yes,Yes,No
CUST04323,38.0,Female,3,106.58,4999.3,Month-to-month,No,Bank transfer,No,4,Yes,Yes,No
CUST04324,45.0,Male,8,33.21,3240.07,One year,DSL,Mailed check,No,4,Yes,Yes,No
CUST04325,57.0,Female,2,79.55,2623.17,One year,No,Mailed check,No,3,No,No,No
CUST04326,18.0,Male,6,64.93,4756.55,Month-to-month,No,Electronic check,No,0,No,Yes,No
CUST04327,53.0,Male,6,62.23,4662.28,Month-to-month,DSL,Credit card,No,1,No,No,No
CUST04328,38.0,Male,10,45.26,5968.14,Month-to-month,Fiber optic,Credit card,No,5,No,No,No
CUST04329,60.0,Female,7,,5091.74,Month-to-month,DSL,Electronic check,Yes,1,Yes,Yes,No
CUST04330,52.0,Female,9,30.82,3637.55,Month-to-month,Fiber optic,Credit card,No,0,Yes,No,Yes
CUST04331,30.0,Male,3,45.16,1857.74,Month-to-month,Fiber optic,Credit card,No,1,Yes,No,Yes
CUST04332,66.0,Female,2,47.2,1616.14,Month-to-month,Fiber optic,Credit card,Yes,2,Yes,No,Yes
CUST04333,27.0,Female,2,92.07,3279.52,Two year,No,Mailed check,No,0,Yes,No,No
CUST04334,61.0,Male,4,24.86,1337.24,Two year,No,Mailed check,Yes,1,Yes,No,No
CUST04335,64.0,Female,10,85.12,10823.25,One year,No,Bank transfer,Yes,2,Yes,No,No
CUST04336,27.0,Male,0,42.14,333.54,One year,DSL,Bank transfer,No,6,Yes,Yes,No
CUST04337,63.0,Female,9,28.19,3362.59,Month-to-month,DSL,Credit card,Yes,3,No,No,Yes
CUST04338,30.0,Male,2,50.08,1393.44,Month-to-month,No,Credit card,No,2,No,No,Yes
CUST04339,54.0,Female,5,42.45,2874.87,Month-to-month,DSL,Credit card,No,0,Yes,Yes,No
CUST04340,55.0,Female,2,75.2,2148.61,One year,Fiber optic,Electronic check,No,3,Yes,Yes,No
CUST04341,41.0,Male,4,55.74,2864.27,Two year,No,Mailed check,No,1,Yes,Yes,No
CUST04342,19.0,Male,8,116.6,11419.12,Month-to-month,DSL,Credit card,No,1,No,No,No
CUST04343,39.0,Female,1,116.35,2306.97,Month-to-month,DSL,Credit card,No,2,Yes,Yes,No
CUST04344,34.0,Male,10,64.37,8413.35,One year,Fiber optic,Mailed check,No,3,Yes,No,No
CUST04345,53.0,Male,1,99.51,1678.27,Two year,DSL,Bank transfer,No,1,Yes,Yes,No
CUST04346,31.0,Male,5,21.33,1430.8,Month-to-month,Fiber optic,Credit card,No,0,Yes,No,No
CUST04347,27.0,Male,5,74.78,5089.79,Month-to-month,DSL,Credit card,No,3,Yes,No,No
CUST04348,52.0,Male,10,94.33,11844.18,Two year,DSL,Credit card,No,0,Yes,Yes,No
CUST04349,42.0,Female,10,41.69,5458.76,Month-to-month,No,Credit card,No,2,No,No,No
CUST04350,20.0,Male,7,26.12,2324.43,One year,Fiber optic,Mailed check,No,3,No,Yes,Yes
CUST04351,64.0,Male,10,35.59,4355.33,Two year,Fiber optic,Mailed check,Yes,3,No,No,No
CUST04352,55.0,Male,1,64.18,936.02,Two year,DSL,Mailed check,No,4,No,Yes,No
CUST04353,34.0,Male,8,70.64,7544.31,Month-to-month,Fiber optic,Bank transfer,No,3,No,No,No
CUST04354,29.0,Female,1,58.09,1386.5,Month-to-month,No,Credit card,No,3,No,Yes,No
CUST04355,69.0,Male,0,64.0,267.41,Month-to-month,Fiber optic,Bank transfer,Yes,1,Yes,Yes,No
CUST04356,41.0,Female,9,67.02,7411.05,One year,Fiber optic,Bank transfer,No,0,No,Yes,No
CUST04357,46.0,Female,1,96.94,1774.42,One year,DSL,Mailed check,No,1,Yes,No,Yes
CUST04358,60.0,Male,6,30.52,2466.16,Two year,Fiber optic,Credit card,Yes,0,No,No,No
CUST04359,42.0,Male,7,96.9,8889.26,Month-to-month,No,Credit card,No,1,Yes,Yes,No
CUST04360,53.0,Female,4,88.86,,One year,No,Bank transfer,No,1,No,No,No
CUST04361,43.0,Female,5,94.17,6591.48,Month-to-month,Fiber optic,Electronic check,No,2,Yes,No,Yes
CUST04362,55.0,Female,0,93.45,986.71,Month-to-month,No,Electronic check,No,2,No,Yes,No
CUST04363,18.0,Male,5,67.06,4490.23,Month-to-month,DSL,Credit card,No,4,No,Yes,No
CUST04364,37.0,Female,7,41.14,3645.01,Month-to-month,Fiber optic,Credit card,No,1,Yes,Yes,Yes
CUST04365,45.0,Male,2,73.66,2410.09,Two year,DSL,Bank transfer,No,6,No,No,No
CUST04366,33.0,Female,10,115.8,14571.07,Month-to-month,Fiber optic,Bank transfer,No,0,No,No,No
CUST04367,64.0,Female,0,78.85,328.43,Month-to-month,DSL,Mailed check,Yes,1,No,Yes,No
CUST04368,34.0,Male,10,21.1,2588.44,Month-to-month,No,Bank transfer,No,2,Yes,Yes,No
CUST04369,57.0,Male,3,25.97,1111.69,Month-to-month,Fiber optic,Bank transfer,No,5,Yes,No,No
CUST04370,45.0,Female,0,119.29,899.06,Month-to-month,DSL,Electronic check,No,1,Yes,Yes,No
CUST04371,29.0,Male,7,27.19,2481.27,Two year,Fiber optic,Electronic check,No,8,Yes,No,No
CUST04372,44.0,Male,4,24.6,1236.94,Two year,Fiber optic,Electronic check,No,2,No,Yes,No
CUST04373,59.0,Female,0,55.3,402.02,Month-to-month,DSL,Electronic check,No,2,Yes,Yes,Yes
CUST04374,64.0,Male,7,116.93,10155.67,One year,DSL,Bank transfer,Yes,0,No,Yes,No
CUST04375,47.0,Male,8,51.87,5410.09,Month-to-month,Fiber optic,Credit card,No,6,No,Yes,No
CUST04376,58.0,Female,9,60.99,6935.98,Month-to-month,DSL,Electronic check,No,1,No,Yes,No
CUST04377,51.0,Female,1,83.41,1863.1,One year,Fiber optic,Mailed check,No,2,No,No,No
CUST04378,54.0,Male,8,22.41,2365.62,Month-to-month,Fiber optic,Mailed check,No,3,Yes,Yes,Yes
CUST04379,,Male,7,109.78,10206.05,Month-to-month,Fiber optic,Bank transfer,No,4,No,Yes,No
CUST04380,24.0,Male,6,71.94,5806.14,Month-to-month,Fiber optic,Mailed check,No,2,No,No,No
CUST04381,49.0,Female,2,66.68,2078.11,Month-to-month,No,Electronic check,No,5,No,Yes,Yes
CUST04382,49.0,Female,1,106.07,1450.22,Month-to-month,Fiber optic,Credit card,No,0,Yes,Yes,Yes
CUST04383,42.0,Male,6,115.31,9249.06,Month-to-month,Fiber optic,Credit card,No,1,No,Yes,Yes
CUST04384,50.0,Male,4,62.34,3374.85,Month-to-month,Fiber optic,Electronic check,No,2,No,Yes,Yes
CUST04385,24.0,Male,5,37.24,2463.99,One year,DSL,Mailed check,No,4,No,Yes,Yes
CUST04386,69.0,Female,3,101.57,4181.56,Month-to-month,DSL,Bank transfer,Yes,2,No,No,Yes
CUST04387,29.0,Female,1,60.33,1400.85,Month-to-month,Fiber optic,Credit card,No,2,No,No,No
CUST04388,33.0,Male,8,113.55,11325.93,Month-to-month,Fiber optic,Electronic check,No,0,Yes,Yes,Yes
CUST04389,33.0,Male,2,114.99,3275.21,Two year,DSL,Electronic check,No,5,Yes,No,No
CUST04390,60.0,Male,6,31.48,2631.52,Month-to-month,No,Mailed check,Yes,1,No,Yes,No
CUST04391,53.0,Male,7,115.66,10861.83,Two year,Fiber optic,Bank transfer,No,2,No,No,No
CUST04392,30.0,Female,1,56.83,747.6,Month-to-month,No,Bank transfer,No,0,No,Yes,No
CUST04393,24.0,Male,5,84.63,6005.95,Two year,No,Mailed check,No,0,Yes,Yes,No
CUST04394,53.0,Male,10,23.48,2899.62,Month-to-month,DSL,Electronic check,No,2,No,Yes,No
CUST04395,64.0,Female,7,108.89,10101.21,Month-to-month,No,Mailed check,Yes,2,No,No,No
CUST04396,68.0,Male,6,84.16,6655.69,Month-to-month,DSL,Mailed check,Yes,0,No,No,Yes
CUST04397,26.0,Male,10,84.36,10705.7,One year,No,Mailed check,No,4,No,No,No
CUST04398,49.0,Male,2,110.22,3625.92,One year,Fiber optic,Electronic check,No,2,No,No,Yes
CUST04399,28.0,Male,0,70.83,232.25,Month-to-month,Fiber optic,Credit card,No,2,No,No,Yes
CUST04400,25.0,Male,5,61.05,3830.84,Month-to-month,Fiber optic,Electronic check,No,4,Yes,No,No
CUST04401,50.0,Male,7,106.61,9826.35,One year,Fiber optic,Credit card,No,3,No,Yes,Yes
CUST04402,40.0,Female,5,94.24,6049.87,Two year,Fiber optic,Credit card,No,1,No,Yes,No
CUST04403,42.0,Male,4,114.9,6861.08,Two year,No,Mailed check,No,1,No,No,Yes
CUST04404,25.0,Female,10,114.01,14361.46,One year,No,Bank transfer,No,3,Yes,Yes,Yes
CUST04405,62.0,Female,7,58.23,5021.03,Month-to-month,Fiber optic,Mailed check,Yes,1,No,Yes,No
CUST04406,39.0,Female,1,64.7,1329.19,Month-to-month,Fiber optic,Electronic check,No,2,Yes,Yes,No
CUST04407,21.0,Female,0,45.6,199.17,Two year,DSL,Bank transfer,No,2,Yes,No,Yes
CUST04408,57.0,Male,0,86.06,226.72,Two year,No,Bank transfer,No,1,Yes,No,Yes
CUST04409,20.0,Male,3,56.45,2351.2,Two year,Fiber optic,Electronic check,No,1,No,No,Yes
CUST04410,46.0,Male,5,98.61,7061.11,One year,No,Electronic check,No,0,No,Yes,No
CUST04411,58.0,Male,8,32.16,3265.07,Two year,Fiber optic,Mailed check,No,4,Yes,No,No
CUST04412,46.0,Female,0,31.64,152.53,Two year,DSL,Electronic check,No,1,No,Yes,No
CUST04413,51.0,Female,0,40.45,238.23,One year,DSL,Credit card,No,3,No,Yes,Yes
CUST04414,51.0,Female,4,28.43,1396.86,One year,DSL,Credit card,No,2,No,Yes,No
CUST04415,45.0,Male,9,82.0,9058.06,Month-to-month,Fiber optic,Bank transfer,No,2,Yes,Yes,Yes
CUST04416,30.0,Female,4,34.74,2026.95,One year,DSL,Mailed check,No,3,Yes,Yes,No
CUST04417,32.0,Male,4,36.0,2151.3,Two year,Fiber optic,Mailed check,No,0,No,Yes,No
CUST04418,40.0,Female,9,21.42,2371.99,Month-to-month,DSL,Bank transfer,No,2,No,No,No
CUST04419,61.0,Male,5,98.21,6569.34,One year,Fiber optic,Electronic check,Yes,0,No,Yes,No
CUST04420,43.0,Female,7,101.23,9680.59,Month-to-month,DSL,Mailed check,No,3,Yes,Yes,Yes
CUST04421,21.0,Female,2,36.2,967.35,Two year,Fiber optic,Bank transfer,No,2,No,Yes,No
CUST04422,43.0,Male,8,93.95,9305.69,One year,DSL,Bank transfer,No,1,Yes,Yes,Yes
CUST04423,57.0,Female,0,63.35,709.2,Two year,Fiber optic,Credit card,No,0,Yes,No,No
CUST04424,26.0,Female,3,43.96,1967.76,One year,DSL,Bank transfer,No,2,Yes,Yes,Yes
CUST04425,22.0,Male,8,82.14,8104.89,Month-to-month,DSL,Electronic check,No,2,No,No,No
CUST04426,49.0,Female,7,37.85,3381.08,Month-to-month,No,Electronic check,No,2,No,Yes,No
CUST04427,37.0,Female,9,95.69,10489.44,One year,DSL,Electronic check,No,0,Yes,No,No
CUST04428,67.0,Female,8,24.76,2519.56,Month-to-month,No,Electronic check,Yes,1,No,No,Yes
CUST04429,28.0,Female,0,115.91,1107.74,One year,No,Bank transfer,No,3,No,No,Yes
CUST04430,32.0,Male,8,27.19,2803.12,Month-to-month,Fiber optic,Mailed check,No,4,No,Yes,No
CUST04431,49.0,Male,2,77.94,2503.58,Two year,Fiber optic,Bank transfer,No,2,Yes,No,No
CUST04432,45.0,Female,10,110.22,13732.86,Month-to-month,Fiber optic,Mailed check,No,1,No,Yes,Yes
CUST04433,39.0,Male,9,21.19,2347.33,Two year,Fiber optic,Mailed check,No,3,No,No,No
CUST04434,58.0,Female,8,69.85,6785.53,One year,Fiber optic,Mailed check,No,1,Yes,No,Yes
CUST04435,34.0,Male,0,55.0,551.89,Month-to-month,DSL,Credit card,No,2,Yes,Yes,No
CUST04436,43.0,Female,0,78.03,624.49,One year,Fiber optic,Electronic check,No,1,Yes,No,No
CUST04437,61.0,Female,8,42.55,4234.68,Two year,No,Credit card,Yes,2,No,Yes,No
CUST04438,24.0,Male,10,26.49,3327.22,One year,DSL,Bank transfer,No,1,No,Yes,No
CUST04439,59.0,Female,5,82.59,5766.09,Month-to-month,Fiber optic,Credit card,No,3,No,Yes,No
CUST04440,43.0,Female,3,61.68,2647.66,Two year,Fiber optic,Mailed check,No,1,Yes,No,No
CUST04441,42.0,Female,6,82.25,6275.82,Month-to-month,DSL,Bank transfer,No,3,No,No,No
CUST04442,27.0,Female,4,41.05,2132.1,Month-to-month,DSL,Electronic check,No,0,Yes,No,No
CUST04443,62.0,Male,9,53.87,6000.78,One year,Fiber optic,Mailed check,Yes,3,No,No,No
CUST04444,36.0,Male,6,76.17,6250.59,Month-to-month,Fiber optic,Electronic check,No,0,No,No,No
CUST04445,28.0,Male,7,79.31,7248.97,Month-to-month,DSL,Credit card,No,1,No,Yes,Yes
CUST04446,30.0,Male,7,57.23,5310.99,One year,Fiber optic,Electronic check,No,3,No,No,No
CUST04447,25.0,Female,0,48.01,502.25,One year,Fiber optic,Bank transfer,No,0,No,Yes,No
CUST04448,57.0,Female,7,47.37,4540.67,Month-to-month,No,Mailed check,No,4,Yes,No,No
CUST04449,21.0,Female,5,37.47,2388.5,One year,DSL,Electronic check,No,2,No,No,No
CUST04450,64.0,Female,3,52.54,2048.53,One year,Fiber optic,Credit card,Yes,4,No,Yes,No
CUST04451,48.0,Male,7,39.94,3597.87,One year,DSL,Bank transfer,No,3,Yes,Yes,Yes
CUST04452,45.0,Male,2,83.38,2116.67,Two year,DSL,Mailed check,No,4,No,Yes,No
CUST04453,28.0,Male,3,76.91,3515.47,Month-to-month,DSL,Credit card,No,2,Yes,No,No
CUST04454,60.0,Female,5,58.26,4120.23,One year,Fiber optic,Mailed check,Yes,1,No,No,No
CUST04455,18.0,Female,10,52.58,6758.97,One year,No,Electronic check,No,0,Yes,Yes,No
CUST04456,66.0,Female,6,43.76,3323.48,One year,DSL,Credit card,Yes,3,Yes,Yes,Yes
CUST04457,64.0,Female,3,73.55,2820.99,Month-to-month,Fiber optic,Credit card,Yes,1,Yes,No,No
CUST04458,69.0,Male,3,111.89,4610.27,Month-to-month,DSL,Electronic check,Yes,2,No,Yes,No
CUST04459,55.0,Male,6,88.57,7277.5,Month-to-month,Fiber optic,Credit card,No,2,Yes,Yes,No
CUST04460,41.0,Male,5,94.44,6122.18,One year,Fiber optic,Credit card,No,2,No,Yes,No
CUST04461,64.0,Female,10,103.44,12555.22,Month-to-month,Fiber optic,Credit card,Yes,0,No,No,Yes
CUST04462,48.0,Male,7,55.16,4855.02,Month-to-month,Fiber optic,Electronic check,No,1,Yes,No,No
CUST04463,58.0,Female,0,26.29,312.57,One year,Fiber optic,Electronic check,No,5,Yes,No,No
CUST04464,63.0,Male,9,82.26,9578.63,Two year,DSL,Mailed check,Yes,2,No,Yes,No
CUST04465,67.0,Male,10,38.87,5088.45,Month-to-month,Fiber optic,Electronic check,Yes,3,Yes,Yes,Yes
CUST04466,43.0,Female,6,76.9,6269.16,Two year,Fiber optic,Credit card,No,0,Yes,No,No
CUST04467,66.0,Female,6,93.95,7416.11,Month-to-month,DSL,Electronic check,Yes,1,No,No,No
CUST04468,67.0,Female,10,98.36,12062.44,Month-to-month,DSL,Credit card,Yes,2,Yes,Yes,No
CUST04469,22.0,Male,6,50.18,3855.58,One year,No,Credit card,No,2,Yes,No,No
CUST04470,37.0,Male,6,71.24,5657.96,Month-to-month,No,Credit card,No,5,Yes,Yes,No
CUST04471,69.0,Male,9,82.1,9735.17,Two year,DSL,Electronic check,Yes,0,Yes,No,No
CUST04472,58.0,Male,9,101.95,11413.86,Month-to-month,Fiber optic,Credit card,No,5,No,No,Yes
CUST04473,28.0,Female,7,96.14,8300.1,Month-to-month,Fiber optic,Mailed check,No,3,Yes,No,No
CUST04474,50.0,Male,8,118.8,12253.88,One year,No,Bank transfer,No,6,No,No,No
CUST04475,67.0,Female,8,20.81,2058.97,One year,No,Bank transfer,Yes,1,No,No,No
CUST04476,55.0,Male,1,63.75,1256.77,Two year,Fiber optic,Mailed check,No,1,No,No,Yes
CUST04477,44.0,Female,6,,3460.98,Month-to-month,DSL,Bank transfer,No,5,Yes,Yes,No
CUST04478,51.0,Female,6,31.99,2416.54,Month-to-month,Fiber optic,Mailed check,No,3,No,Yes,No
CUST04479,32.0,Male,3,111.15,4600.61,Month-to-month,Fiber optic,Electronic check,No,0,No,Yes,Yes
CUST04480,49.0,Male,8,119.8,12402.31,One year,No,Bank transfer,No,4,Yes,No,No
CUST04481,38.0,Female,7,38.06,3463.4,One year,Fiber optic,Mailed check,No,3,No,No,No
CUST04482,63.0,Male,0,23.84,88.02,Two year,Fiber optic,Mailed check,Yes,3,Yes,No,No
CUST04483,22.0,Female,1,47.51,1083.34,One year,Fiber optic,Credit card,No,5,Yes,Yes,No
CUST04484,23.0,Male,1,103.49,1470.46,Two year,DSL,Electronic check,No,0,No,No,No
CUST04485,55.0,Male,10,49.39,5997.63,Two year,Fiber optic,Mailed check,No,0,Yes,Yes,No
CUST04486,39.0,Male,7,25.69,2353.97,Month-to-month,DSL,Bank transfer,No,3,No,No,No
CUST04487,35.0,Male,0,25.25,59.53,Month-to-month,Fiber optic,Credit card,No,1,Yes,Yes,No
CUST04488,31.0,Male,3,62.74,2669.83,Month-to-month,Fiber optic,Credit card,No,3,No,Yes,Yes
CUST04489,27.0,Female,9,113.18,13521.56,Month-to-month,No,Credit card,No,2,No,Yes,No
CUST04490,63.0,Male,4,48.59,2754.29,Month-to-month,No,Electronic check,Yes,0,Yes,No,No
CUST04491,30.0,Female,8,62.72,6509.84,Month-to-month,DSL,Mailed check,No,4,No,Yes,No
CUST04492,48.0,Female,6,30.19,2394.76,Month-to-month,DSL,Electronic check,No,3,No,No,No
CUST04493,47.0,Female,7,69.36,6032.58,Month-to-month,Fiber optic,Mailed check,No,0,Yes,Yes,Yes
CUST04494,20.0,Male,10,89.65,11274.31,Month-to-month,Fiber optic,Credit card,No,3,Yes,Yes,Yes
CUST04495,47.0,Female,8,47.12,4748.18,Month-to-month,No,Bank transfer,No,3,Yes,No,Yes
CUST04496,23.0,Female,6,49.67,4146.64,Month-to-month,DSL,Bank transfer,No,1,No,Yes,Yes
CUST04497,46.0,Female,4,104.2,5383.55,Month-to-month,No,Electronic check,No,1,Yes,Yes,Yes
CUST04498,25.0,Female,4,21.04,1140.09,Month-to-month,Fiber optic,Credit card,No,1,No,No,No
CUST04499,61.0,Female,9,83.65,9981.02,Two year,DSL,Mailed check,Yes,2,Yes,Yes,Yes
CUST04500,62.0,Female,10,59.39,7701.75,Month-to-month,DSL,Electronic check,Yes,1,No,Yes,No
CUST04501,60.0,Male,5,49.84,3569.03,Two year,No,Credit card,Yes,1,Yes,Yes,No
CUST04502,61.0,Female,4,85.76,4776.11,One year,Fiber optic,Electronic check,Yes,3,No,Yes,No
CUST04503,50.0,Female,10,103.47,12899.78,Month-to-month,No,Bank transfer,No,3,Yes,Yes,No
CUST04504,34.0,Male,8,,8046.1,Month-to-month,Fiber optic,Credit card,No,1,Yes,Yes,No
CUST04505,65.0,Female,2,23.11,651.84,Month-to-month,DSL,Electronic check,Yes,2,Yes,No,No
CUST04506,28.0,Male,2,66.14,1773.38,Month-to-month,Fiber optic,Mailed check,No,1,Yes,Yes,Yes
CUST04507,30.0,Male,6,66.28,5353.38,One year,DSL,Bank transfer,No,2,Yes,Yes,No
CUST04508,67.0,Female,6,74.38,5952.52,Two year,Fiber optic,Mailed check,Yes,2,Yes,No,No
CUST04509,28.0,Female,5,87.1,6155.22,Two year,Fiber optic,Electronic check,No,4,No,Yes,No
CUST04510,48.0,Male,2,21.93,780.3,One year,Fiber optic,Credit card,No,0,Yes,No,No
CUST04511,45.0,Male,6,70.2,5786.53,Month-to-month,Fiber optic,Bank transfer,No,3,Yes,Yes,Yes
CUST04512,61.0,Male,4,78.83,3914.72,Month-to-month,DSL,Mailed check,Yes,3,Yes,Yes,No
CUST04513,23.0,Male,6,54.34,4364.03,One year,DSL,Mailed check,No,3,Yes,Yes,No
CUST04514,58.0,Female,1,86.84,1878.53,Two year,Fiber optic,Credit card,No,1,No,No,No
CUST04515,33.0,Male,5,42.82,3074.53,Month-to-month,No,Electronic check,No,0,Yes,No,Yes
CUST04516,21.0,Male,7,51.74,4611.13,Two year,Fiber optic,Mailed check,No,3,No,Yes,No
CUST04517,52.0,Male,0,116.28,333.57,Month-to-month,Fiber optic,Electronic check,No,2,No,Yes,No
CUST04518,65.0,Female,3,54.81,2542.21,Month-to-month,DSL,Electronic check,Yes,3,Yes,Yes,Yes
CUST04519,43.0,Male,10,54.65,6803.5,Two year,Fiber optic,Electronic check,No,3,No,No,No
CUST04520,29.0,Male,0,79.57,603.16,Two year,Fiber optic,Credit card,No,1,No,No,No
CUST04521,28.0,Female,0,117.1,619.32,One year,Fiber optic,Electronic check,No,1,Yes,Yes,Yes
CUST04522,54.0,Female,9,118.31,13419.38,Month-to-month,Fiber optic,Bank transfer,No,0,Yes,No,No
CUST04523,42.0,Male,10,77.97,10062.58,Month-to-month,Fiber optic,Credit card,No,5,No,No,No
CUST04524,35.0,Male,7,20.11,1789.31,Month-to-month,Fiber optic,Mailed check,No,3,No,No,No
CUST04525,36.0,Male,6,110.07,8874.26,One year,DSL,Credit card,No,5,No,No,No
CUST04526,40.0,Female,9,77.02,8407.32,Month-to-month,DSL,Mailed check,No,0,No,Yes,No
CUST04527,55.0,Female,0,56.6,258.73,One year,DSL,Bank transfer,No,2,No,No,No
CUST04528,35.0,Male,10,102.92,12814.52,Month-to-month,DSL,Electronic check,No,2,Yes,Yes,No
CUST04529,43.0,Male,1,59.98,1273.81,Month-to-month,No,Electronic check,No,2,Yes,Yes,No
CUST04530,23.0,Male,3,23.4,946.77,One year,Fiber optic,Electronic check,No,0,Yes,No,Yes
CUST04531,21.0,Female,0,102.11,813.47,Two year,Fiber optic,Electronic check,No,3,No,No,No
CUST04532,61.0,Male,2,,2429.68,Month-to-month,No,Credit card,Yes,1,No,No,No
CUST04533,68.0,Male,7,53.81,4963.58,Two year,No,Bank transfer,Yes,0,No,No,Yes
CUST04534,46.0,Female,7,45.09,4131.88,Month-to-month,Fiber optic,Mailed check,No,3,No,No,No
CUST04535,51.0,Male,7,79.38,7108.46,One year,No,Credit card,No,1,Yes,Yes,No
CUST04536,34.0,Female,5,40.8,2656.34,Two year,DSL,Electronic check,No,5,Yes,Yes,Yes
CUST04537,60.0,Female,5,52.39,3521.15,Month-to-month,No,Electronic check,Yes,0,No,Yes,No
CUST04538,60.0,Male,4,83.65,4157.47,Month-to-month,DSL,Electronic check,Yes,2,Yes,Yes,No
CUST04539,33.0,Female,8,108.15,11532.47,Month-to-month,Fiber optic,Mailed check,No,1,Yes,No,No
CUST04540,19.0,Female,3,73.29,3377.09,Month-to-month,DSL,Mailed check,No,1,No,No,No
CUST04541,51.0,Male,9,95.91,10819.63,One year,No,Credit card,No,3,No,No,No
CUST04542,25.0,Female,6,96.31,7631.12,Month-to-month,DSL,Bank transfer,No,3,No,No,Yes
CUST04543,30.0,Female,0,86.44,972.84,Month-to-month,Fiber optic,Mailed check,No,4,Yes,Yes,No
CUST04544,59.0,Male,8,44.58,4457.47,One year,Fiber optic,Credit card,No,0,Yes,Yes,No
CUST04545,25.0,Male,6,106.68,8658.9,One year,Fiber optic,Mailed check,No,1,No,No,Yes
CUST04546,47.0,Male,9,63.63,6993.58,Month-to-month,Fiber optic,Credit card,No,0,Yes,Yes,Yes
CUST04547,49.0,Male,8,24.42,2509.33,One year,Fiber optic,Electronic check,No,2,No,Yes,Yes
CUST04548,53.0,Male,6,44.46,3677.89,One year,Fiber optic,Mailed check,No,2,Yes,No,Yes
CUST04549,64.0,Female,1,96.55,1841.09,Month-to-month,DSL,Electronic check,Yes,2,Yes,No,No
CUST04550,47.0,Female,5,26.91,1823.93,One year,Fiber optic,Bank transfer,No,1,Yes,Yes,No
CUST04551,18.0,Female,9,34.74,4133.51,Two year,Fiber optic,Electronic check,No,2,No,No,No
CUST04552,60.0,Female,10,89.42,11523.46,Month-to-month,No,Bank transfer,Yes,2,No,No,Yes
CUST04553,56.0,Female,3,109.26,4878.96,One year,Fiber optic,Mailed check,No,3,No,No,Yes
CUST04554,34.0,Male,2,83.37,2622.01,Two year,DSL,Bank transfer,No,1,Yes,Yes,No
CUST04555,37.0,Male,1,42.23,843.03,Two year,Fiber optic,Electronic check,No,4,No,No,No
CUST04556,41.0,Male,5,25.34,1769.76,One year,Fiber optic,Mailed check,No,2,Yes,Yes,Yes
CUST04557,67.0,Male,7,81.51,7806.34,One year,DSL,Credit card,Yes,0,Yes,No,No
CUST04558,39.0,Female,5,24.74,1725.58,One year,Fiber optic,Mailed check,No,1,No,No,No
CUST04559,46.0,Male,8,81.27,8515.71,One year,DSL,Credit card,No,5,Yes,No,Yes
CUST04560,39.0,Male,4,42.56,2148.9,Month-to-month,Fiber optic,Electronic check,No,0,Yes,Yes,No
CUST04561,61.0,Female,1,110.47,2429.0,Month-to-month,Fiber optic,Mailed check,Yes,3,Yes,Yes,Yes
CUST04562,26.0,Female,7,67.51,6284.91,Month-to-month,DSL,Credit card,No,0,Yes,No,No
CUST04563,54.0,Male,8,42.39,4471.07,Month-to-month,No,Electronic check,No,4,Yes,No,No
CUST04564,27.0,Female,9,105.31,11746.49,Month-to-month,DSL,Bank transfer,No,0,No,Yes,No
CUST04565,53.0,Female,3,45.4,2130.98,Month-to-month,DSL,Credit card,No,1,No,No,No
CUST04566,54.0,Male,5,50.66,3144.47,Two year,No,Bank transfer,No,0,No,Yes,No
CUST04567,45.0,Female,10,103.43,12803.57,Two year,DSL,Mailed check,No,3,Yes,No,No
CUST04568,45.0,Male,9,50.88,5917.0,One year,DSL,Credit card,No,5,No,Yes,No
CUST04569,59.0,Female,7,61.02,5638.91,Two year,DSL,Electronic check,No,1,Yes,No,No
CUST04570,60.0,Female,8,54.77,5501.46,Two year,Fiber optic,Electronic check,Yes,0,Yes,Yes,Yes
CUST04571,38.0,Female,4,31.64,1794.52,Two year,Fiber optic,Bank transfer,No,1,Yes,No,No
CUST04572,41.0,Female,5,23.89,1559.23,Month-to-month,Fiber optic,Electronic check,No,1,Yes,No,No
CUST04573,59.0,Male,10,92.45,11186.63,Month-to-month,DSL,Mailed check,No,1,No,No,Yes
CUST04574,57.0,Female,3,84.51,3278.03,Month-to-month,DSL,Mailed check,No,1,Yes,No,No
CUST04575,19.0,Male,4,48.24,2832.11,Month-to-month,Fiber optic,Bank transfer,No,2,No,No,No
CUST04576,25.0,Male,6,49.56,3739.28,Two year,DSL,Credit card,No,2,No,No,No
CUST04577,65.0,Female,8,114.5,11248.71,Month-to-month,Fiber optic,Electronic check,Yes,0,No,Yes,No
CUST04578,44.0,Female,9,118.77,13837.2,Month-to-month,Fiber optic,Mailed check,No,3,No,No,No
CUST04579,39.0,Male,10,67.34,8474.59,Month-to-month,No,Credit card,No,0,Yes,No,No
CUST04580,54.0,Female,5,100.25,6993.69,Month-to-month,DSL,Mailed check,No,1,Yes,No,No
CUST04581,44.0,Female,5,93.67,6601.48,One year,Fiber optic,Mailed check,No,4,Yes,No,No
CUST04582,46.0,Male,7,49.73,4689.83,One year,Fiber optic,Credit card,No,2,Yes,Yes,No
CUST04583,20.0,Female,10,25.86,3218.1,Month-to-month,No,Credit card,No,2,No,Yes,Yes
CUST04584,61.0,Male,3,34.26,1458.14,One year,No,Electronic check,Yes,3,Yes,No,No
CUST04585,30.0,Female,2,103.83,3338.3,One year,No,Bank transfer,No,3,Yes,No,No
CUST04586,62.0,Female,6,93.12,7127.57,One year,Fiber optic,Bank transfer,Yes,2,Yes,No,No
CUST04587,27.0,Female,4,86.43,4274.14,Month-to-month,DSL,Mailed check,No,2,Yes,No,No
CUST04588,53.0,Female,1,33.06,610.03,Month-to-month,Fiber optic,Bank transfer,No,1,No,No,Yes
CUST04589,26.0,Female,1,83.99,1103.71,Month-to-month,DSL,Mailed check,No,2,Yes,No,No
CUST04590,44.0,Female,10,97.22,12780.26,One year,Fiber optic,Credit card,No,1,Yes,Yes,No
CUST04591,51.0,Male,5,106.06,7399.12,Month-to-month,DSL,Mailed check,No,0,No,Yes,No
CUST04592,68.0,Male,7,21.32,1857.23,Month-to-month,Fiber optic,Electronic check,Yes,3,Yes,Yes,Yes
CUST04593,18.0,Female,0,88.45,368.24,Month-to-month,No,Mailed check,No,1,Yes,Yes,No
CUST04594,49.0,Female,10,,2887.98,One year,DSL,Mailed check,No,2,Yes,No,No
CUST04595,42.0,Male,5,90.69,5904.74,One year,Fiber optic,Electronic check,No,1,Yes,No,Yes
CUST04596,46.0,Male,1,83.56,,Month-to-month,DSL,Electronic check,No,2,No,Yes,Yes
CUST04597,24.0,Male,1,34.83,623.98,One year,DSL,Bank transfer,No,4,No,Yes,No
CUST04598,66.0,Female,6,96.61,7970.81,Month-to-month,DSL,Credit card,Yes,3,Yes,No,No
CUST04599,20.0,Female,9,26.83,3132.17,Month-to-month,DSL,Credit card,No,4,Yes,Yes,No
CUST04600,37.0,Female,0,102.64,128.51,Month-to-month,DSL,Electronic check,No,2,No,Yes,No
CUST04601,37.0,Male,5,46.19,2967.17,Month-to-month,Fiber optic,Credit card,No,0,Yes,No,Yes
CUST04602,47.0,Male,6,88.89,7034.57,Two year,Fiber optic,Mailed check,No,0,Yes,Yes,Yes
CUST04603,52.0,Female,7,112.37,10696.27,One year,DSL,Credit card,No,1,Yes,No,No
CUST04604,52.0,Male,6,53.98,4001.12,One year,No,Electronic check,No,1,No,Yes,No
CUST04605,66.0,Female,5,70.29,4752.5,Month-to-month,No,Credit card,Yes,0,No,No,No
CUST04606,56.0,Female,8,66.31,6652.48,Month-to-month,Fiber optic,Electronic check,No,2,No,No,Yes
CUST04607,44.0,Male,2,35.76,1243.83,Month-to-month,Fiber optic,Bank transfer,No,2,No,No,No
CUST04608,43.0,Female,10,79.03,10227.81,One year,DSL,Electronic check,No,5,No,Yes,No
CUST04609,31.0,Male,5,94.3,6135.79,Month-to-month,Fiber optic,Mailed check,No,2,No,Yes,Yes
CUST04610,34.0,Male,3,111.69,4337.83,Month-to-month,No,Mailed check,No,2,Yes,Yes,Yes
CUST04611,,Female,1,105.08,1379.33,One year,DSL,Mailed check,No,1,Yes,Yes,Yes
CUST04612,62.0,Female,0,71.0,556.11,Two year,Fiber optic,Electronic check,Yes,2,No,No,No
CUST04613,69.0,Male,0,91.9,502.45,Month-to-month,DSL,Electronic check,Yes,2,No,Yes,Yes
CUST04614,46.0,Female,10,100.08,12456.19,Month-to-month,Fiber optic,Mailed check,No,1,Yes,No,No
CUST04615,37.0,Male,9,69.35,8310.94,Month-to-month,DSL,Credit card,No,2,No,Yes,No
CUST04616,44.0,Female,2,31.54,950.22,One year,Fiber optic,Electronic check,No,2,No,No,No
CUST04617,35.0,Male,3,63.79,2886.38,Month-to-month,Fiber optic,Credit card,No,1,No,No,No
CUST04618,21.0,Male,1,104.25,1558.7,One year,DSL,Bank transfer,No,2,Yes,No,Yes
CUST04619,18.0,Female,10,79.66,9650.65,One year,DSL,Bank transfer,No,1,No,Yes,No
CUST04620,67.0,Female,10,92.45,11611.09,Month-to-month,No,Bank transfer,Yes,0,Yes,Yes,Yes
CUST04621,18.0,Male,10,38.53,4944.26,Month-to-month,Fiber optic,Bank transfer,No,1,Yes,No,No
CUST04622,43.0,Male,0,116.43,765.25,Month-to-month,Fiber optic,Mailed check,No,1,Yes,Yes,No
CUST04623,62.0,Male,3,60.41,2826.89,Month-to-month,Fiber optic,Electronic check,Yes,2,Yes,No,No
CUST04624,37.0,Male,6,85.36,6638.77,Month-to-month,No,Bank transfer,No,3,Yes,Yes,No
CUST04625,69.0,Female,9,21.89,2460.9,Month-to-month,DSL,Mailed check,Yes,2,Yes,Yes,No
CUST04626,40.0,Female,10,32.73,4290.14,One year,No,Bank transfer,No,2,No,Yes,No
CUST04627,27.0,Female,5,98.2,6429.63,Month-to-month,DSL,Electronic check,No,0,No,Yes,Yes
CUST04628,28.0,Male,5,116.8,7471.24,One year,DSL,Bank transfer,No,2,Yes,No,No
CUST04629,58.0,Female,10,52.01,6349.08,Month-to-month,Fiber optic,Bank transfer,No,4,No,Yes,No
CUST04630,58.0,Male,8,23.72,2507.83,One year,No,Credit card,No,1,No,Yes,No
CUST04631,22.0,Male,1,56.09,1238.24,Two year,DSL,Credit card,No,4,No,Yes,No
CUST04632,18.0,Female,3,21.75,812.72,Two year,Fiber optic,Credit card,No,7,No,No,No
CUST04633,34.0,Female,4,39.24,2077.57,Month-to-month,Fiber optic,Credit card,No,0,No,No,Yes
CUST04634,39.0,Male,0,95.25,880.93,One year,DSL,Bank transfer,No,5,No,No,Yes
CUST04635,51.0,Male,7,113.71,10849.09,One year,No,Bank transfer,No,2,No,No,No
CUST04636,62.0,Female,7,28.74,2562.34,Month-to-month,Fiber optic,Credit card,Yes,3,Yes,No,No
CUST04637,58.0,Male,5,75.79,5350.21,One year,No,Electronic check,No,0,No,No,Yes
CUST04638,46.0,Female,4,45.39,2420.69,Two year,Fiber optic,Mailed check,No,2,No,Yes,No
CUST04639,21.0,Female,7,33.91,2949.3,Month-to-month,Fiber optic,Bank transfer,No,1,Yes,No,Yes
CUST04640,22.0,Male,2,41.9,1049.09,Month-to-month,Fiber optic,Credit card,No,1,Yes,No,No
CUST04641,28.0,Male,2,77.78,2227.0,One year,Fiber optic,Mailed check,No,1,Yes,Yes,Yes
CUST04642,68.0,Male,1,26.51,455.0,Month-to-month,Fiber optic,Credit card,Yes,2,No,Yes,Yes
CUST04643,38.0,Male,4,63.42,3766.91,Month-to-month,DSL,Credit card,No,0,Yes,Yes,No
CUST04644,52.0,Male,2,33.52,913.98,Month-to-month,Fiber optic,Electronic check,No,1,Yes,Yes,Yes
CUST04645,29.0,Female,2,47.27,1380.5,Month-to-month,No,Electronic check,No,1,Yes,No,Yes
CUST04646,,Female,5,39.08,2394.69,Month-to-month,Fiber optic,Bank transfer,No,2,Yes,No,Yes
CUST04647,68.0,Female,7,108.3,10115.1,Month-to-month,DSL,Credit card,Yes,3,No,No,No
CUST04648,36.0,Female,1,90.8,2094.44,Month-to-month,No,Mailed check,No,0,No,No,No
CUST04649,62.0,Male,3,106.85,4232.97,One year,Fiber optic,Bank transfer,Yes,3,No,Yes,Yes
CUST04650,24.0,Female,10,58.35,7335.7,Month-to-month,Fiber optic,Electronic check,No,0,Yes,No,No
CUST04651,64.0,Male,6,51.34,3816.78,Month-to-month,DSL,Bank transfer,Yes,2,No,No,No
CUST04652,24.0,Male,0,58.06,349.82,Month-to-month,Fiber optic,Bank transfer,No,3,No,Yes,Yes
CUST04653,43.0,Male,0,21.85,53.9,Month-to-month,No,Credit card,No,3,No,Yes,No
CUST04654,57.0,Male,9,92.47,10611.56,Month-to-month,DSL,Mailed check,No,4,No,Yes,Yes
CUST04655,22.0,Male,6,54.98,4457.82,Month-to-month,DSL,Electronic check,No,4,No,No,Yes
CUST04656,38.0,Female,6,51.33,4059.52,One year,Fiber optic,Bank transfer,No,3,No,No,Yes
CUST04657,31.0,Male,0,79.81,295.09,Month-to-month,DSL,Bank transfer,No,2,No,Yes,No
CUST04658,21.0,Male,0,63.62,311.21,Month-to-month,Fiber optic,Credit card,No,2,Yes,Yes,Yes
CUST04659,40.0,Female,3,118.08,5198.39,One year,DSL,Bank transfer,No,5,Yes,No,No
CUST04660,59.0,Female,4,55.63,3086.76,Month-to-month,DSL,Mailed check,No,0,No,No,No
CUST04661,37.0,Female,4,81.39,4110.56,One year,No,Credit card,No,1,No,Yes,No
CUST04662,32.0,Male,3,51.17,2368.89,Two year,Fiber optic,Electronic check,No,2,Yes,No,No
CUST04663,67.0,Male,7,119.06,10742.44,Month-to-month,DSL,Bank transfer,Yes,1,No,No,Yes
CUST04664,69.0,Male,6,64.51,4824.45,Two year,Fiber optic,Bank transfer,Yes,4,No,No,No
CUST04665,62.0,Male,8,83.41,8203.46,Two year,DSL,Credit card,Yes,1,No,Yes,No
CUST04666,46.0,Female,6,32.67,2731.9,Month-to-month,DSL,Bank transfer,No,2,Yes,Yes,No
CUST04667,25.0,Female,9,93.3,10458.64,Two year,Fiber optic,Electronic check,No,1,Yes,Yes,No
CUST04668,58.0,Female,0,46.92,515.86,One year,Fiber optic,Mailed check,No,3,Yes,Yes,Yes
CUST04669,65.0,Female,6,64.86,5027.72,Two year,No,Mailed check,Yes,2,No,Yes,Yes
CUST04670,36.0,Female,0,108.31,568.1,One year,Fiber optic,Credit card,No,3,Yes,No,No
CUST04671,65.0,Female,6,117.06,9447.94,One year,No,Bank transfer,Yes,2,No,Yes,No
CUST04672,56.0,Male,9,62.46,6814.93,Month-to-month,No,Credit card,No,4,Yes,No,No
CUST04673,63.0,Male,7,103.48,9180.64,Month-to-month,Fiber optic,Credit card,Yes,2,Yes,No,No
CUST04674,,Female,10,25.33,3149.26,Month-to-month,No,Credit card,No,5,Yes,Yes,Yes
CUST04675,63.0,Female,8,104.76,11162.08,Month-to-month,Fiber optic,Credit card,Yes,2,Yes,Yes,No
CUST04676,44.0,Female,2,82.95,2556.55,Two year,DSL,Credit card,No,1,Yes,Yes,Yes
CUST04677,21.0,Female,3,68.87,2824.38,Month-to-month,DSL,Bank transfer,No,3,No,Yes,Yes
CUST04678,32.0,Male,3,109.0,4352.03,One year,DSL,Mailed check,No,2,No,Yes,No
CUST04679,52.0,Male,8,104.53,10818.4,Month-to-month,No,Mailed check,No,2,No,No,No
CUST04680,54.0,Male,6,49.69,3710.27,Month-to-month,Fiber optic,Mailed check,No,2,No,Yes,Yes
CUST04681,18.0,Female,2,99.15,2747.27,Month-to-month,Fiber optic,Bank transfer,No,0,No,No,Yes
CUST04682,20.0,Female,9,29.95,3361.28,Month-to-month,DSL,Bank transfer,No,3,Yes,Yes,No
CUST04683,64.0,Female,4,102.28,5695.67,Two year,Fiber optic,Credit card,Yes,1,Yes,Yes,No
CUST04684,41.0,Male,6,87.55,6750.61,Month-to-month,DSL,Mailed check,No,2,No,No,Yes
CUST04685,44.0,Male,7,28.79,2607.33,Month-to-month,No,Credit card,No,3,No,Yes,Yes
CUST04686,57.0,Male,0,88.31,720.15,Month-to-month,No,Mailed check,No,3,No,Yes,Yes
CUST04687,53.0,Female,1,78.05,1835.66,Month-to-month,Fiber optic,Electronic check,No,1,No,No,Yes
CUST04688,51.0,Male,6,79.46,6469.09,Month-to-month,DSL,Bank transfer,No,1,Yes,Yes,No
CUST04689,46.0,Male,10,49.09,6158.72,Month-to-month,DSL,Electronic check,No,2,Yes,Yes,Yes
CUST04690,41.0,Female,1,46.65,990.43,Month-to-month,DSL,Mailed check,No,2,No,Yes,Yes
CUST04691,41.0,Male,6,96.25,8031.74,Month-to-month,DSL,Credit card,No,2,No,Yes,No
CUST04692,59.0,Female,8,45.68,4681.89,Month-to-month,No,Bank transfer,No,2,Yes,Yes,No
CUST04693,21.0,Female,10,64.63,8112.06,Two year,DSL,Bank transfer,No,2,Yes,No,No
CUST04694,20.0,Female,1,89.48,1240.03,Month-to-month,Fiber optic,Credit card,No,1,No,No,No
CUST04695,51.0,Male,6,27.96,2315.54,Month-to-month,Fiber optic,Electronic check,No,2,Yes,Yes,Yes
CUST04696,66.0,Male,3,79.45,3155.02,One year,Fiber optic,Electronic check,Yes,2,No,No,Yes
CUST04697,40.0,Female,10,78.94,9607.28,One year,DSL,Electronic check,No,2,Yes,No,No
CUST04698,69.0,Male,1,88.42,1671.95,One year,No,Electronic check,Yes,4,No,Yes,No
CUST04699,40.0,Female,6,56.99,4690.56,Two year,Fiber optic,Bank transfer,No,1,Yes,Yes,No
CUST04700,62.0,Male,4,64.9,3470.4,Month-to-month,Fiber optic,Mailed check,Yes,3,No,No,No
CUST04701,22.0,Female,0,53.0,509.53,Month-to-month,DSL,Credit card,No,0,Yes,No,No
CUST04702,48.0,Female,4,100.82,5867.76,Month-to-month,No,Mailed check,No,1,No,No,No
CUST04703,58.0,Male,2,33.06,991.75,Two year,DSL,Mailed check,No,4,Yes,Yes,No
CUST04704,23.0,Female,6,116.3,9245.91,Month-to-month,Fiber optic,Electronic check,No,1,Yes,No,No
CUST04705,54.0,Female,5,83.48,5582.56,One year,Fiber optic,Mailed check,No,6,No,No,No
CUST04706,27.0,Female,7,108.69,10361.54,One year,DSL,Electronic check,No,3,No,No,No
CUST04707,57.0,Female,4,62.62,3568.12,Month-to-month,DSL,Electronic check,No,3,No,Yes,No
CUST04708,24.0,Female,1,53.23,1233.81,Month-to-month,No,Mailed check,No,1,Yes,No,No
CUST04709,56.0,Male,8,110.07,10943.17,Month-to-month,DSL,Credit card,No,1,Yes,Yes,No
CUST04710,55.0,Male,10,29.89,3718.69,Month-to-month,Fiber optic,Mailed check,No,3,No,Yes,No
CUST04711,38.0,Female,7,31.71,2720.09,Month-to-month,Fiber optic,Mailed check,No,1,No,Yes,No
CUST04712,37.0,Male,5,49.93,3320.29,Month-to-month,DSL,Bank transfer,No,1,No,No,No
CUST04713,20.0,Female,9,115.98,13756.75,One year,DSL,Electronic check,No,3,Yes,Yes,No
CUST04714,68.0,Female,6,83.31,6381.16,Two year,DSL,Bank transfer,Yes,2,No,Yes,No
CUST04715,39.0,Female,8,75.42,7422.17,One year,Fiber optic,Credit card,No,3,No,No,No
CUST04716,64.0,Female,6,90.54,6677.59,One year,Fiber optic,Mailed check,Yes,1,Yes,Yes,No
CUST04717,21.0,Female,2,61.75,1847.71,Month-to-month,No,Bank transfer,No,0,No,Yes,No
CUST04718,45.0,Male,5,95.81,6017.27,Month-to-month,Fiber optic,Bank transfer,No,3,Yes,Yes,Yes
CUST04719,29.0,Male,10,59.32,7403.56,Month-to-month,No,Mailed check,No,1,Yes,Yes,Yes
CUST04720,55.0,Male,10,102.64,13345.23,Month-to-month,DSL,Mailed check,No,1,Yes,Yes,No
CUST04721,68.0,Male,6,46.73,3608.7,One year,Fiber optic,Electronic check,Yes,0,No,Yes,Yes
CUST04722,53.0,Male,1,47.75,941.08,Two year,DSL,Electronic check,No,0,Yes,No,Yes
CUST04723,64.0,Male,2,72.24,2205.04,Month-to-month,DSL,Bank transfer,Yes,3,Yes,No,Yes
CUST04724,58.0,Female,3,63.08,2832.54,Month-to-month,Fiber optic,Mailed check,No,0,No,Yes,No
CUST04725,22.0,Male,9,84.81,9389.98,Month-to-month,Fiber optic,Electronic check,No,3,Yes,Yes,No
CUST04726,30.0,Female,5,56.43,4013.58,Month-to-month,Fiber optic,Electronic check,No,1,Yes,No,Yes
CUST04727,40.0,Female,0,43.06,347.92,One year,Fiber optic,Credit card,No,2,No,No,Yes
CUST04728,67.0,Male,8,66.98,6696.69,One year,Fiber optic,Bank transfer,Yes,1,Yes,Yes,No
CUST04729,47.0,Male,4,76.1,3832.08,One year,No,Bank transfer,No,0,No,Yes,No
CUST04730,54.0,Female,6,34.26,2557.41,One year,DSL,Bank transfer,No,0,Yes,Yes,No
CUST04731,42.0,Female,8,75.67,7991.46,Month-to-month,DSL,Mailed check,No,2,Yes,No,Yes
CUST04732,65.0,Female,8,51.93,5373.16,Two year,Fiber optic,Credit card,Yes,5,No,No,No
CUST04733,44.0,Female,0,59.25,307.41,One year,Fiber optic,Electronic check,No,1,Yes,No,Yes
CUST04734,68.0,Female,0,47.93,223.45,Month-to-month,Fiber optic,Credit card,Yes,0,No,Yes,No
CUST04735,31.0,Male,2,113.14,3893.53,Month-to-month,Fiber optic,Electronic check,No,3,No,No,Yes
CUST04736,65.0,Male,5,88.33,6238.08,Two year,No,Electronic check,Yes,3,Yes,Yes,No
CUST04737,64.0,Female,1,46.25,896.97,Month-to-month,Fiber optic,Credit card,Yes,1,No,Yes,No
CUST04738,53.0,Female,9,84.5,9698.06,Month-to-month,Fiber optic,Bank transfer,No,1,Yes,Yes,No
CUST04739,56.0,Female,10,104.86,13629.8,Month-to-month,Fiber optic,Mailed check,No,2,Yes,No,Yes
CUST04740,33.0,Female,0,60.16,556.04,Two year,No,Credit card,No,0,No,No,Yes
CUST04741,39.0,Female,0,103.0,556.57,Month-to-month,DSL,Bank transfer,No,3,Yes,Yes,No
CUST04742,38.0,Female,4,35.44,1768.81,One year,Fiber optic,Bank transfer,No,2,Yes,Yes,No
CUST04743,38.0,Female,3,102.28,4648.98,Two year,Fiber optic,Mailed check,No,3,Yes,Yes,Yes
CUST04744,25.0,Female,0,74.03,211.41,Two year,DSL,Mailed check,No,0,Yes,No,Yes
CUST04745,66.0,Male,3,42.3,1572.72,Two year,Fiber optic,Bank transfer,Yes,2,Yes,No,No
CUST04746,33.0,Female,2,60.71,2080.92,Month-to-month,DSL,Mailed check,No,2,Yes,Yes,No
CUST04747,48.0,Female,1,118.8,2300.06,Month-to-month,DSL,Bank transfer,No,1,Yes,Yes,Yes
CUST04748,59.0,Male,8,98.36,10505.67,Month-to-month,No,Electronic check,No,2,No,No,No
CUST04749,27.0,Female,10,77.51,9791.87,Month-to-month,DSL,Mailed check,No,0,Yes,Yes,No
CUST04750,49.0,Female,0,,352.75,Two year,Fiber optic,Electronic check,No,3,No,Yes,No
CUST04751,51.0,Female,6,61.78,4750.49,Two year,DSL,Mailed check,No,2,No,No,No
CUST04752,26.0,Female,3,46.31,2082.55,Month-to-month,Fiber optic,Bank transfer,No,0,No,No,Yes
CUST04753,34.0,Male,4,27.1,1417.62,Month-to-month,DSL,Bank transfer,No,1,Yes,No,No
CUST04754,28.0,Female,9,,8090.93,Month-to-month,Fiber optic,Bank transfer,No,1,No,Yes,Yes
CUST04755,49.0,Female,4,108.92,5792.06,Month-to-month,No,Bank transfer,No,2,Yes,Yes,No
CUST04756,27.0,Female,0,87.56,798.15,Month-to-month,Fiber optic,Bank transfer,No,0,No,No,No
CUST04757,39.0,Male,5,44.97,2817.38,One year,Fiber optic,Bank transfer,No,1,No,No,No
CUST04758,34.0,Female,8,77.36,7933.49,One year,Fiber optic,Mailed check,No,1,Yes,Yes,Yes
CUST04759,21.0,Female,1,114.32,1753.16,Two year,DSL,Mailed check,No,6,No,No,No
CUST04760,65.0,Male,6,92.29,6812.93,Month-to-month,Fiber optic,Electronic check,Yes,3,No,No,Yes
CUST04761,69.0,Male,5,88.95,6030.1,Month-to-month,DSL,Credit card,Yes,4,Yes,No,No
CUST04762,64.0,Male,4,116.82,6947.48,Two year,Fiber optic,Mailed check,Yes,3,Yes,Yes,No
CUST04763,42.0,Male,3,99.89,4037.33,Month-to-month,No,Mailed check,No,2,Yes,No,Yes
CUST04764,38.0,Female,3,33.66,1460.41,Month-to-month,Fiber optic,Credit card,No,1,Yes,Yes,No
CUST04765,54.0,Male,5,54.76,3914.77,Month-to-month,Fiber optic,Credit card,No,2,No,No,No
CUST04766,55.0,Male,3,116.51,5144.54,Two year,DSL,Electronic check,No,2,Yes,Yes,Yes
CUST04767,66.0,Male,4,68.97,3890.2,One year,No,Electronic check,Yes,1,Yes,Yes,No
CUST04768,18.0,Female,5,31.16,1962.09,Two year,Fiber optic,Bank transfer,No,2,No,No,No
CUST04769,42.0,Male,4,65.86,3584.02,Month-to-month,No,Electronic check,No,2,No,Yes,No
CUST04770,68.0,Female,6,89.7,6910.3,One year,DSL,Electronic check,Yes,2,No,Yes,Yes
CUST04771,53.0,Female,8,119.75,12236.12,One year,No,Credit card,No,2,Yes,No,No
CUST04772,34.0,Male,9,52.39,6172.02,Month-to-month,Fiber optic,Mailed check,No,3,Yes,Yes,No
CUST04773,58.0,Female,6,71.41,5574.81,Two year,DSL,Bank transfer,No,0,No,No,No
CUST04774,41.0,Male,6,107.97,7956.46,One year,No,Electronic check,No,1,No,No,No
CUST04775,19.0,Male,3,55.53,2607.74,Two year,DSL,Credit card,No,5,Yes,Yes,Yes
CUST04776,57.0,Female,0,30.93,216.29,Two year,Fiber optic,Bank transfer,No,0,Yes,Yes,Yes
CUST04777,32.0,Female,7,114.89,10934.02,Month-to-month,No,Bank transfer,No,3,Yes,Yes,No
CUST04778,49.0,Female,3,68.84,2980.49,Month-to-month,DSL,Credit card,No,1,No,Yes,Yes
CUST04779,56.0,Female,0,70.28,124.11,Month-to-month,DSL,Electronic check,No,4,No,No,Yes
CUST04780,23.0,Male,4,82.12,4523.3,One year,Fiber optic,Electronic check,No,3,No,No,No
CUST04781,18.0,Female,7,20.35,1858.63,One year,Fiber optic,Electronic check,No,1,Yes,No,No
CUST04782,64.0,Female,3,113.11,4451.75,One year,No,Electronic check,Yes,4,Yes,Yes,Yes
CUST04783,40.0,Female,7,56.15,5063.68,Month-to-month,Fiber optic,Bank transfer,No,1,No,No,Yes
CUST04784,56.0,Female,7,59.69,5375.31,One year,Fiber optic,Mailed check,No,1,No,No,Yes
CUST04785,34.0,Male,2,37.41,1191.57,Month-to-month,No,Bank transfer,No,2,Yes,No,Yes
CUST04786,51.0,Male,8,57.82,5773.66,Month-to-month,No,Bank transfer,No,4,No,Yes,No
CUST04787,58.0,Female,2,100.39,3152.17,Two year,DSL,Credit card,No,1,Yes,Yes,Yes
CUST04788,46.0,Female,0,100.0,365.05,Month-to-month,DSL,Bank transfer,No,3,Yes,Yes,Yes
CUST04789,26.0,Male,1,113.58,2034.32,Month-to-month,Fiber optic,Electronic check,No,1,Yes,Yes,No
CUST04790,30.0,Male,5,60.32,3760.94,Month-to-month,No,Credit card,No,3,Yes,No,No
CUST04791,23.0,Male,9,90.87,9942.11,Month-to-month,DSL,Credit card,No,1,No,Yes,No
CUST04792,23.0,Male,1,70.72,1168.75,Month-to-month,No,Credit card,No,3,Yes,No,No
CUST04793,,Female,5,100.4,6427.64,One year,No,Credit card,No,6,No,Yes,No
CUST04794,69.0,Female,0,91.25,499.71,One year,DSL,Credit card,Yes,0,No,No,No
CUST04795,20.0,Male,10,56.79,7472.53,Month-to-month,Fiber optic,Electronic check,No,2,Yes,Yes,No
CUST04796,34.0,Male,0,53.67,361.98,Month-to-month,DSL,Mailed check,No,2,No,No,Yes
CUST04797,66.0,Female,4,45.24,2492.04,Month-to-month,Fiber optic,Mailed check,Yes,1,No,No,No
CUST04798,29.0,Female,9,77.65,9268.12,One year,Fiber optic,Credit card,No,1,No,Yes,No
CUST04799,65.0,Male,10,116.38,15261.21,Month-to-month,Fiber optic,Mailed check,Yes,1,No,Yes,No
CUST04800,64.0,Female,8,40.01,4270.08,Month-to-month,Fiber optic,Bank transfer,Yes,5,No,Yes,Yes
CUST04801,62.0,Male,7,29.53,2541.88,Month-to-month,No,Mailed check,Yes,2,Yes,Yes,No
CUST04802,18.0,Female,2,31.94,1021.35,Month-to-month,DSL,Bank transfer,No,1,No,Yes,No
CUST04803,34.0,Female,2,98.31,3331.64,One year,Fiber optic,Electronic check,No,2,Yes,Yes,Yes
CUST04804,20.0,Male,0,55.01,560.62,Month-to-month,No,Credit card,No,4,No,Yes,No
CUST04805,43.0,Female,2,42.44,1330.79,Month-to-month,Fiber optic,Bank transfer,No,1,Yes,Yes,Yes
CUST04806,32.0,Male,10,55.28,6699.52,Month-to-month,Fiber optic,Electronic check,No,4,No,No,Yes
CUST04807,53.0,Female,0,84.53,989.92,Two year,Fiber optic,Electronic check,No,2,No,No,No
CUST04808,49.0,Male,7,74.68,6735.7,One year,No,Credit card,No,0,No,Yes,No
CUST04809,49.0,Male,0,94.36,502.9,Month-to-month,Fiber optic,Mailed check,No,2,Yes,No,No
CUST04810,21.0,Male,4,53.91,2875.8,Month-to-month,Fiber optic,Electronic check,No,2,Yes,No,Yes
CUST04811,35.0,Female,8,65.2,6628.6,Two year,No,Mailed check,No,1,No,Yes,No
CUST04812,66.0,Male,6,30.2,2285.05,Month-to-month,DSL,Mailed check,Yes,3,Yes,Yes,No
CUST04813,36.0,Male,3,27.31,1108.8,Two year,Fiber optic,Mailed check,No,1,Yes,No,No
CUST04814,60.0,Female,10,66.23,8731.69,Month-to-month,Fiber optic,Bank transfer,Yes,1,No,Yes,No
CUST04815,69.0,Female,8,50.16,5068.66,Month-to-month,DSL,Mailed check,Yes,2,Yes,No,No
CUST04816,52.0,Male,8,81.28,8355.09,One year,Fiber optic,Mailed check,No,1,No,Yes,No
CUST04817,57.0,Male,1,24.3,542.65,One year,DSL,Electronic check,No,4,Yes,No,Yes
CUST04818,31.0,Female,9,32.18,3694.32,Two year,No,Credit card,No,3,Yes,Yes,Yes
CUST04819,50.0,Female,9,106.52,11990.85,Two year,No,Bank transfer,No,1,Yes,No,No
CUST04820,31.0,Female,10,76.63,9713.72,Month-to-month,DSL,Mailed check,No,2,Yes,Yes,No
CUST04821,51.0,Male,5,91.21,5678.27,One year,DSL,Credit card,No,3,No,No,Yes
CUST04822,21.0,Female,3,104.2,4004.41,Two year,Fiber optic,Mailed check,No,2,Yes,No,No
CUST04823,41.0,Male,7,66.38,,Month-to-month,Fiber optic,Mailed check,No,3,Yes,Yes,No
CUST04824,46.0,Male,10,96.11,12599.26,Month-to-month,Fiber optic,Electronic check,No,1,No,No,Yes
CUST04825,36.0,Male,6,72.46,5867.99,Month-to-month,DSL,Credit card,No,1,No,No,No
CUST04826,23.0,Female,6,42.27,3120.4,Month-to-month,DSL,Electronic check,No,0,No,Yes,No
CUST04827,50.0,Female,10,53.77,6744.47,Two year,DSL,Electronic check,No,4,No,No,No
CUST04828,66.0,Female,9,69.04,7527.3,Month-to-month,DSL,Mailed check,Yes,2,Yes,No,No
CUST04829,57.0,Male,8,51.69,5304.6,Month-to-month,Fiber optic,Mailed check,No,5,Yes,No,No
CUST04830,36.0,Male,4,53.55,2737.76,Two year,Fiber optic,Mailed check,No,3,Yes,Yes,Yes
CUST04831,18.0,Female,5,53.74,3791.34,Month-to-month,Fiber optic,Credit card,No,2,No,No,Yes
CUST04832,22.0,Female,0,32.28,69.33,One year,Fiber optic,Credit card,No,0,No,Yes,No
CUST04833,44.0,Male,5,,1736.51,Two year,Fiber optic,Credit card,No,3,Yes,No,No
CUST04834,33.0,Male,1,24.65,442.78,Month-to-month,DSL,Credit card,No,2,No,Yes,No
CUST04835,23.0,Male,5,,1950.27,Month-to-month,DSL,Mailed check,No,4,No,No,Yes
CUST04836,57.0,Male,8,54.37,5715.26,Month-to-month,Fiber optic,Mailed check,No,1,Yes,Yes,No
CUST04837,30.0,Female,7,79.39,7551.52,One year,Fiber optic,Electronic check,No,2,Yes,No,Yes
CUST04838,65.0,Male,8,38.81,3782.47,Month-to-month,Fiber optic,Mailed check,Yes,5,No,No,Yes
CUST04839,52.0,Male,9,108.8,12332.63,Month-to-month,Fiber optic,Credit card,No,3,No,Yes,No
CUST04840,36.0,Female,7,100.84,9677.11,Month-to-month,Fiber optic,Bank transfer,No,3,Yes,No,No
CUST04841,29.0,Female,2,72.05,2381.93,One year,DSL,Mailed check,No,5,Yes,No,No
CUST04842,33.0,Female,7,92.42,8824.73,Month-to-month,No,Credit card,No,3,No,No,No
CUST04843,60.0,Female,5,56.63,3556.64,One year,No,Electronic check,Yes,2,Yes,Yes,No
CUST04844,27.0,Male,5,23.68,1502.14,One year,DSL,Mailed check,No,2,Yes,Yes,No
CUST04845,42.0,Male,5,110.43,6924.28,One year,Fiber optic,Bank transfer,No,2,No,No,No
CUST04846,37.0,Male,2,32.78,928.53,Two year,Fiber optic,Credit card,No,1,No,Yes,No
CUST04847,48.0,Male,9,114.79,13426.78,Month-to-month,Fiber optic,Mailed check,No,1,No,No,Yes
CUST04848,21.0,Male,0,77.19,217.24,Month-to-month,No,Credit card,No,1,Yes,Yes,Yes
CUST04849,61.0,Female,3,50.56,2162.28,One year,Fiber optic,Bank transfer,Yes,0,No,Yes,Yes
CUST04850,40.0,Female,9,69.55,7786.91,Month-to-month,Fiber optic,Bank transfer,No,2,No,Yes,No
CUST04851,19.0,Male,5,70.16,4919.7,One year,Fiber optic,Electronic check,No,0,No,No,Yes
CUST04852,39.0,Female,10,22.33,2703.55,Two year,DSL,Bank transfer,No,2,No,No,No
CUST04853,68.0,Male,9,55.55,6191.28,Two year,DSL,Mailed check,Yes,5,No,Yes,Yes
CUST04854,54.0,Male,1,93.99,1847.62,One year,DSL,Bank transfer,No,0,Yes,Yes,No
CUST04855,25.0,Male,6,71.01,5259.27,Two year,DSL,Mailed check,No,3,No,Yes,Yes
CUST04856,24.0,Male,6,44.42,3470.51,Month-to-month,No,Mailed check,No,0,No,Yes,No
CUST04857,31.0,Male,10,53.51,6731.47,Month-to-month,Fiber optic,Credit card,No,1,Yes,No,No
CUST04858,20.0,Female,3,106.31,4930.42,Month-to-month,No,Mailed check,No,2,No,Yes,Yes
CUST04859,67.0,Female,3,72.55,3183.45,Month-to-month,No,Mailed check,Yes,5,Yes,Yes,No
CUST04860,33.0,Male,0,72.84,585.39,Month-to-month,No,Electronic check,No,2,Yes,Yes,Yes
CUST04861,36.0,Male,1,116.15,2726.03,Two year,DSL,Credit card,No,0,No,Yes,No
CUST04862,68.0,Female,8,52.09,5615.61,One year,Fiber optic,Mailed check,Yes,2,No,No,No
CUST04863,35.0,Male,9,67.95,7894.93,One year,DSL,Electronic check,No,3,Yes,No,No
CUST04864,69.0,Male,7,101.17,9180.37,Month-to-month,No,Credit card,Yes,0,No,No,No
CUST04865,33.0,Male,7,95.89,8791.88,Month-to-month,No,Bank transfer,No,0,No,No,No
CUST04866,25.0,Female,8,46.58,4714.22,Two year,DSL,Mailed check,No,4,No,Yes,No
CUST04867,50.0,Male,6,35.11,2944.4,One year,DSL,Bank transfer,No,3,No,No,No
CUST04868,66.0,Male,8,90.07,9435.3,One year,Fiber optic,Credit card,Yes,2,No,No,No
CUST04869,29.0,Female,9,45.77,5135.44,Two year,DSL,Credit card,No,3,Yes,Yes,No
CUST04870,28.0,Male,1,112.27,1530.85,One year,No,Electronic check,No,3,Yes,No,No
CUST04871,22.0,Male,5,32.92,2024.31,One year,No,Mailed check,No,1,Yes,No,No
CUST04872,44.0,Female,2,51.83,1412.58,Month-to-month,Fiber optic,Mailed check,No,1,Yes,No,No
CUST04873,29.0,Female,10,25.48,3148.36,Month-to-month,Fiber optic,Electronic check,No,3,Yes,No,No
CUST04874,34.0,Male,5,90.33,5922.53,One year,Fiber optic,Bank transfer,No,2,Yes,No,No
CUST04875,23.0,Female,2,109.13,2986.16,Month-to-month,DSL,Credit card,No,1,No,No,No
CUST04876,50.0,Male,7,83.59,7685.27,One year,No,Electronic check,No,2,No,Yes,No
CUST04877,22.0,Male,10,113.78,14031.78,Month-to-month,No,Credit card,No,0,Yes,Yes,No
CUST04878,45.0,Female,3,32.85,1283.34,Month-to-month,DSL,Bank transfer,No,0,Yes,Yes,No
CUST04879,31.0,Male,9,28.77,3285.06,Month-to-month,Fiber optic,Bank transfer,No,5,No,Yes,No
CUST04880,22.0,Female,5,103.84,7349.31,Month-to-month,DSL,Bank transfer,No,0,No,No,No
CUST04881,50.0,Female,8,105.55,10782.08,Two year,No,Mailed check,No,1,No,No,No
CUST04882,67.0,Female,1,103.1,1809.65,Month-to-month,DSL,Credit card,Yes,2,Yes,No,No
CUST04883,65.0,Male,1,99.9,1933.97,One year,Fiber optic,Credit card,Yes,2,Yes,No,No
CUST04884,58.0,Female,6,56.22,4263.13,Month-to-month,Fiber optic,Electronic check,No,1,No,No,Yes
CUST04885,36.0,Male,1,41.75,705.07,Month-to-month,No,Credit card,No,4,Yes,Yes,No
CUST04886,39.0,Female,1,112.88,1732.95,Month-to-month,Fiber optic,Mailed check,No,1,Yes,Yes,No
CUST04887,22.0,Female,3,50.7,2194.8,Two year,DSL,Electronic check,No,5,No,Yes,No
CUST04888,19.0,Male,8,59.84,6263.53,Month-to-month,DSL,Bank transfer,No,7,No,No,No
CUST04889,47.0,Male,7,89.96,8313.27,Two year,DSL,Credit card,No,1,No,Yes,No
CUST04890,64.0,Female,1,49.34,779.72,Month-to-month,Fiber optic,Mailed check,Yes,2,Yes,No,Yes
CUST04891,56.0,Male,7,101.91,9536.34,Month-to-month,Fiber optic,Mailed check,No,2,No,Yes,Yes
CUST04892,21.0,Male,3,27.0,1075.02,One year,DSL,Credit card,No,3,Yes,Yes,No
CUST04893,50.0,Female,1,99.12,1452.45,Month-to-month,Fiber optic,Mailed check,No,1,No,No,No
CUST04894,30.0,Female,10,80.19,10011.55,Month-to-month,DSL,Bank transfer,No,2,No,Yes,No
CUST04895,37.0,Male,9,77.3,8933.96,Month-to-month,No,Credit card,No,0,No,No,No
CUST04896,24.0,Female,6,65.84,4909.16,Month-to-month,DSL,Credit card,No,4,No,Yes,Yes
CUST04897,32.0,Female,5,47.7,3249.75,Month-to-month,No,Credit card,No,4,Yes,No,No
CUST04898,40.0,Female,9,66.41,7869.17,Two year,Fiber optic,Electronic check,No,2,No,Yes,No
CUST04899,31.0,Male,4,65.0,3394.6,Month-to-month,Fiber optic,Bank transfer,No,2,No,No,No
CUST04900,40.0,Male,10,78.38,9872.14,Two year,DSL,Mailed check,No,3,No,Yes,No
CUST04901,36.0,Male,0,48.16,169.11,Month-to-month,DSL,Credit card,No,0,Yes,No,Yes
CUST04902,46.0,Female,1,27.76,471.19,Month-to-month,Fiber optic,Credit card,No,0,No,Yes,Yes
CUST04903,37.0,Male,7,34.51,2941.69,Month-to-month,Fiber optic,Mailed check,No,2,Yes,No,No
CUST04904,46.0,Female,0,89.92,1033.31,Month-to-month,DSL,Bank transfer,No,2,No,No,Yes
CUST04905,41.0,Female,2,22.25,658.04,Month-to-month,No,Mailed check,No,0,Yes,Yes,No
CUST04906,35.0,Female,1,105.64,2290.02,Month-to-month,Fiber optic,Mailed check,No,1,Yes,No,No
CUST04907,27.0,Female,4,89.44,4522.9,Two year,DSL,Credit card,No,3,Yes,No,No
CUST04908,58.0,Male,3,96.81,4447.06,One year,Fiber optic,Electronic check,No,3,Yes,No,No
CUST04909,25.0,Female,6,103.6,8543.02,One year,No,Electronic check,No,0,Yes,No,No
CUST04910,43.0,Female,4,32.27,1835.2,Month-to-month,DSL,Electronic check,No,2,Yes,No,Yes
CUST04911,46.0,Male,7,102.25,9707.13,Two year,Fiber optic,Electronic check,No,0,No,Yes,No
CUST04912,27.0,Female,3,70.46,2736.61,Month-to-month,Fiber optic,Electronic check,No,3,Yes,Yes,Yes
CUST04913,34.0,Male,5,108.55,7190.49,Two year,No,Credit card,No,1,Yes,Yes,No
CUST04914,19.0,Male,3,108.66,4761.61,Month-to-month,DSL,Electronic check,No,0,No,No,No
CUST04915,23.0,Male,1,22.42,438.49,Month-to-month,No,Mailed check,No,2,Yes,No,Yes
CUST04916,22.0,Female,0,58.29,610.38,Two year,DSL,Credit card,No,0,Yes,No,No
CUST04917,45.0,Male,0,72.64,244.99,Month-to-month,Fiber optic,Mailed check,No,3,No,No,No
CUST04918,58.0,Female,7,87.84,7636.11,Two year,Fiber optic,Electronic check,No,4,No,No,No
CUST04919,22.0,Male,3,48.62,1934.45,Month-to-month,DSL,Bank transfer,No,0,No,Yes,No
CUST04920,35.0,Male,4,45.21,2658.67,Month-to-month,Fiber optic,Electronic check,No,3,No,No,No
CUST04921,43.0,Male,10,58.13,7635.45,Two year,Fiber optic,Credit card,No,3,Yes,Yes,No
CUST04922,37.0,Male,7,70.09,6396.83,One year,DSL,Mailed check,No,2,Yes,Yes,No
CUST04923,58.0,Female,6,115.11,9037.87,One year,DSL,Bank transfer,No,2,Yes,No,No
CUST04924,66.0,Female,7,96.21,8818.54,Month-to-month,DSL,Bank transfer,Yes,2,No,No,No
CUST04925,44.0,Male,7,62.93,5775.68,Month-to-month,Fiber optic,Bank transfer,No,4,No,Yes,No
CUST04926,66.0,Male,5,25.44,1599.5,Month-to-month,Fiber optic,Mailed check,Yes,3,No,Yes,No
CUST04927,29.0,Male,9,36.85,4294.89,Month-to-month,Fiber optic,Credit card,No,1,No,No,Yes
CUST04928,24.0,Female,1,65.59,1179.04,Two year,DSL,Bank transfer,No,3,Yes,No,No
CUST04929,20.0,Male,5,101.38,6761.15,Month-to-month,Fiber optic,Mailed check,No,2,No,Yes,Yes
CUST04930,27.0,Male,0,58.07,77.44,One year,No,Mailed check,No,6,No,Yes,Yes
CUST04931,51.0,Female,0,73.85,694.94,Two year,DSL,Electronic check,No,2,Yes,Yes,No
CUST04932,42.0,Male,10,109.18,14214.11,Month-to-month,DSL,Mailed check,No,1,No,Yes,No
CUST04933,52.0,Male,2,111.38,3543.4,Two year,Fiber optic,Credit card,No,1,No,Yes,No
CUST04934,33.0,Male,2,41.58,1381.95,Two year,Fiber optic,Credit card,No,3,Yes,No,Yes
CUST04935,19.0,Male,10,24.36,3087.62,Month-to-month,Fiber optic,Bank transfer,No,1,No,No,No
CUST04936,41.0,Female,4,50.54,2820.23,Month-to-month,No,Mailed check,No,2,No,No,No
CUST04937,27.0,Female,0,89.58,478.38,Month-to-month,Fiber optic,Mailed check,No,2,Yes,Yes,No
CUST04938,55.0,Female,9,115.11,13549.67,One year,Fiber optic,Electronic check,No,3,No,No,No
CUST04939,39.0,Male,5,27.7,1832.38,Month-to-month,Fiber optic,Electronic check,No,2,No,No,No
CUST04940,43.0,Male,6,22.85,1839.02,One year,DSL,Mailed check,No,3,Yes,No,No
CUST04941,60.0,Female,9,108.41,12557.75,Month-to-month,Fiber optic,Mailed check,Yes,1,Yes,Yes,Yes
CUST04942,56.0,Male,10,94.81,12204.46,Two year,No,Mailed check,No,2,No,No,No
CUST04943,44.0,Male,2,119.22,4010.25,Two year,No,Electronic check,No,4,Yes,No,No
CUST04944,46.0,Female,3,59.68,2544.75,Two year,Fiber optic,Electronic check,No,0,Yes,Yes,Yes
CUST04945,64.0,Female,9,61.61,7266.51,Month-to-month,DSL,Credit card,Yes,2,No,No,Yes
CUST04946,55.0,Male,10,37.23,4708.47,Month-to-month,DSL,Bank transfer,No,1,No,Yes,No
CUST04947,37.0,Female,9,31.58,3774.54,Month-to-month,DSL,Bank transfer,No,4,No,Yes,No
CUST04948,44.0,Male,9,77.87,9132.55,Month-to-month,No,Bank transfer,No,0,No,Yes,No
CUST04949,58.0,Female,9,56.43,6257.1,Month-to-month,DSL,Bank transfer,No,4,Yes,Yes,No
CUST04950,37.0,Female,9,28.03,3311.06,Two year,Fiber optic,Electronic check,No,3,Yes,Yes,No
CUST04951,61.0,Male,2,108.7,3377.03,Two year,No,Electronic check,Yes,2,No,No,No
CUST04952,36.0,Male,0,39.84,471.27,Month-to-month,DSL,Mailed check,No,0,Yes,No,No
CUST04953,37.0,Female,7,94.86,8813.16,One year,Fiber optic,Credit card,No,2,No,No,No
CUST04954,52.0,Male,9,48.22,5300.74,Month-to-month,DSL,Credit card,No,2,No,No,No
CUST04955,64.0,Male,9,101.29,11480.67,Month-to-month,Fiber optic,Bank transfer,Yes,2,Yes,Yes,Yes
CUST04956,19.0,Male,1,31.84,595.09,Two year,DSL,Mailed check,No,2,No,No,No
CUST04957,47.0,Female,0,95.61,978.01,Two year,Fiber optic,Mailed check,No,2,No,No,No
CUST04958,51.0,Male,7,29.81,2773.01,Month-to-month,Fiber optic,Electronic check,No,0,Yes,Yes,No
CUST04959,39.0,Male,6,64.69,4985.2,Two year,Fiber optic,Mailed check,No,4,No,Yes,No
CUST04960,20.0,Female,6,93.4,7489.54,Two year,Fiber optic,Credit card,No,0,No,Yes,No
CUST04961,23.0,Female,3,37.32,1617.67,Month-to-month,No,Credit card,No,1,Yes,No,No
CUST04962,32.0,Female,10,48.57,5944.32,Month-to-month,DSL,Mailed check,No,0,No,Yes,No
CUST04963,44.0,Female,8,106.48,10603.65,One year,No,Electronic check,No,4,No,Yes,No
CUST04964,27.0,Male,5,108.51,7026.28,Two year,DSL,Credit card,No,3,No,Yes,No
CUST04965,26.0,Male,1,24.49,371.03,Month-to-month,Fiber optic,Electronic check,No,5,No,Yes,Yes
CUST04966,50.0,Female,0,36.81,97.6,Month-to-month,DSL,Electronic check,No,0,No,No,Yes
CUST04967,49.0,Female,0,31.75,52.08,One year,DSL,Credit card,No,1,No,No,No
CUST04968,65.0,Male,8,37.97,4047.76,One year,No,Electronic check,Yes,4,Yes,Yes,No
CUST04969,23.0,Male,3,117.02,4701.67,Month-to-month,DSL,Bank transfer,No,3,No,No,Yes
CUST04970,58.0,Female,4,75.17,3923.39,Month-to-month,DSL,Bank transfer,No,0,No,No,No
CUST04971,53.0,Male,2,66.81,1821.81,Two year,Fiber optic,Bank transfer,No,2,No,Yes,No
CUST04972,19.0,Male,3,118.45,5002.07,One year,DSL,Mailed check,No,2,Yes,Yes,Yes
CUST04973,46.0,Female,7,75.7,6862.71,Two year,No,Credit card,No,3,Yes,No,No
CUST04974,21.0,Female,3,86.11,3383.36,Two year,No,Bank transfer,No,2,No,Yes,No
CUST04975,18.0,Female,8,53.28,5524.83,Two year,DSL,Electronic check,No,2,No,No,Yes
CUST04976,36.0,Female,8,58.21,6109.31,Two year,DSL,Bank transfer,No,1,No,Yes,No
CUST04977,43.0,Male,5,79.44,5172.52,Two year,DSL,Electronic check,No,1,Yes,No,No
CUST04978,42.0,Female,1,26.98,524.49,One year,Fiber optic,Credit card,No,1,Yes,No,No
CUST04979,27.0,Male,9,45.59,5221.21,One year,DSL,Bank transfer,No,2,Yes,No,No
CUST04980,32.0,Male,10,39.68,4886.63,One year,Fiber optic,Credit card,No,0,Yes,No,No
CUST04981,39.0,Male,6,21.59,1749.44,One year,Fiber optic,Bank transfer,No,1,No,Yes,No
CUST04982,68.0,Female,8,73.69,7797.58,Month-to-month,Fiber optic,Electronic check,Yes,5,No,Yes,No
CUST04983,65.0,Male,5,76.11,5185.89,Month-to-month,DSL,Electronic check,Yes,0,No,No,No
CUST04984,38.0,Female,2,58.39,1667.79,Month-to-month,Fiber optic,Mailed check,No,2,Yes,Yes,Yes
CUST04985,39.0,Female,6,46.87,3899.34,Month-to-month,Fiber optic,Mailed check,No,1,Yes,Yes,No
CUST04986,53.0,Female,4,85.21,4602.1,Month-to-month,Fiber optic,Mailed check,No,3,Yes,No,No
CUST04987,51.0,Male,0,33.47,131.36,Two year,DSL,Bank transfer,No,4,No,No,No
CUST04988,47.0,Female,2,71.86,2119.19,Month-to-month,Fiber optic,Credit card,No,0,Yes,No,No
CUST04989,42.0,Female,4,96.81,5480.69,Month-to-month,Fiber optic,Bank transfer,No,2,No,No,No
CUST04990,62.0,Male,6,36.43,2998.38,One year,DSL,Electronic check,Yes,0,Yes,No,Yes
CUST04991,45.0,Female,2,95.33,2757.17,Month-to-month,No,Credit card,No,1,Yes,No,No
CUST04992,18.0,Male,5,96.08,6106.74,Two year,Fiber optic,Electronic check,No,2,No,No,No
CUST04993,66.0,Male,4,25.99,1452.62,Month-to-month,Fiber optic,Mailed check,Yes,2,Yes,Yes,No
CUST04994,62.0,Female,0,21.88,243.6,Month-to-month,No,Electronic check,Yes,2,No,Yes,Yes
CUST04995,21.0,Female,9,117.39,13032.19,Two year,Fiber optic,Bank transfer,No,3,Yes,No,No
CUST04996,24.0,Female,5,39.34,2747.24,One year,Fiber optic,Electronic check,No,2,Yes,Yes,Yes
CUST04997,66.0,Female,7,102.21,9223.7,Two year,Fiber optic,Electronic check,Yes,1,No,No,Yes
CUST04998,26.0,Male,0,76.19,746.25,Month-to-month,Fiber optic,Electronic check,No,2,Yes,No,Yes
CUST04999,53.0,Female,1,46.45,862.16,Month-to-month,DSL,Credit card,No,1,Yes,Yes,No
CUST05000,36.0,Female,3,33.0,1357.97,Month-to-month,DSL,Electronic check,No,3,No,No,No
CUST03407,33.0,Male,4,102.74,5490.42,Two year,DSL,Electronic check,No,1,No,No,No
CUST00758,20.0,Female,1,115.78,2574.96,Month-to-month,No,Mailed check,No,1,Yes,Yes,No
CUST03625,,Female,9,51.74,6196.95,Month-to-month,Fiber optic,Mailed check,Yes,3,No,Yes,No
CUST04545,25.0,Male,6,106.68,8658.9,One year,Fiber optic,Mailed check,No,1,No,No,Yes
CUST03236,39.0,Female,8,93.76,9612.62,Two year,DSL,Credit card,No,2,No,No,No
CUST01869,29.0,Male,8,60.27,5884.26,One year,Fiber optic,Bank transfer,No,2,No,Yes,No
CUST02917,38.0,Female,0,103.3,662.96,Month-to-month,DSL,Electronic check,No,2,No,Yes,Yes
CUST03336,55.0,Female,3,44.33,2007.54,Two year,No,Bank transfer,No,1,Yes,Yes,No
CUST03528,32.0,Female,5,38.43,2739.8,Two year,Fiber optic,Bank transfer,No,4,Yes,No,Yes
CUST02828,55.0,Male,4,70.71,3554.79,One year,DSL,Credit card,No,3,Yes,No,No
CUST04393,24.0,Male,5,84.63,6005.95,Two year,No,Mailed check,No,0,Yes,Yes,No
CUST03485,43.0,Male,10,117.65,15278.8,One year,Fiber optic,Credit card,No,0,Yes,No,Yes
CUST02962,53.0,Female,6,85.98,,Month-to-month,No,Credit card,No,4,Yes,No,Yes
CUST03216,67.0,Male,2,62.74,2202.74,One year,Fiber optic,Bank transfer,Yes,2,No,Yes,No
CUST04302,55.0,Male,9,21.57,2367.15,Month-to-month,No,Bank transfer,No,2,Yes,No,No
CUST00616,49.0,Male,6,32.29,2588.15,One year,DSL,Mailed check,No,3,No,Yes,Yes
CUST00641,36.0,Female,9,71.92,8511.32,Month-to-month,No,Bank transfer,No,5,No,Yes,No
CUST03709,66.0,Male,2,34.41,1200.43,Two year,Fiber optic,Credit card,Yes,1,Yes,No,No
CUST02367,63.0,Male,6,111.09,8967.34,Two year,DSL,Electronic check,Yes,1,No,Yes,No
CUST02756,29.0,Male,8,28.23,3021.45,One year,Fiber optic,Credit card,No,0,Yes,Yes,No
